age,workclass,fnlwgt,education,education-num,marital-status,occupation,relationship,race,sex,capital-gain,capital-loss,hours-per-week,native-country,target
52,Private,131631,11th,7,Separated,Machine-op-inspct,Unmarried,Black,Male,0,0,40,United-States,<=50K
20,Private,157599,Some-college,10,Never-married,Other-service,Not-in-family,White,Female,0,0,25,United-States,<=50K
41,Local-gov,271927,Bachelors,13,Married-civ-spouse,Prof-specialty,Husband,White,Male,0,0,45,United-States,>50K.
29,Private,337953,HS-grad,9,Married-civ-spouse,Sales,Husband,White,Male,0,0,40,United-States,>50K.
41,Private,125461,Some-college,10,Married-civ-spouse,Exec-managerial,Husband,White,Male,0,0,60,United-States,>50K.
51,Private,250423,Bachelors,13,Married-civ-spouse,Exec-managerial,Husband,White,Male,0,0,50,United-States,>50K.
24,Private,216867,10th,6,Never-married,Other-service,Other-relative,White,Male,0,0,30,Mexico,<=50K
41,Self-emp-inc,67671,HS-grad,9,Married-civ-spouse,Exec-managerial,Husband,White,Male,0,0,50,Canada,>50K.
20,Private,39478,Some-college,10,Never-married,Machine-op-inspct,Not-in-family,White,Male,0,0,70,United-States,<=50K
17,Private,345403,10th,6,Never-married,Other-service,Own-child,White,Male,0,0,40,United-States,<=50K
75,Self-emp-inc,126225,HS-grad,9,Married-civ-spouse,Exec-managerial,Husband,White,Male,0,0,40,United-States,>50K.
34,Private,253616,Some-college,10,Married-civ-spouse,Craft-repair,Husband,White,Male,0,0,60,United-States,>50K.
28,Private,300915,Bachelors,13,Married-civ-spouse,Prof-specialty,Husband,White,Male,0,1902,43,United-States,>50K.
28,Local-gov,135567,Bachelors,13,Never-married,Adm-clerical,Not-in-family,Black,Female,4101,0,60,United-States,<=50K
38,Local-gov,94529,HS-grad,9,Married-civ-spouse,Handlers-cleaners,Wife,White,Female,3103,0,50,United-States,>50K.
38,Private,100079,Doctorate,16,Married-spouse-absent,Prof-specialty,Not-in-family,Asian-Pac-Islander,Male,27828,0,60,China,>50K.
42,Self-emp-not-inc,34161,Prof-school,15,Married-civ-spouse,Prof-specialty,Husband,White,Male,0,0,40,United-States,>50K.
39,Local-gov,455399,HS-grad,9,Married-civ-spouse,Protective-serv,Husband,Black,Male,15024,0,40,United-States,>50K.
40,Federal-gov,163215,Bachelors,13,Never-married,Prof-specialty,Not-in-family,White,Female,0,0,40,?,<=50K
45,Private,169180,Some-college,10,Widowed,Other-service,Unmarried,White,Female,0,0,45,United-States,<=50K
48,Local-gov,193960,Masters,14,Married-civ-spouse,Prof-specialty,Husband,White,Male,7688,0,50,United-States,>50K.
59,Self-emp-not-inc,156797,HS-grad,9,Widowed,Exec-managerial,Not-in-family,White,Female,13550,0,60,United-States,>50K.
43,Private,147099,Bachelors,13,Married-civ-spouse,Prof-specialty,Wife,White,Female,0,0,30,United-States,>50K.
28,Private,213081,11th,7,Never-married,Other-service,Not-in-family,Black,Female,0,0,40,Jamaica,<=50K
57,Self-emp-inc,231781,Masters,14,Married-civ-spouse,Exec-managerial,Husband,White,Male,0,0,50,United-States,>50K.
23,Private,197200,Bachelors,13,Never-married,Prof-specialty,Own-child,White,Male,0,0,60,United-States,<=50K
52,Self-emp-not-inc,73134,Bachelors,13,Married-civ-spouse,Sales,Husband,White,Male,0,0,40,United-States,>50K.
35,Federal-gov,316582,HS-grad,9,Married-civ-spouse,Other-service,Wife,White,Female,7298,0,40,United-States,>50K.
47,Private,165517,Masters,14,Married-civ-spouse,Prof-specialty,Wife,White,Female,0,0,40,United-States,>50K.
69,Local-gov,286983,Some-college,10,Married-civ-spouse,Other-service,Husband,White,Male,0,0,40,United-States,<=50K
52,Federal-gov,57855,Prof-school,15,Married-civ-spouse,Prof-specialty,Husband,White,Male,0,0,60,United-States,>50K.
21,Self-emp-not-inc,103277,12th,8,Married-civ-spouse,Adm-clerical,Wife,White,Female,4508,0,30,Portugal,<=50K
59,Self-emp-inc,77816,Prof-school,15,Married-civ-spouse,Prof-specialty,Husband,White,Male,99999,0,40,United-States,>50K.
64,,226878,Masters,14,Married-civ-spouse,,Wife,Black,Female,9386,0,50,Jamaica,>50K.
67,Self-emp-inc,112318,10th,6,Married-civ-spouse,Craft-repair,Husband,White,Male,0,0,40,United-States,<=50K
18,Private,40822,11th,7,Never-married,Handlers-cleaners,Own-child,White,Male,0,0,15,United-States,<=50K
26,Private,152855,HS-grad,9,Never-married,Exec-managerial,Own-child,Other,Female,0,0,40,Mexico,<=50K
39,Self-emp-inc,170174,HS-grad,9,Married-civ-spouse,Exec-managerial,Husband,White,Male,0,0,60,United-States,>50K.
24,Private,116800,Assoc-voc,11,Never-married,Machine-op-inspct,Own-child,White,Male,0,0,35,United-States,<=50K
32,Private,84179,HS-grad,9,Never-married,Handlers-cleaners,Not-in-family,White,Female,0,0,45,United-States,<=50K
40,Private,92717,HS-grad,9,Never-married,Other-service,Unmarried,Black,Female,0,0,40,United-States,<=50K
21,?,170038,Some-college,10,Never-married,?,Own-child,White,Female,0,0,40,United-States,<=50K
48,Private,75104,Bachelors,13,Married-civ-spouse,Prof-specialty,Husband,White,Male,0,0,50,United-States,<=50K
51,Federal-gov,160703,HS-grad,9,Married-civ-spouse,Adm-clerical,Husband,White,Male,0,0,40,United-States,<=50K
33,Private,208855,Prof-school,15,Married-civ-spouse,Prof-specialty,Husband,White,Male,0,0,60,United-States,>50K.
50,Private,135643,HS-grad,9,Married-civ-spouse,Machine-op-inspct,Other-relative,Asian-Pac-Islander,Female,0,0,40,China,<=50K
67,?,159542,5th-6th,3,Widowed,?,Unmarried,Black,Female,0,0,40,United-States,<=50K
56,Private,133876,Bachelors,13,Married-civ-spouse,Prof-specialty,Husband,White,Male,0,0,40,United-States,>50K.
43,Private,249039,Assoc-voc,11,Married-civ-spouse,Prof-specialty,Wife,White,Female,0,0,36,United-States,>50K.
25,,182810,Some-college,10,Never-married,,Not-in-family,White,Female,0,1564,37,United-States,>50K.
50,Self-emp-inc,82578,Bachelors,13,Married-civ-spouse,Exec-managerial,Husband,White,Male,0,0,40,United-States,>50K.
25,Private,202480,Bachelors,13,Married-civ-spouse,Prof-specialty,Husband,White,Male,0,0,40,United-States,>50K.
36,Private,107916,HS-grad,9,Married-civ-spouse,Transport-moving,Husband,White,Male,0,2002,40,United-States,<=50K
32,Private,205152,Bachelors,13,Never-married,Craft-repair,Own-child,White,Male,0,0,40,United-States,<=50K
31,Private,111363,Bachelors,13,Never-married,Exec-managerial,Not-in-family,White,Male,0,0,40,United-States,<=50K
34,Private,119422,Assoc-voc,11,Married-civ-spouse,Machine-op-inspct,Husband,White,Male,0,1672,50,United-States,<=50K
17,Private,218361,10th,6,Never-married,Other-service,Own-child,White,Female,0,1602,12,United-States,<=50K
73,Private,113446,5th-6th,3,Married-civ-spouse,Exec-managerial,Husband,White,Male,0,0,54,United-States,>50K.
39,Self-emp-not-inc,193026,Doctorate,16,Married-civ-spouse,Prof-specialty,Husband,White,Male,0,0,55,United-States,>50K.
33,Self-emp-inc,291333,Bachelors,13,Married-civ-spouse,Exec-managerial,Husband,White,Male,7298,0,45,United-States,>50K.
42,Private,112494,Some-college,10,Married-civ-spouse,Craft-repair,Husband,White,Male,7298,0,35,United-States,>50K.
66,?,108185,9th,5,Married-civ-spouse,?,Husband,Black,Male,0,0,40,United-States,<=50K
51,Private,93690,HS-grad,9,Married-civ-spouse,Exec-managerial,Husband,White,Male,0,0,40,United-States,>50K.
41,Private,356934,Some-college,10,Married-civ-spouse,Tech-support,Husband,White,Male,0,0,45,United-States,>50K.
60,Private,119684,Some-college,10,Married-civ-spouse,Machine-op-inspct,Husband,White,Male,3103,0,40,United-States,>50K.
18,Private,242893,11th,7,Never-married,Craft-repair,Own-child,White,Male,0,0,35,United-States,<=50K
32,Local-gov,226296,Masters,14,Married-civ-spouse,Prof-specialty,Husband,White,Male,0,0,50,United-States,>50K.
56,Self-emp-not-inc,51916,HS-grad,9,Divorced,Exec-managerial,Not-in-family,White,Male,0,0,50,United-States,>50K.
51,Private,270194,9th,5,Married-civ-spouse,Transport-moving,Husband,White,Male,0,0,40,United-States,<=50K
21,?,405684,HS-grad,9,Never-married,?,Other-relative,White,Male,0,0,35,Mexico,<=50K
32,Private,379412,Some-college,10,Never-married,Craft-repair,Own-child,White,Male,0,0,40,United-States,<=50K
56,Private,170148,HS-grad,9,Divorced,Craft-repair,Unmarried,Black,Male,0,0,40,United-States,<=50K
40,?,170649,Some-college,10,Married-civ-spouse,?,Husband,White,Male,0,0,8,United-States,<=50K
30,Private,174543,Assoc-acdm,12,Never-married,Prof-specialty,Own-child,White,Female,0,0,40,United-States,<=50K
35,Private,177449,Bachelors,13,Married-civ-spouse,Sales,Husband,White,Male,0,1887,52,United-States,>50K.
45,Private,191098,Bachelors,13,Married-civ-spouse,Prof-specialty,Husband,Asian-Pac-Islander,Male,0,0,40,China,<=50K
47,State-gov,293917,HS-grad,9,Married-civ-spouse,Adm-clerical,Wife,White,Female,0,0,40,United-States,>50K.
34,Private,173854,Masters,14,Divorced,Exec-managerial,Not-in-family,White,Male,27828,0,60,United-States,>50K.
64,Private,188659,Masters,14,Married-civ-spouse,Exec-managerial,Husband,White,Male,0,0,20,United-States,>50K.
61,Private,229744,5th-6th,3,Married-civ-spouse,Craft-repair,Husband,White,Male,0,0,40,El-Salvador,<=50K
36,Private,64874,Masters,14,Married-civ-spouse,Prof-specialty,Husband,White,Male,0,0,60,United-States,>50K.
43,Self-emp-not-inc,297510,Prof-school,15,Married-civ-spouse,Prof-specialty,Husband,White,Male,0,0,60,United-States,>50K.
40,Private,241895,Some-college,10,Married-civ-spouse,Adm-clerical,Husband,White,Male,0,0,40,United-States,<=50K
39,?,86551,12th,8,Married-civ-spouse,?,Husband,White,Male,0,0,40,United-States,<=50K
38,Private,189922,Assoc-voc,11,Married-civ-spouse,Sales,Husband,White,Male,0,0,50,United-States,>50K.
17,Private,108273,10th,6,Never-married,Sales,Own-child,White,Female,0,0,12,United-States,<=50K
41,Private,222813,Assoc-acdm,12,Married-civ-spouse,Sales,Husband,White,Male,0,0,45,United-States,>50K.
46,Private,178642,HS-grad,9,Married-civ-spouse,Handlers-cleaners,Wife,White,Female,0,0,40,United-States,>50K.
58,Local-gov,215245,Bachelors,13,Never-married,Prof-specialty,Not-in-family,White,Female,0,0,37,United-States,<=50K
49,Private,259087,Some-college,10,Divorced,Craft-repair,Not-in-family,White,Female,0,0,40,United-States,<=50K
45,Federal-gov,391585,Bachelors,13,Married-civ-spouse,Protective-serv,Husband,White,Male,7688,0,50,United-States,>50K.
30,Federal-gov,243233,Some-college,10,Married-civ-spouse,Armed-Forces,Husband,White,Male,0,0,48,United-States,>50K.
28,Private,230856,Some-college,10,Never-married,Prof-specialty,Not-in-family,Black,Female,3325,0,50,United-States,<=50K
19,Federal-gov,255921,Some-college,10,Never-married,Handlers-cleaners,Own-child,White,Male,0,0,20,England,<=50K
34,Private,150154,HS-grad,9,Married-civ-spouse,Craft-repair,Husband,White,Male,0,0,50,United-States,>50K.
37,Private,302903,Some-college,10,Married-civ-spouse,Exec-managerial,Wife,Asian-Pac-Islander,Female,0,0,40,United-States,>50K.
37,Local-gov,216473,HS-grad,9,Married-civ-spouse,Protective-serv,Husband,White,Male,0,0,48,United-States,>50K.
44,Local-gov,208528,Assoc-acdm,12,Married-civ-spouse,Farming-fishing,Husband,White,Male,0,0,30,United-States,<=50K
25,Private,346159,HS-grad,9,Never-married,Craft-repair,Not-in-family,White,Male,0,0,40,United-States,<=50K
44,Private,107433,Some-college,10,Married-civ-spouse,Sales,Husband,White,Male,0,0,55,United-States,>50K.
21,?,138575,HS-grad,9,Never-married,?,Other-relative,White,Male,0,0,60,United-States,<=50K
51,State-gov,22211,HS-grad,9,Divorced,Exec-managerial,Not-in-family,White,Male,0,0,37,United-States,>50K.
50,Private,193720,Bachelors,13,Married-civ-spouse,Sales,Husband,White,Male,7688,0,40,United-States,>50K.
53,Private,89400,Some-college,10,Widowed,Exec-managerial,Unmarried,White,Female,0,0,40,United-States,<=50K
51,Federal-gov,106257,Assoc-acdm,12,Married-civ-spouse,Tech-support,Husband,Black,Male,0,0,40,United-States,<=50K
20,?,293091,HS-grad,9,Never-married,?,Own-child,White,Male,0,0,12,United-States,<=50K
25,Private,250038,Assoc-voc,11,Never-married,Adm-clerical,Not-in-family,White,Male,0,0,40,?,<=50K
42,Private,261929,Bachelors,13,Married-civ-spouse,Sales,Husband,White,Male,0,0,45,United-States,>50K.
64,State-gov,143880,Bachelors,13,Married-civ-spouse,Prof-specialty,Husband,White,Male,0,0,40,United-States,>50K.
68,Private,185537,Some-college,10,Divorced,Sales,Not-in-family,White,Female,0,0,20,United-States,<=50K
55,State-gov,181641,Some-college,10,Divorced,Prof-specialty,Not-in-family,Black,Female,0,0,37,United-States,<=50K
56,Private,359972,Masters,14,Married-civ-spouse,Exec-managerial,Husband,White,Male,0,0,60,England,>50K.
47,Private,155890,Bachelors,13,Married-civ-spouse,Prof-specialty,Husband,White,Male,7688,0,40,United-States,>50K.
20,?,182117,Some-college,10,Never-married,?,Own-child,White,Male,0,0,40,United-States,<=50K
39,Self-emp-inc,128715,HS-grad,9,Married-civ-spouse,Exec-managerial,Husband,White,Male,0,0,45,United-States,>50K.
38,Private,236391,HS-grad,9,Married-civ-spouse,Craft-repair,Husband,White,Male,0,0,45,United-States,>50K.
37,Local-gov,126569,HS-grad,9,Never-married,Craft-repair,Not-in-family,White,Male,0,0,40,United-States,<=50K
47,Private,209146,Masters,14,Divorced,Sales,Not-in-family,White,Male,27828,0,40,United-States,>50K.
52,Private,320877,HS-grad,9,Married-civ-spouse,Machine-op-inspct,Husband,Black,Male,0,0,40,United-States,>50K.
32,Private,103642,Assoc-voc,11,Married-civ-spouse,Exec-managerial,Husband,White,Male,0,0,50,United-States,>50K.
61,Private,72442,HS-grad,9,Married-civ-spouse,Craft-repair,Husband,White,Male,0,0,40,United-States,>50K.
19,?,117444,HS-grad,9,Never-married,?,Own-child,White,Male,0,0,30,United-States,<=50K
40,Local-gov,233891,HS-grad,9,Never-married,Adm-clerical,Unmarried,Black,Female,0,0,35,United-States,<=50K
37,Self-emp-inc,199816,Prof-school,15,Married-civ-spouse,Prof-specialty,Husband,White,Male,0,0,50,United-States,>50K.
43,Private,284403,Assoc-acdm,12,Married-civ-spouse,Sales,Husband,Black,Male,0,0,60,United-States,<=50K
20,Private,369677,10th,6,Separated,Sales,Not-in-family,White,Female,0,0,36,United-States,<=50K
61,Self-emp-not-inc,133969,HS-grad,9,Married-civ-spouse,Sales,Husband,Asian-Pac-Islander,Male,0,0,63,South,<=50K
32,Private,156464,HS-grad,9,Married-civ-spouse,Craft-repair,Husband,White,Male,0,0,40,United-States,<=50K
42,State-gov,39239,Masters,14,Never-married,Prof-specialty,Not-in-family,White,Male,0,0,70,United-States,<=50K
31,Private,260782,Some-college,10,Married-civ-spouse,Transport-moving,Husband,White,Male,0,1579,45,El-Salvador,<=50K
64,Self-emp-inc,142166,Bachelors,13,Divorced,Sales,Not-in-family,White,Male,0,0,45,United-States,<=50K
42,Self-emp-inc,170721,HS-grad,9,Married-civ-spouse,Exec-managerial,Husband,White,Male,5178,0,50,United-States,>50K.
39,Self-emp-not-inc,178948,HS-grad,9,Married-civ-spouse,Farming-fishing,Wife,White,Female,0,0,50,United-States,<=50K
33,State-gov,79440,Masters,14,Never-married,Prof-specialty,Not-in-family,Asian-Pac-Islander,Male,0,0,30,Japan,<=50K
32,Self-emp-inc,204470,Some-college,10,Married-civ-spouse,Sales,Husband,White,Male,0,0,99,United-States,>50K.
42,Private,244668,HS-grad,9,Divorced,Tech-support,Not-in-family,White,Male,8614,0,40,Mexico,>50K.
41,Private,266047,Bachelors,13,Married-civ-spouse,Craft-repair,Husband,White,Male,0,0,40,United-States,>50K.
41,Self-emp-inc,160120,Doctorate,16,Married-civ-spouse,Sales,Husband,Asian-Pac-Islander,Male,0,0,40,Taiwan,>50K.
43,State-gov,185619,Masters,14,Married-civ-spouse,Prof-specialty,Husband,Amer-Indian-Eskimo,Male,0,0,35,United-States,>50K.
38,Self-emp-not-inc,409189,7th-8th,4,Married-civ-spouse,Sales,Husband,White,Male,0,0,40,Mexico,<=50K
39,Private,269323,Assoc-voc,11,Married-civ-spouse,Other-service,Husband,White,Male,0,1485,38,United-States,>50K.
50,Private,175029,Assoc-voc,11,Married-civ-spouse,Prof-specialty,Husband,White,Male,0,0,40,United-States,>50K.
24,Private,291578,HS-grad,9,Married-civ-spouse,Sales,Husband,White,Male,0,0,50,United-States,<=50K
38,Private,115336,HS-grad,9,Divorced,Other-service,Unmarried,White,Female,0,0,70,United-States,<=50K
53,Private,264939,Bachelors,13,Never-married,Prof-specialty,Not-in-family,White,Female,0,0,45,Mexico,<=50K
20,Private,178469,HS-grad,9,Never-married,Other-service,Own-child,Asian-Pac-Islander,Female,0,0,15,?,<=50K
32,Private,87310,Masters,14,Married-civ-spouse,Sales,Husband,White,Male,0,0,60,United-States,>50K.
50,Federal-gov,36489,Some-college,10,Married-civ-spouse,Adm-clerical,Husband,White,Male,0,0,40,United-States,>50K.
42,Private,210534,5th-6th,3,Separated,Adm-clerical,Other-relative,White,Male,0,0,40,El-Salvador,<=50K
26,Private,181666,HS-grad,9,Never-married,Handlers-cleaners,Own-child,White,Female,0,0,40,United-States,<=50K
43,Private,477983,HS-grad,9,Married-civ-spouse,Handlers-cleaners,Husband,Black,Male,0,0,40,United-States,<=50K
41,Self-emp-inc,60414,Bachelors,13,Married-civ-spouse,Exec-managerial,Husband,White,Male,0,0,99,United-States,>50K.
69,Self-emp-not-inc,118174,Assoc-acdm,12,Married-civ-spouse,Sales,Husband,White,Male,20051,0,15,United-States,>50K.
61,Local-gov,248595,1st-4th,2,Married-civ-spouse,Other-service,Husband,White,Male,0,0,40,Mexico,<=50K
53,Private,190319,Bachelors,13,Married-civ-spouse,Sales,Husband,Asian-Pac-Islander,Male,0,1485,40,Thailand,>50K.
38,Private,204640,Some-college,10,Widowed,Adm-clerical,Unmarried,Black,Female,0,0,40,United-States,<=50K
23,Self-emp-not-inc,111296,11th,7,Never-married,Craft-repair,Own-child,White,Male,0,0,50,Mexico,<=50K
75,Self-emp-inc,152519,Doctorate,16,Widowed,Prof-specialty,Not-in-family,White,Male,25124,0,20,United-States,>50K.
19,Private,197714,HS-grad,9,Never-married,Sales,Own-child,White,Female,0,0,35,United-States,<=50K
38,Local-gov,326701,Assoc-acdm,12,Married-civ-spouse,Craft-repair,Husband,Other,Male,0,0,40,United-States,>50K.
32,Private,169955,Some-college,10,Married-civ-spouse,Other-service,Wife,White,Female,0,0,36,Puerto-Rico,<=50K
55,Private,194371,HS-grad,9,Married-civ-spouse,Sales,Wife,White,Female,0,0,40,Canada,>50K.
58,Private,234481,10th,6,Married-civ-spouse,Transport-moving,Husband,White,Male,0,0,40,United-States,<=50K
26,Private,38232,Bachelors,13,Never-married,Prof-specialty,Not-in-family,White,Male,0,0,50,United-States,<=50K
34,Private,173495,HS-grad,9,Divorced,Transport-moving,Not-in-family,White,Male,0,0,40,United-States,<=50K
54,Federal-gov,147629,Masters,14,Married-civ-spouse,Prof-specialty,Husband,White,Male,7298,0,35,United-States,>50K.
53,Self-emp-not-inc,88506,Bachelors,13,Married-civ-spouse,Prof-specialty,Husband,White,Male,0,0,40,United-States,<=50K
28,Private,50814,HS-grad,9,Never-married,Adm-clerical,Not-in-family,White,Female,0,0,40,United-States,<=50K
37,Self-emp-not-inc,98941,Prof-school,15,Married-civ-spouse,Prof-specialty,Husband,White,Male,7688,0,50,United-States,>50K.
49,Self-emp-inc,182211,HS-grad,9,Married-civ-spouse,Sales,Husband,White,Male,0,0,50,United-States,>50K.
18,Private,156764,11th,7,Never-married,Other-service,Own-child,White,Male,0,0,40,United-States,<=50K
51,Private,161691,HS-grad,9,Married-civ-spouse,Adm-clerical,Wife,White,Female,0,0,40,United-States,<=50K
52,Private,145271,Bachelors,13,Married-civ-spouse,Craft-repair,Husband,Asian-Pac-Islander,Male,0,0,40,United-States,<=50K
52,Local-gov,203953,HS-grad,9,Married-civ-spouse,Transport-moving,Husband,White,Male,0,0,40,Puerto-Rico,>50K.
29,Private,176760,Prof-school,15,Never-married,Prof-specialty,Not-in-family,Asian-Pac-Islander,Male,0,0,55,United-States,<=50K
42,Private,113147,Assoc-acdm,12,Married-civ-spouse,Prof-specialty,Husband,Black,Male,0,0,40,United-States,<=50K
54,Private,197189,Bachelors,13,Married-civ-spouse,Transport-moving,Husband,White,Male,0,0,40,United-States,<=50K
35,Private,305379,Bachelors,13,Married-civ-spouse,Exec-managerial,Husband,White,Male,0,1887,50,United-States,>50K.
26,Private,291586,Bachelors,13,Never-married,Transport-moving,Own-child,White,Male,0,0,20,United-States,<=50K
32,Private,196125,HS-grad,9,Married-civ-spouse,Machine-op-inspct,Husband,White,Male,0,0,40,United-States,>50K.
54,Private,32454,HS-grad,9,Married-civ-spouse,Transport-moving,Husband,White,Male,0,0,60,United-States,>50K.
42,Private,179533,HS-grad,9,Married-civ-spouse,Craft-repair,Husband,White,Male,0,0,40,United-States,>50K.
37,Private,103925,HS-grad,9,Widowed,Adm-clerical,Unmarried,White,Female,0,0,68,United-States,<=50K
34,Private,260560,Bachelors,13,Married-civ-spouse,Exec-managerial,Husband,White,Male,0,0,50,United-States,>50K.
35,Private,168817,HS-grad,9,Never-married,Machine-op-inspct,Not-in-family,White,Male,0,0,40,United-States,<=50K
34,Private,198103,HS-grad,9,Never-married,Transport-moving,Own-child,White,Male,0,1980,40,United-States,<=50K
33,Private,159187,Some-college,10,Married-civ-spouse,Machine-op-inspct,Husband,White,Male,0,0,54,United-States,>50K.
21,Private,256240,11th,7,Married-civ-spouse,Machine-op-inspct,Husband,White,Male,0,0,40,United-States,<=50K
44,Self-emp-inc,57233,Some-college,10,Married-civ-spouse,Craft-repair,Husband,White,Male,0,0,40,United-States,>50K.
56,Private,169086,Doctorate,16,Married-civ-spouse,Prof-specialty,Husband,White,Male,0,0,55,,>50K.
53,Federal-gov,36186,Bachelors,13,Married-civ-spouse,Exec-managerial,Husband,White,Male,7298,0,40,United-States,>50K.
46,Self-emp-not-inc,368355,Bachelors,13,Married-civ-spouse,Sales,Husband,White,Male,0,0,60,United-States,>50K.
50,Private,240374,Masters,14,Married-civ-spouse,Exec-managerial,Husband,White,Male,0,0,50,United-States,>50K.
66,Private,386120,11th,7,Married-civ-spouse,Other-service,Husband,White,Male,10605,0,40,United-States,>50K.
71,State-gov,210673,HS-grad,9,Married-civ-spouse,Protective-serv,Husband,White,Male,0,0,28,United-States,<=50K
45,Federal-gov,182470,Some-college,10,Married-civ-spouse,Tech-support,Husband,White,Male,0,0,40,United-States,>50K.
17,?,139183,10th,6,Never-married,?,Own-child,White,Female,0,0,15,United-States,<=50K
37,Private,188774,Bachelors,13,Married-civ-spouse,Adm-clerical,Husband,White,Male,0,0,40,United-States,<=50K
22,Private,309178,HS-grad,9,Never-married,Transport-moving,Own-child,White,Male,0,0,40,United-States,<=50K
33,Self-emp-not-inc,103435,Prof-school,15,Married-civ-spouse,Prof-specialty,Husband,White,Male,7688,0,50,United-States,>50K.
57,Federal-gov,223892,Bachelors,13,Married-civ-spouse,Exec-managerial,Wife,White,Female,0,0,40,United-States,>50K.
54,Private,292673,1st-4th,2,Married-civ-spouse,Other-service,Husband,White,Male,0,0,35,Mexico,<=50K
32,Private,80945,HS-grad,9,Married-civ-spouse,Machine-op-inspct,Husband,White,Male,0,0,40,Nicaragua,>50K.
34,Self-emp-not-inc,203051,HS-grad,9,Married-spouse-absent,Craft-repair,Not-in-family,White,Male,0,0,50,United-States,>50K.
50,Self-emp-not-inc,200618,Masters,14,Married-civ-spouse,Exec-managerial,Husband,White,Male,0,0,60,United-States,>50K.
47,Private,287480,Some-college,10,Married-civ-spouse,Craft-repair,Husband,White,Male,0,0,40,United-States,<=50K
28,Private,118861,10th,6,Married-civ-spouse,Craft-repair,Wife,Other,Female,0,0,48,Guatemala,<=50K
52,Private,122109,HS-grad,9,Never-married,Prof-specialty,Unmarried,White,Female,0,323,40,United-States,<=50K
38,Private,249039,Assoc-acdm,12,Married-civ-spouse,Tech-support,Husband,White,Male,3103,0,40,United-States,>50K.
72,?,177226,HS-grad,9,Married-civ-spouse,?,Husband,White,Male,0,0,8,United-States,<=50K
51,State-gov,71691,Bachelors,13,Divorced,Exec-managerial,Not-in-family,White,Male,0,0,60,United-States,>50K.
61,Private,194804,Preschool,1,Separated,Transport-moving,Not-in-family,Black,Male,14344,0,40,United-States,>50K.
71,,161027,Masters,14,Married-civ-spouse,,Husband,White,Male,0,0,8,United-States,>50K.
43,Private,315971,Assoc-acdm,12,Never-married,Prof-specialty,Not-in-family,White,Female,0,0,32,,>50K.
50,State-gov,139157,Masters,14,Divorced,Prof-specialty,Not-in-family,White,Male,0,0,60,United-States,>50K.
51,Private,173987,HS-grad,9,Married-civ-spouse,Sales,Husband,White,Male,0,0,48,United-States,>50K.
25,Private,298225,Some-college,10,Married-civ-spouse,Transport-moving,Husband,White,Male,0,0,35,United-States,<=50K
24,Private,402778,9th,5,Never-married,Handlers-cleaners,Own-child,White,Male,0,0,12,United-States,<=50K
49,Private,120121,Doctorate,16,Married-civ-spouse,Prof-specialty,Husband,White,Male,7688,0,45,United-States,>50K.
47,Private,33794,HS-grad,9,Married-civ-spouse,Craft-repair,Husband,White,Male,0,0,56,United-States,>50K.
40,Private,374764,Some-college,10,Married-civ-spouse,Exec-managerial,Husband,White,Male,0,0,45,United-States,>50K.
54,Federal-gov,72257,HS-grad,9,Married-civ-spouse,Machine-op-inspct,Husband,White,Male,7688,0,40,United-States,>50K.
53,Private,199720,HS-grad,9,Married-civ-spouse,Sales,Husband,White,Male,0,0,40,United-States,>50K.
27,Federal-gov,190653,Assoc-voc,11,Married-civ-spouse,Armed-Forces,Husband,White,Male,0,0,40,,>50K.
36,Private,239755,Bachelors,13,Married-civ-spouse,Exec-managerial,Husband,White,Male,0,0,50,United-States,>50K.
57,Private,194161,HS-grad,9,Married-civ-spouse,Transport-moving,Husband,White,Male,0,0,42,Italy,>50K.
46,Local-gov,232220,Masters,14,Divorced,Exec-managerial,Not-in-family,White,Male,0,0,50,United-States,>50K.
42,Private,143342,Some-college,10,Divorced,Machine-op-inspct,Not-in-family,White,Female,0,0,40,United-States,<=50K
45,Private,92374,Some-college,10,Never-married,Exec-managerial,Not-in-family,Other,Male,13550,0,60,India,>50K.
47,State-gov,142856,Masters,14,Married-civ-spouse,Prof-specialty,Husband,White,Male,0,0,45,United-States,>50K.
23,Private,199452,Some-college,10,Never-married,Other-service,Own-child,White,Female,0,0,40,United-States,<=50K
31,Private,198953,Some-college,10,Separated,Adm-clerical,Unmarried,Black,Female,0,0,38,United-States,<=50K
33,Private,29144,Bachelors,13,Married-civ-spouse,Exec-managerial,Husband,White,Male,0,0,55,United-States,>50K.
56,Private,227972,Masters,14,Married-civ-spouse,Prof-specialty,Husband,White,Male,15024,0,48,Germany,>50K.
40,Private,202508,Prof-school,15,Married-civ-spouse,Prof-specialty,Husband,White,Male,7688,0,48,,>50K.
33,Private,176711,HS-grad,9,Never-married,Adm-clerical,Not-in-family,White,Male,0,0,40,United-States,<=50K
29,Private,178469,HS-grad,9,Never-married,Sales,Not-in-family,White,Female,0,0,40,United-States,<=50K
46,Private,120080,Bachelors,13,Married-civ-spouse,Adm-clerical,Wife,White,Female,0,0,40,United-States,>50K.
25,Private,209428,Some-college,10,Married-civ-spouse,Sales,Husband,White,Male,0,0,25,El-Salvador,<=50K
46,Private,173461,Some-college,10,Married-civ-spouse,Sales,Wife,White,Female,0,0,40,United-States,>50K.
34,Private,329288,HS-grad,9,Married-civ-spouse,Machine-op-inspct,Husband,White,Male,4386,0,55,United-States,>50K.
46,Federal-gov,195023,Some-college,10,Separated,Adm-clerical,Unmarried,White,Female,0,0,40,United-States,<=50K
45,Self-emp-inc,213897,Masters,14,Married-civ-spouse,Sales,Husband,Asian-Pac-Islander,Male,0,1902,40,Hong,>50K.
24,Self-emp-not-inc,277700,Some-college,10,Separated,Handlers-cleaners,Own-child,White,Male,0,0,45,United-States,<=50K
31,Private,70568,1st-4th,2,Never-married,Other-service,Other-relative,White,Female,0,0,25,El-Salvador,<=50K
52,Private,191130,Prof-school,15,Married-civ-spouse,Prof-specialty,Husband,White,Male,15024,0,40,United-States,>50K.
63,Private,187919,11th,7,Married-civ-spouse,Other-service,Husband,White,Male,0,0,30,United-States,<=50K
53,Self-emp-not-inc,297796,10th,6,Married-civ-spouse,Farming-fishing,Husband,White,Male,0,0,40,United-States,<=50K
65,Private,105586,Some-college,10,Married-civ-spouse,Exec-managerial,Husband,Asian-Pac-Islander,Male,20051,0,40,United-States,>50K.
38,Private,60313,HS-grad,9,Never-married,Craft-repair,Not-in-family,White,Male,0,0,40,United-States,<=50K
37,Self-emp-inc,329980,Bachelors,13,Married-civ-spouse,Sales,Husband,White,Male,15024,0,50,United-States,>50K.
36,Private,76878,HS-grad,9,Married-civ-spouse,Machine-op-inspct,Husband,White,Male,5178,0,40,United-States,>50K.
68,Private,116993,Prof-school,15,Widowed,Prof-specialty,Unmarried,White,Male,0,0,60,United-States,>50K.
38,Self-emp-inc,139364,Bachelors,13,Married-civ-spouse,Craft-repair,Husband,White,Male,15024,0,35,United-States,>50K.
50,Federal-gov,189831,HS-grad,9,Married-civ-spouse,Tech-support,Husband,White,Male,7298,0,50,United-States,>50K.
56,Private,87584,HS-grad,9,Widowed,Other-service,Unmarried,White,Female,0,0,40,United-States,<=50K
24,Private,67804,HS-grad,9,Never-married,Other-service,Own-child,Black,Male,0,0,40,United-States,<=50K
33,Private,226525,HS-grad,9,Divorced,Exec-managerial,Not-in-family,White,Male,0,0,60,United-States,<=50K
28,Private,232653,Bachelors,13,Married-civ-spouse,Exec-managerial,Husband,White,Male,0,0,40,United-States,<=50K
33,Private,196898,Bachelors,13,Never-married,Prof-specialty,Not-in-family,White,Female,0,0,40,United-States,<=50K
50,Federal-gov,193116,HS-grad,9,Married-civ-spouse,Exec-managerial,Husband,White,Male,0,0,40,United-States,>50K.
29,Private,151476,Some-college,10,Separated,Sales,Not-in-family,White,Female,0,0,40,United-States,<=50K
41,Private,175642,Some-college,10,Never-married,Craft-repair,Not-in-family,White,Female,0,0,40,United-States,<=50K
35,Private,54363,Assoc-acdm,12,Married-civ-spouse,Exec-managerial,Husband,White,Male,0,0,50,United-States,>50K.
18,Private,144711,HS-grad,9,Never-married,Sales,Not-in-family,White,Female,0,1721,40,United-States,<=50K
60,Self-emp-not-inc,236470,7th-8th,4,Married-civ-spouse,Farming-fishing,Husband,White,Male,0,0,40,United-States,<=50K
47,Private,193285,HS-grad,9,Married-civ-spouse,Other-service,Wife,Black,Female,5013,0,40,United-States,<=50K
23,Private,377121,Some-college,10,Never-married,Other-service,Unmarried,White,Female,0,0,25,United-States,<=50K
44,Federal-gov,38321,HS-grad,9,Married-civ-spouse,Craft-repair,Husband,White,Male,0,0,40,United-States,>50K.
45,Private,192360,Masters,14,Married-civ-spouse,Exec-managerial,Husband,White,Male,0,1902,50,United-States,>50K.
35,Private,366842,Prof-school,15,Married-civ-spouse,Prof-specialty,Husband,White,Male,0,0,80,,>50K.
68,Private,339168,Bachelors,13,Married-civ-spouse,Transport-moving,Husband,White,Male,0,0,30,United-States,<=50K
36,Private,220696,HS-grad,9,Married-civ-spouse,Machine-op-inspct,Husband,White,Male,0,0,40,United-States,>50K.
39,Private,192251,Some-college,10,Divorced,Craft-repair,Own-child,White,Female,0,0,50,United-States,>50K.
66,Private,313255,Some-college,10,Married-civ-spouse,Sales,Husband,White,Male,0,0,24,United-States,<=50K
43,Private,184105,HS-grad,9,Married-civ-spouse,Handlers-cleaners,Husband,White,Male,0,0,50,United-States,<=50K
53,Private,175029,HS-grad,9,Married-civ-spouse,Exec-managerial,Husband,White,Male,0,0,50,United-States,>50K.
59,Private,95283,1st-4th,2,Married-civ-spouse,Machine-op-inspct,Husband,White,Male,0,0,40,United-States,<=50K
19,Private,145844,Assoc-acdm,12,Never-married,Exec-managerial,Not-in-family,White,Female,0,0,50,United-States,<=50K
28,Private,193158,HS-grad,9,Divorced,Sales,Own-child,White,Female,0,0,40,United-States,<=50K
53,Private,164198,HS-grad,9,Married-civ-spouse,Transport-moving,Husband,Black,Male,0,0,40,United-States,>50K.
50,Local-gov,82783,Masters,14,Married-civ-spouse,Prof-specialty,Husband,White,Male,0,0,45,United-States,>50K.
30,Private,303867,HS-grad,9,Separated,Transport-moving,Not-in-family,White,Male,0,0,44,United-States,<=50K
44,Self-emp-not-inc,255543,5th-6th,3,Married-civ-spouse,Farming-fishing,Husband,White,Male,0,0,84,United-States,>50K.
69,Private,269499,HS-grad,9,Widowed,Handlers-cleaners,Not-in-family,White,Female,0,0,8,United-States,<=50K
46,Private,181970,Some-college,10,Married-civ-spouse,Craft-repair,Husband,White,Male,0,0,40,United-States,>50K.
51,Self-emp-not-inc,329980,Some-college,10,Divorced,Craft-repair,Not-in-family,White,Male,0,0,8,United-States,>50K.
37,Private,334291,Bachelors,13,Never-married,Exec-managerial,Not-in-family,White,Male,0,0,50,United-States,<=50K
43,Self-emp-not-inc,185413,Bachelors,13,Married-civ-spouse,Exec-managerial,Husband,White,Male,0,1977,50,United-States,>50K.
32,,161309,Prof-school,15,Married-civ-spouse,,Wife,White,Female,15024,0,50,United-States,>50K.
41,Private,244945,Some-college,10,Married-civ-spouse,Exec-managerial,Husband,White,Male,0,0,65,United-States,>50K.
59,Private,140363,HS-grad,9,Married-civ-spouse,Craft-repair,Husband,White,Male,0,0,42,United-States,>50K.
67,,110122,HS-grad,9,Married-civ-spouse,,Husband,White,Male,0,0,32,United-States,>50K.
29,Private,234972,Some-college,10,Married-civ-spouse,Sales,Husband,White,Male,0,0,50,United-States,>50K.
25,Private,307643,Assoc-acdm,12,Married-civ-spouse,Craft-repair,Husband,White,Male,3103,0,45,United-States,>50K.
47,Private,247869,Some-college,10,Separated,Transport-moving,Unmarried,White,Male,0,0,50,United-States,>50K.
40,State-gov,67874,Bachelors,13,Married-civ-spouse,Adm-clerical,Husband,White,Male,0,1887,45,United-States,>50K.
46,Self-emp-not-inc,188273,HS-grad,9,Married-civ-spouse,Farming-fishing,Husband,White,Male,15024,0,50,United-States,>50K.
23,Private,442359,HS-grad,9,Never-married,Sales,Own-child,White,Female,8614,0,15,United-States,>50K.
38,Private,164898,HS-grad,9,Never-married,Craft-repair,Not-in-family,White,Male,0,0,40,United-States,<=50K
43,Private,115932,Bachelors,13,Married-civ-spouse,Sales,Husband,White,Male,0,0,40,United-States,>50K.
61,Private,198231,HS-grad,9,Married-civ-spouse,Craft-repair,Husband,White,Male,0,0,40,United-States,>50K.
29,Private,331875,12th,8,Never-married,Handlers-cleaners,Not-in-family,White,Male,0,0,40,Dominican-Republic,<=50K
45,Federal-gov,283037,Bachelors,13,Married-civ-spouse,Exec-managerial,Husband,White,Male,0,0,40,United-States,<=50K
58,Self-emp-inc,274363,Some-college,10,Married-civ-spouse,Sales,Husband,White,Male,0,1977,50,United-States,>50K.
20,Private,212582,Some-college,10,Never-married,Other-service,Own-child,White,Female,0,0,16,United-States,<=50K
24,Private,161198,Bachelors,13,Never-married,Prof-specialty,Not-in-family,White,Male,0,0,25,United-States,<=50K
48,Private,211239,Masters,14,Married-civ-spouse,Exec-managerial,Husband,White,Male,0,2415,60,United-States,>50K.
36,Private,405155,5th-6th,3,Married-civ-spouse,Craft-repair,Husband,White,Male,0,0,40,Mexico,<=50K
64,Self-emp-not-inc,352712,Assoc-voc,11,Married-civ-spouse,Farming-fishing,Husband,White,Male,0,0,55,United-States,<=50K
39,Self-emp-not-inc,36989,Assoc-voc,11,Married-civ-spouse,Transport-moving,Husband,White,Male,0,0,70,United-States,>50K.
45,Private,220641,Some-college,10,Divorced,Exec-managerial,Unmarried,White,Female,0,0,40,United-States,<=50K
53,Federal-gov,411700,HS-grad,9,Married-civ-spouse,Adm-clerical,Husband,White,Male,7298,0,40,United-States,>50K.
31,Private,185528,Some-college,10,Divorced,Sales,Own-child,White,Female,0,0,35,United-States,<=50K
45,Private,160440,HS-grad,9,Married-civ-spouse,Sales,Husband,White,Male,0,0,55,United-States,>50K.
55,Local-gov,30636,HS-grad,9,Married-civ-spouse,Craft-repair,Husband,White,Male,4386,0,40,United-States,>50K.
19,Private,248749,Some-college,10,Never-married,Sales,Own-child,White,Male,0,0,20,United-States,<=50K
31,Self-emp-inc,243165,HS-grad,9,Married-civ-spouse,Sales,Husband,White,Male,0,0,50,United-States,>50K.
29,Private,199116,HS-grad,9,Married-civ-spouse,Machine-op-inspct,Husband,White,Male,0,0,40,Puerto-Rico,<=50K
51,Private,150999,Some-college,10,Married-civ-spouse,Craft-repair,Husband,White,Male,7298,0,40,United-States,>50K.
39,Private,172571,Masters,14,Married-civ-spouse,Exec-managerial,Husband,White,Male,0,0,45,United-States,>50K.
38,Private,152307,Some-college,10,Married-civ-spouse,Exec-managerial,Husband,White,Male,0,0,30,United-States,>50K.
49,Private,186706,HS-grad,9,Married-civ-spouse,Craft-repair,Wife,White,Female,7688,0,40,United-States,>50K.
40,Private,144995,Assoc-voc,11,Married-civ-spouse,Tech-support,Husband,White,Male,4386,0,40,United-States,<=50K
73,Private,192740,Bachelors,13,Married-civ-spouse,Prof-specialty,Husband,White,Male,0,0,30,United-States,<=50K
23,Private,195767,HS-grad,9,Never-married,Craft-repair,Not-in-family,White,Male,0,0,40,United-States,<=50K
24,Federal-gov,287988,Bachelors,13,Never-married,Armed-Forces,Not-in-family,White,Male,0,0,40,United-States,<=50K
53,Private,158352,5th-6th,3,Married-civ-spouse,Other-service,Other-relative,White,Female,0,0,24,Italy,<=50K
41,Self-emp-not-inc,49448,HS-grad,9,Married-civ-spouse,Craft-repair,Husband,White,Male,99999,0,40,United-States,>50K.
42,Local-gov,189956,Bachelors,13,Divorced,Prof-specialty,Unmarried,Black,Female,0,0,30,United-States,<=50K
30,Self-emp-inc,292465,Bachelors,13,Never-married,Exec-managerial,Not-in-family,White,Male,0,0,40,United-States,<=50K
40,?,397346,Assoc-acdm,12,Divorced,?,Not-in-family,White,Male,0,0,40,United-States,<=50K
36,Private,207824,Bachelors,13,Married-civ-spouse,Prof-specialty,Husband,White,Male,7298,0,40,United-States,>50K.
18,Private,184277,HS-grad,9,Never-married,Sales,Own-child,White,Female,0,0,25,United-States,<=50K
47,Private,139268,Bachelors,13,Never-married,Tech-support,Not-in-family,White,Male,27828,0,38,United-States,>50K.
30,Private,156890,HS-grad,9,Married-civ-spouse,Machine-op-inspct,Husband,White,Male,0,0,45,United-States,<=50K
42,Private,111483,Masters,14,Never-married,Prof-specialty,Not-in-family,White,Male,0,0,48,United-States,>50K.
43,Private,170721,Some-college,10,Married-civ-spouse,Craft-repair,Husband,White,Male,0,0,40,United-States,>50K.
43,Self-emp-inc,215458,Doctorate,16,Never-married,Prof-specialty,Not-in-family,White,Male,99999,0,45,United-States,>50K.
57,Self-emp-inc,199067,7th-8th,4,Married-civ-spouse,Exec-managerial,Husband,White,Male,0,0,90,Greece,>50K.
37,Local-gov,125550,Bachelors,13,Married-civ-spouse,Prof-specialty,Wife,White,Female,7688,0,40,United-States,>50K.
28,Private,138269,HS-grad,9,Never-married,Craft-repair,Not-in-family,White,Male,0,0,40,United-States,<=50K
24,State-gov,289909,Some-college,10,Married-civ-spouse,Prof-specialty,Husband,White,Male,0,0,40,United-States,<=50K
43,Private,48193,Assoc-acdm,12,Married-civ-spouse,Tech-support,Husband,White,Male,0,0,40,United-States,<=50K
33,Private,202046,Bachelors,13,Married-civ-spouse,Exec-managerial,Husband,White,Male,0,0,45,United-States,>50K.
36,Federal-gov,327435,Masters,14,Divorced,Tech-support,Not-in-family,White,Female,0,0,40,United-States,>50K.
43,Self-emp-inc,147206,Assoc-acdm,12,Never-married,Exec-managerial,Not-in-family,White,Male,27828,0,45,United-States,>50K.
67,Self-emp-not-inc,176388,Some-college,10,Never-married,Prof-specialty,Not-in-family,White,Female,0,0,50,United-States,>50K.
46,Self-emp-inc,200949,Bachelors,13,Widowed,Exec-managerial,Not-in-family,White,Female,0,0,50,?,<=50K
45,Private,306122,Bachelors,13,Never-married,Other-service,Not-in-family,Black,Female,0,0,44,United-States,>50K.
44,Private,211351,Some-college,10,Married-civ-spouse,Sales,Wife,White,Female,4386,0,40,United-States,>50K.
47,Local-gov,219632,Assoc-acdm,12,Separated,Exec-managerial,Not-in-family,White,Male,0,1408,40,United-States,<=50K
60,Private,216574,Bachelors,13,Divorced,Exec-managerial,Not-in-family,White,Female,0,0,40,United-States,>50K.
30,Private,161572,HS-grad,9,Married-civ-spouse,Other-service,Wife,White,Female,0,0,45,United-States,<=50K
22,Private,133833,Some-college,10,Never-married,Adm-clerical,Own-child,White,Female,0,0,40,United-States,<=50K
35,Private,310290,HS-grad,9,Married-civ-spouse,Transport-moving,Wife,Black,Female,0,0,40,United-States,<=50K
25,Private,350850,7th-8th,4,Married-civ-spouse,Farming-fishing,Husband,White,Male,0,0,50,United-States,>50K.
33,Private,159548,Some-college,10,Divorced,Adm-clerical,Unmarried,Black,Female,0,0,38,United-States,<=50K
32,Local-gov,43959,Bachelors,13,Married-civ-spouse,Prof-specialty,Husband,White,Male,0,0,40,United-States,>50K.
36,Private,416745,Bachelors,13,Married-civ-spouse,Prof-specialty,Husband,White,Male,0,0,40,United-States,<=50K
50,Private,104280,Some-college,10,Married-civ-spouse,Other-service,Husband,White,Male,0,0,40,United-States,>50K.
27,Private,98769,Assoc-voc,11,Never-married,Craft-repair,Unmarried,White,Male,0,0,40,United-States,>50K.
22,Private,450920,Assoc-acdm,12,Never-married,Adm-clerical,Not-in-family,Black,Female,0,0,40,United-States,<=50K
61,Self-emp-not-inc,184009,Bachelors,13,Never-married,Exec-managerial,Not-in-family,White,Female,0,2444,50,United-States,>50K.
53,Self-emp-inc,200400,Doctorate,16,Divorced,Exec-managerial,Not-in-family,White,Male,0,0,60,United-States,>50K.
21,?,107801,Some-college,10,Never-married,?,Own-child,White,Female,0,0,6,United-States,<=50K
20,Private,221955,5th-6th,3,Married-spouse-absent,Farming-fishing,Other-relative,White,Male,0,0,40,Mexico,<=50K
60,Self-emp-inc,96660,HS-grad,9,Married-civ-spouse,Adm-clerical,Wife,White,Female,0,0,8,United-States,>50K.
21,?,355686,HS-grad,9,Never-married,?,Own-child,White,Female,0,0,10,United-States,<=50K
47,Private,152073,HS-grad,9,Divorced,Machine-op-inspct,Unmarried,White,Female,0,0,40,United-States,<=50K
53,Private,177063,Some-college,10,Married-civ-spouse,Sales,Husband,White,Male,0,0,45,United-States,>50K.
50,Private,195844,Doctorate,16,Never-married,Exec-managerial,Not-in-family,White,Male,13550,0,50,United-States,>50K.
36,Private,224566,Bachelors,13,Never-married,Prof-specialty,Not-in-family,White,Male,99999,0,45,United-States,>50K.
47,Private,132912,Some-college,10,Married-civ-spouse,Exec-managerial,Husband,White,Male,0,0,55,United-States,>50K.
42,Private,403187,HS-grad,9,Divorced,Handlers-cleaners,Unmarried,Black,Female,0,0,40,United-States,<=50K
29,Private,39257,HS-grad,9,Married-civ-spouse,Transport-moving,Husband,White,Male,0,0,40,United-States,>50K.
34,Private,87218,Bachelors,13,Married-civ-spouse,Prof-specialty,Husband,White,Male,0,0,45,United-States,>50K.
20,Private,137618,Some-college,10,Never-married,Transport-moving,Own-child,White,Male,0,0,35,United-States,<=50K
35,Private,33975,Assoc-acdm,12,Married-civ-spouse,Craft-repair,Husband,White,Male,0,0,40,United-States,<=50K
52,Self-emp-not-inc,103794,Assoc-voc,11,Divorced,Prof-specialty,Not-in-family,White,Female,0,0,35,United-States,<=50K
33,Private,213179,Some-college,10,Married-civ-spouse,Machine-op-inspct,Husband,White,Male,0,0,40,United-States,>50K.
31,Private,160594,Assoc-acdm,12,Never-married,Prof-specialty,Own-child,White,Male,0,0,3,United-States,<=50K
28,Private,392100,HS-grad,9,Married-civ-spouse,Craft-repair,Own-child,White,Male,0,0,40,United-States,<=50K
34,Federal-gov,223267,Some-college,10,Divorced,Protective-serv,Own-child,White,Male,0,0,72,United-States,<=50K
35,Private,211494,Bachelors,13,Never-married,Prof-specialty,Not-in-family,White,Male,8614,0,40,,>50K.
37,Private,184456,Bachelors,13,Married-civ-spouse,Sales,Husband,White,Male,0,0,40,United-States,>50K.
28,Self-emp-not-inc,149141,Some-college,10,Married-civ-spouse,Craft-repair,Husband,White,Male,0,0,45,United-States,>50K.
19,Private,172893,Some-college,10,Never-married,Exec-managerial,Own-child,White,Female,0,0,30,United-States,<=50K
46,Federal-gov,325573,HS-grad,9,Never-married,Handlers-cleaners,Not-in-family,White,Male,0,0,40,United-States,<=50K
51,Private,155574,HS-grad,9,Married-civ-spouse,Craft-repair,Husband,White,Male,0,0,40,United-States,>50K.
55,Private,200939,HS-grad,9,Married-civ-spouse,Craft-repair,Husband,White,Male,0,0,48,United-States,>50K.
56,Self-emp-not-inc,177368,Some-college,10,Married-civ-spouse,Protective-serv,Husband,White,Male,0,0,50,United-States,>50K.
63,?,146196,Bachelors,13,Married-civ-spouse,?,Husband,White,Male,0,0,40,United-States,<=50K
34,Private,100593,Some-college,10,Divorced,Prof-specialty,Unmarried,White,Female,0,0,6,United-States,<=50K
29,Private,237865,Masters,14,Never-married,Transport-moving,Own-child,Black,Male,0,0,40,United-States,<=50K
70,Private,291998,Some-college,10,Married-civ-spouse,Sales,Husband,White,Male,20051,0,65,United-States,>50K.
58,State-gov,299680,Masters,14,Married-civ-spouse,Adm-clerical,Husband,White,Male,15024,0,43,United-States,>50K.
28,Private,201861,Some-college,10,Married-civ-spouse,Machine-op-inspct,Husband,White,Male,0,0,45,United-States,<=50K
45,State-gov,74305,Masters,14,Married-civ-spouse,Prof-specialty,Husband,White,Male,0,0,35,United-States,>50K.
58,Private,31532,Bachelors,13,Married-civ-spouse,Prof-specialty,Husband,White,Male,0,0,40,United-States,>50K.
56,Private,244580,HS-grad,9,Married-civ-spouse,Transport-moving,Husband,White,Male,0,0,40,United-States,>50K.
24,State-gov,123160,Masters,14,Married-spouse-absent,Prof-specialty,Not-in-family,Asian-Pac-Islander,Female,0,0,10,China,<=50K
58,Local-gov,100054,Masters,14,Married-civ-spouse,Prof-specialty,Husband,White,Male,0,0,40,United-States,>50K.
51,Self-emp-inc,114674,Some-college,10,Married-civ-spouse,Exec-managerial,Husband,White,Male,0,0,55,United-States,>50K.
31,Private,147215,12th,8,Divorced,Other-service,Unmarried,White,Female,0,0,21,United-States,<=50K
41,State-gov,355756,Some-college,10,Never-married,Prof-specialty,Not-in-family,White,Male,0,0,40,United-States,<=50K
30,State-gov,23037,Some-college,10,Never-married,Other-service,Own-child,Amer-Indian-Eskimo,Male,0,0,84,United-States,<=50K
37,Private,100316,Bachelors,13,Married-civ-spouse,Exec-managerial,Husband,White,Male,0,0,50,United-States,>50K.
41,Private,40151,HS-grad,9,Married-civ-spouse,Craft-repair,Husband,White,Male,0,0,40,United-States,>50K.
71,Private,132057,Bachelors,13,Married-civ-spouse,Prof-specialty,Husband,Black,Male,9386,0,50,United-States,>50K.
19,Private,121788,Some-college,10,Never-married,Sales,Not-in-family,White,Female,0,0,30,United-States,<=50K
43,Private,437318,Some-college,10,Married-civ-spouse,Transport-moving,Husband,White,Male,0,0,40,United-States,>50K.
51,Local-gov,194970,HS-grad,9,Married-civ-spouse,Exec-managerial,Husband,White,Male,0,0,40,United-States,>50K.
32,State-gov,542265,HS-grad,9,Never-married,Adm-clerical,Not-in-family,White,Female,0,0,40,United-States,<=50K
54,Private,111130,Some-college,10,Married-civ-spouse,Prof-specialty,Husband,Asian-Pac-Islander,Male,0,0,50,United-States,>50K.
52,Private,240612,HS-grad,9,Married-civ-spouse,Prof-specialty,Wife,White,Female,0,0,40,Peru,>50K.
21,Private,538822,HS-grad,9,Never-married,Other-service,Other-relative,White,Male,0,0,40,Mexico,<=50K
41,Private,31221,HS-grad,9,Divorced,Other-service,Unmarried,White,Female,0,0,30,United-States,<=50K
65,Private,282779,Masters,14,Married-civ-spouse,Adm-clerical,Other-relative,White,Female,0,0,40,United-States,>50K.
35,Private,23892,HS-grad,9,Married-civ-spouse,Exec-managerial,Wife,White,Female,0,0,40,United-States,>50K.
38,Local-gov,414791,HS-grad,9,Married-civ-spouse,Transport-moving,Husband,White,Male,0,0,40,United-States,>50K.
35,Private,187693,HS-grad,9,Never-married,Machine-op-inspct,Own-child,White,Male,0,0,40,United-States,<=50K
40,Self-emp-not-inc,167678,Bachelors,13,Married-civ-spouse,Craft-repair,Husband,White,Male,0,0,40,Dominican-Republic,>50K.
40,Self-emp-inc,140915,Bachelors,13,Married-civ-spouse,Tech-support,Husband,Other,Male,0,0,40,France,>50K.
43,Private,107503,Bachelors,13,Married-civ-spouse,Prof-specialty,Husband,White,Male,0,0,48,United-States,>50K.
36,Private,102729,HS-grad,9,Married-civ-spouse,Handlers-cleaners,Husband,White,Male,0,0,45,United-States,>50K.
64,?,64101,12th,8,Married-civ-spouse,?,Husband,White,Male,0,0,24,United-States,<=50K
67,?,39100,HS-grad,9,Married-civ-spouse,?,Wife,White,Female,0,0,5,United-States,<=50K
45,State-gov,127089,Masters,14,Divorced,Exec-managerial,Not-in-family,White,Male,0,0,45,United-States,<=50K
25,Local-gov,203408,Some-college,10,Married-civ-spouse,Other-service,Husband,White,Male,0,0,40,United-States,<=50K
33,Private,174215,Bachelors,13,Never-married,Exec-managerial,Not-in-family,White,Female,0,0,55,United-States,>50K.
67,Private,192670,HS-grad,9,Divorced,Sales,Not-in-family,White,Female,0,0,20,United-States,<=50K
45,Self-emp-not-inc,244194,Assoc-acdm,12,Married-civ-spouse,Sales,Husband,White,Male,5178,0,40,United-States,>50K.
41,Private,336643,Some-college,10,Divorced,Exec-managerial,Not-in-family,White,Female,0,0,80,United-States,<=50K
47,Private,34248,HS-grad,9,Married-civ-spouse,Adm-clerical,Husband,White,Male,0,0,38,United-States,<=50K
73,Self-emp-not-inc,143833,12th,8,Married-civ-spouse,Farming-fishing,Husband,White,Male,0,0,18,United-States,<=50K
50,Private,99476,Masters,14,Divorced,Prof-specialty,Not-in-family,White,Female,0,0,35,United-States,<=50K
54,Federal-gov,201127,Masters,14,Divorced,Exec-managerial,Not-in-family,White,Male,0,0,42,United-States,>50K.
20,Private,262749,Some-college,10,Never-married,Machine-op-inspct,Own-child,White,Male,0,0,40,United-States,<=50K
23,Private,45317,Some-college,10,Separated,Sales,Own-child,White,Female,0,0,40,United-States,<=50K
56,State-gov,274111,Masters,14,Divorced,Prof-specialty,Not-in-family,White,Male,0,1669,40,United-States,<=50K
41,Private,197344,HS-grad,9,Never-married,Craft-repair,Not-in-family,White,Male,0,0,54,United-States,<=50K
35,Private,174597,Bachelors,13,Married-civ-spouse,Craft-repair,Husband,White,Male,0,0,40,United-States,<=50K
56,Private,176079,HS-grad,9,Married-civ-spouse,Adm-clerical,Wife,White,Female,15024,0,24,United-States,>50K.
43,State-gov,60949,HS-grad,9,Married-civ-spouse,Craft-repair,Husband,White,Male,0,0,40,United-States,<=50K
56,Private,292710,HS-grad,9,Married-civ-spouse,Sales,Husband,White,Male,0,0,40,United-States,>50K.
57,Private,104724,HS-grad,9,Married-civ-spouse,Transport-moving,Husband,White,Male,0,0,40,United-States,>50K.
32,Private,268147,Assoc-voc,11,Never-married,Tech-support,Unmarried,White,Female,0,0,60,United-States,<=50K
30,Private,149726,Bachelors,13,Married-civ-spouse,Tech-support,Husband,White,Male,7688,0,40,United-States,>50K.
59,Private,47444,Some-college,10,Married-civ-spouse,Transport-moving,Husband,White,Male,0,0,74,United-States,>50K.
37,Private,179731,HS-grad,9,Never-married,Other-service,Unmarried,White,Female,0,0,35,United-States,<=50K
44,State-gov,342510,Doctorate,16,Married-civ-spouse,Prof-specialty,Wife,White,Female,7688,0,40,United-States,>50K.
43,Private,182521,Prof-school,15,Divorced,Prof-specialty,Unmarried,White,Female,15020,0,35,United-States,>50K.
20,Private,170091,Some-college,10,Never-married,Other-service,Own-child,White,Female,0,0,35,United-States,<=50K
30,Private,54929,HS-grad,9,Married-civ-spouse,Sales,Husband,White,Male,0,0,55,United-States,<=50K
28,Private,216178,Bachelors,13,Married-civ-spouse,Exec-managerial,Husband,White,Male,0,0,50,United-States,>50K.
68,Self-emp-inc,260198,Bachelors,13,Married-civ-spouse,Sales,Husband,White,Male,0,0,40,United-States,>50K.
52,Private,178596,Masters,14,Married-civ-spouse,Craft-repair,Husband,White,Male,0,0,45,United-States,>50K.
28,Private,791084,Some-college,10,Never-married,Craft-repair,Own-child,White,Male,0,0,50,United-States,<=50K
27,Private,428030,Bachelors,13,Never-married,Craft-repair,Not-in-family,White,Male,0,0,50,United-States,<=50K
32,State-gov,247481,Assoc-acdm,12,Married-civ-spouse,Prof-specialty,Husband,White,Male,0,0,48,United-States,>50K.
46,State-gov,54260,Bachelors,13,Married-civ-spouse,Prof-specialty,Husband,White,Male,0,0,10,United-States,>50K.
54,Local-gov,256923,Some-college,10,Married-civ-spouse,Exec-managerial,Wife,White,Female,0,0,40,United-States,>50K.
26,Private,153434,HS-grad,9,Never-married,Other-service,Own-child,White,Male,0,0,24,United-States,<=50K
19,?,109938,11th,7,Married-civ-spouse,?,Wife,Asian-Pac-Islander,Female,0,0,40,Laos,<=50K
49,Private,380922,Masters,14,Married-civ-spouse,Exec-managerial,Husband,White,Male,15024,0,80,United-States,>50K.
28,Local-gov,34452,Prof-school,15,Married-civ-spouse,Prof-specialty,Husband,White,Male,0,0,40,United-States,<=50K
34,Self-emp-not-inc,120672,7th-8th,4,Never-married,Handlers-cleaners,Unmarried,Black,Male,0,0,10,United-States,<=50K
37,Private,422933,Masters,14,Never-married,Exec-managerial,Own-child,White,Male,0,0,40,United-States,>50K.
23,?,296613,Some-college,10,Never-married,?,Own-child,White,Female,0,0,32,United-States,<=50K
36,Self-emp-not-inc,118429,HS-grad,9,Married-civ-spouse,Exec-managerial,Husband,White,Male,0,0,50,United-States,<=50K
29,Federal-gov,208534,Prof-school,15,Married-civ-spouse,Prof-specialty,Husband,White,Male,0,0,80,United-States,<=50K
31,Private,339482,1st-4th,2,Married-civ-spouse,Machine-op-inspct,Husband,White,Male,0,0,40,Mexico,<=50K
46,Private,224559,HS-grad,9,Married-civ-spouse,Transport-moving,Husband,Black,Male,0,0,40,United-States,>50K.
42,Private,29702,HS-grad,9,Married-civ-spouse,Craft-repair,Husband,White,Male,0,0,42,United-States,>50K.
39,Private,187693,Assoc-voc,11,Married-civ-spouse,Exec-managerial,Husband,White,Male,0,0,45,United-States,>50K.
68,Self-emp-inc,119938,Bachelors,13,Married-civ-spouse,Exec-managerial,Husband,White,Male,0,0,40,United-States,>50K.
34,State-gov,156292,HS-grad,9,Never-married,Handlers-cleaners,Not-in-family,Black,Male,0,0,40,United-States,<=50K
49,Private,144514,HS-grad,9,Married-civ-spouse,Sales,Husband,White,Male,0,1887,45,United-States,>50K.
21,Private,162228,Some-college,10,Never-married,Adm-clerical,Own-child,White,Male,0,0,40,United-States,<=50K
39,Self-emp-not-inc,103110,Bachelors,13,Married-civ-spouse,Prof-specialty,Husband,White,Male,0,0,50,United-States,<=50K
69,State-gov,170458,HS-grad,9,Married-civ-spouse,Other-service,Husband,White,Male,0,0,20,United-States,<=50K
48,Private,135525,Assoc-acdm,12,Divorced,Adm-clerical,Not-in-family,White,Female,0,0,40,United-States,<=50K
61,Private,362068,Assoc-acdm,12,Married-civ-spouse,Exec-managerial,Husband,White,Male,0,0,50,United-States,>50K.
42,Private,136177,Some-college,10,Divorced,Adm-clerical,Unmarried,White,Female,0,0,38,United-States,<=50K
35,Private,150309,Some-college,10,Married-civ-spouse,Transport-moving,Husband,Amer-Indian-Eskimo,Male,0,1887,40,United-States,>50K.
38,Private,165930,HS-grad,9,Married-civ-spouse,Craft-repair,Husband,White,Male,0,0,40,United-States,<=50K
36,Private,241306,Some-college,10,Married-civ-spouse,Craft-repair,Husband,White,Male,0,0,40,United-States,>50K.
44,Private,91674,Masters,14,Married-civ-spouse,Exec-managerial,Husband,White,Male,0,0,50,United-States,>50K.
27,Private,163942,HS-grad,9,Never-married,Craft-repair,Not-in-family,White,Male,0,0,35,Ireland,<=50K
28,Private,360527,Some-college,10,Never-married,Sales,Not-in-family,White,Male,0,0,45,United-States,<=50K
44,Private,378251,HS-grad,9,Married-civ-spouse,Adm-clerical,Wife,White,Female,0,0,38,United-States,<=50K
65,?,106910,11th,7,Divorced,?,Not-in-family,Asian-Pac-Islander,Female,0,0,15,United-States,<=50K
51,Private,183611,Assoc-acdm,12,Divorced,Exec-managerial,Unmarried,White,Male,0,0,55,Germany,<=50K
75,Self-emp-inc,125197,HS-grad,9,Married-civ-spouse,Adm-clerical,Husband,White,Male,0,0,26,United-States,<=50K
48,Private,163706,Bachelors,13,Married-civ-spouse,Exec-managerial,Husband,White,Male,15024,0,70,United-States,>50K.
56,Private,111218,HS-grad,9,Married-civ-spouse,Transport-moving,Husband,White,Male,0,0,60,United-States,<=50K
35,Private,216256,Assoc-voc,11,Never-married,Other-service,Not-in-family,White,Male,0,0,60,United-States,<=50K
19,Private,142738,Some-college,10,Never-married,Prof-specialty,Own-child,White,Female,14084,0,20,United-States,>50K.
43,Self-emp-inc,27444,Bachelors,13,Married-civ-spouse,Sales,Husband,White,Male,99999,0,40,United-States,>50K.
30,Private,154120,Bachelors,13,Married-civ-spouse,Exec-managerial,Husband,White,Male,0,1977,60,United-States,>50K.
66,?,376028,HS-grad,9,Married-civ-spouse,?,Wife,White,Female,0,0,20,United-States,<=50K
60,Private,170310,5th-6th,3,Married-civ-spouse,Transport-moving,Husband,White,Male,0,0,40,United-States,<=50K
34,Private,181311,11th,7,Married-civ-spouse,Machine-op-inspct,Husband,White,Male,0,0,40,United-States,<=50K
65,Self-emp-not-inc,169435,Masters,14,Married-civ-spouse,Prof-specialty,Husband,White,Male,0,0,39,United-States,>50K.
30,Private,53206,Bachelors,13,Married-civ-spouse,Prof-specialty,Husband,White,Male,0,0,47,United-States,>50K.
47,Private,348886,HS-grad,9,Married-civ-spouse,Craft-repair,Husband,White,Male,0,0,40,United-States,>50K.
32,Private,224462,HS-grad,9,Married-civ-spouse,Transport-moving,Husband,White,Male,0,0,84,United-States,>50K.
21,Private,285457,Some-college,10,Never-married,Transport-moving,Own-child,White,Male,0,0,50,United-States,<=50K
54,Private,236157,HS-grad,9,Married-civ-spouse,Prof-specialty,Husband,White,Male,0,1887,40,United-States,>50K.
31,Private,118941,Some-college,10,Divorced,Other-service,Own-child,White,Female,0,0,20,United-States,<=50K
66,Self-emp-inc,74263,HS-grad,9,Widowed,Exec-managerial,Not-in-family,White,Male,0,0,86,United-States,>50K.
42,Private,107563,HS-grad,9,Married-civ-spouse,Transport-moving,Husband,White,Male,0,0,40,United-States,>50K.
39,Private,138192,Bachelors,13,Married-civ-spouse,Craft-repair,Husband,White,Male,0,0,40,United-States,<=50K
45,State-gov,30219,Some-college,10,Married-civ-spouse,Protective-serv,Husband,White,Male,0,0,40,United-States,>50K.
19,Private,574271,HS-grad,9,Never-married,Handlers-cleaners,Own-child,White,Male,0,0,28,United-States,<=50K
17,Private,130125,10th,6,Never-married,Other-service,Own-child,Amer-Indian-Eskimo,Female,1055,0,20,United-States,<=50K
41,Private,316820,Prof-school,15,Divorced,Prof-specialty,Not-in-family,White,Male,0,0,45,United-States,>50K.
43,Private,233851,Bachelors,13,Divorced,Adm-clerical,Not-in-family,White,Female,0,0,40,United-States,<=50K
27,Private,119793,Some-college,10,Married-civ-spouse,Craft-repair,Husband,White,Male,0,0,55,?,<=50K
18,Private,436163,11th,7,Never-married,Prof-specialty,Own-child,White,Male,0,0,20,United-States,<=50K
47,Self-emp-not-inc,165039,Some-college,10,Never-married,Other-service,Unmarried,Black,Female,0,0,40,United-States,<=50K
54,Self-emp-not-inc,406468,HS-grad,9,Married-civ-spouse,Sales,Husband,Black,Male,0,0,40,United-States,<=50K
42,Private,449578,Some-college,10,Married-civ-spouse,Craft-repair,Husband,White,Male,0,0,48,United-States,>50K.
30,Never-worked,176673,HS-grad,9,Married-civ-spouse,?,Wife,Black,Female,0,0,40,United-States,<=50K
19,Private,339123,Some-college,10,Never-married,Exec-managerial,Own-child,White,Male,0,0,40,United-States,<=50K
43,Local-gov,126847,Masters,14,Married-spouse-absent,Prof-specialty,Unmarried,White,Female,7430,0,60,United-States,>50K.
38,Private,248941,Some-college,10,Married-civ-spouse,Tech-support,Husband,White,Male,0,0,40,United-States,>50K.
30,Self-emp-not-inc,209808,Doctorate,16,Married-civ-spouse,Prof-specialty,Husband,White,Male,0,0,40,United-States,>50K.
39,Self-emp-inc,285890,Some-college,10,Married-civ-spouse,Prof-specialty,Husband,Black,Male,0,0,40,Haiti,>50K.
62,Private,176839,Bachelors,13,Married-civ-spouse,Tech-support,Husband,White,Male,0,0,38,United-States,<=50K
56,Private,147653,HS-grad,9,Divorced,Adm-clerical,Unmarried,White,Female,0,0,32,United-States,<=50K
54,Private,327769,Some-college,10,Divorced,Craft-repair,Not-in-family,White,Male,0,0,40,United-States,<=50K
26,?,264300,Some-college,10,Married-civ-spouse,?,Wife,White,Female,0,0,20,United-States,<=50K
27,Private,209801,Some-college,10,Never-married,Adm-clerical,Not-in-family,White,Female,0,0,45,?,<=50K
23,Private,462294,Assoc-acdm,12,Never-married,Other-service,Own-child,Black,Male,0,0,44,United-States,<=50K
46,Private,187510,10th,6,Married-civ-spouse,Machine-op-inspct,Husband,White,Male,0,0,40,United-States,>50K.
48,Self-emp-inc,196689,Bachelors,13,Married-civ-spouse,Sales,Husband,White,Male,0,0,40,United-States,>50K.
26,Private,332008,Some-college,10,Never-married,Craft-repair,Unmarried,Asian-Pac-Islander,Male,0,0,37,Taiwan,<=50K
47,Private,121622,Bachelors,13,Married-civ-spouse,Prof-specialty,Wife,White,Female,0,0,40,United-States,>50K.
43,Private,137304,Bachelors,13,Married-civ-spouse,Tech-support,Wife,Black,Female,0,0,40,United-States,>50K.
64,Private,118944,Some-college,10,Married-civ-spouse,Exec-managerial,Wife,White,Female,0,0,40,United-States,>50K.
23,Private,174754,Some-college,10,Never-married,Sales,Not-in-family,White,Female,0,0,30,United-States,<=50K
58,Private,35520,Some-college,10,Married-civ-spouse,Handlers-cleaners,Husband,White,Male,7688,0,40,United-States,>50K.
47,Self-emp-inc,123075,Masters,14,Married-civ-spouse,Sales,Husband,White,Male,0,0,50,United-States,>50K.
59,Private,47534,Masters,14,Divorced,Exec-managerial,Not-in-family,White,Female,0,0,45,United-States,>50K.
46,Local-gov,165160,Bachelors,13,Married-civ-spouse,Prof-specialty,Wife,White,Female,0,0,40,United-States,>50K.
28,Private,261725,HS-grad,9,Never-married,Other-service,Unmarried,White,Female,0,0,40,Mexico,<=50K
51,Private,148431,HS-grad,9,Married-civ-spouse,Craft-repair,Husband,White,Male,0,0,40,United-States,<=50K
53,Local-gov,321770,HS-grad,9,Married-spouse-absent,Transport-moving,Other-relative,White,Female,0,0,35,United-States,<=50K
47,Private,167625,Masters,14,Divorced,Prof-specialty,Unmarried,White,Female,0,0,40,United-States,>50K.
38,Self-emp-not-inc,127772,HS-grad,9,Divorced,Farming-fishing,Own-child,White,Male,0,0,50,United-States,<=50K
34,Private,207564,Some-college,10,Married-civ-spouse,Other-service,Wife,White,Female,0,0,12,United-States,>50K.
34,Private,159008,Assoc-voc,11,Married-civ-spouse,Prof-specialty,Wife,White,Female,0,0,36,United-States,>50K.
17,Private,72321,11th,7,Never-married,Other-service,Other-relative,White,Female,0,0,12,United-States,<=50K
54,Private,178530,Bachelors,13,Married-civ-spouse,Exec-managerial,Husband,White,Male,0,0,60,United-States,>50K.
42,Private,247514,Some-college,10,Married-civ-spouse,Handlers-cleaners,Husband,White,Male,0,0,40,Mexico,>50K.
34,Local-gov,117963,Bachelors,13,Married-civ-spouse,Transport-moving,Husband,White,Male,0,0,40,United-States,>50K.
36,Local-gov,403681,Bachelors,13,Married-civ-spouse,Prof-specialty,Husband,White,Male,0,0,40,United-States,>50K.
39,Private,117166,10th,6,Married-civ-spouse,Machine-op-inspct,Husband,White,Male,2635,0,40,United-States,<=50K
20,Private,203027,HS-grad,9,Never-married,Handlers-cleaners,Own-child,White,Male,0,0,40,United-States,<=50K
41,Private,103980,Some-college,10,Married-civ-spouse,Prof-specialty,Husband,White,Male,0,0,52,United-States,<=50K
25,Local-gov,306352,HS-grad,9,Married-civ-spouse,Protective-serv,Husband,White,Male,0,1902,40,Mexico,>50K.
66,Self-emp-not-inc,293114,HS-grad,9,Married-civ-spouse,Farming-fishing,Husband,White,Male,1409,0,40,United-States,<=50K
28,Private,211032,Some-college,10,Never-married,Adm-clerical,Own-child,White,Male,0,0,40,United-States,<=50K
68,,461484,Some-college,10,Married-civ-spouse,,Husband,White,Male,0,1648,10,United-States,>50K.
33,Private,170651,Bachelors,13,Married-civ-spouse,Exec-managerial,Wife,White,Female,0,1977,38,United-States,>50K.
19,Private,271118,HS-grad,9,Never-married,Adm-clerical,Own-child,White,Female,0,0,28,United-States,<=50K
30,Private,154843,HS-grad,9,Married-civ-spouse,Machine-op-inspct,Husband,White,Male,0,0,40,United-States,<=50K
33,Private,172304,10th,6,Married-civ-spouse,Machine-op-inspct,Husband,White,Male,0,0,40,United-States,<=50K
30,Federal-gov,49398,Bachelors,13,Married-civ-spouse,Prof-specialty,Husband,White,Male,0,0,40,United-States,>50K.
35,Self-emp-not-inc,368140,HS-grad,9,Married-civ-spouse,Transport-moving,Husband,White,Male,0,0,65,United-States,>50K.
46,Private,268358,11th,7,Separated,Machine-op-inspct,Not-in-family,White,Female,0,0,40,United-States,<=50K
20,Private,316702,Some-college,10,Never-married,Prof-specialty,Own-child,White,Male,0,0,20,United-States,<=50K
51,Private,346871,Bachelors,13,Married-civ-spouse,Exec-managerial,Husband,White,Male,0,0,55,United-States,>50K.
49,Private,366089,Bachelors,13,Married-civ-spouse,Exec-managerial,Husband,White,Male,0,0,50,United-States,>50K.
52,Federal-gov,197189,Some-college,10,Married-civ-spouse,Adm-clerical,Husband,White,Male,0,0,44,United-States,>50K.
19,Private,167140,Some-college,10,Never-married,Other-service,Own-child,White,Male,0,1602,24,United-States,<=50K
50,Federal-gov,289572,Some-college,10,Married-civ-spouse,Adm-clerical,Husband,White,Male,0,0,40,United-States,>50K.
37,Private,185359,HS-grad,9,Married-civ-spouse,Adm-clerical,Husband,White,Male,0,0,40,United-States,<=50K
52,Private,203635,HS-grad,9,Married-civ-spouse,Handlers-cleaners,Husband,White,Male,0,0,40,United-States,>50K.
42,Private,139012,Assoc-voc,11,Married-civ-spouse,Prof-specialty,Husband,Asian-Pac-Islander,Male,0,0,40,Vietnam,>50K.
51,State-gov,42901,Masters,14,Married-civ-spouse,Prof-specialty,Husband,White,Male,0,0,70,United-States,>50K.
53,Federal-gov,147629,Assoc-acdm,12,Married-civ-spouse,Prof-specialty,Husband,White,Male,0,0,80,United-States,>50K.
43,Self-emp-not-inc,56920,HS-grad,9,Married-civ-spouse,Craft-repair,Husband,White,Male,0,0,60,United-States,<=50K
45,Private,54260,Some-college,10,Divorced,Craft-repair,Unmarried,White,Male,0,0,99,United-States,<=50K
40,Private,206927,HS-grad,9,Married-civ-spouse,Craft-repair,Husband,White,Male,0,1887,40,United-States,>50K.
43,Self-emp-inc,677398,Bachelors,13,Married-civ-spouse,Sales,Husband,White,Male,0,0,45,United-States,>50K.
47,,332884,Bachelors,13,Married-civ-spouse,,Husband,White,Male,0,0,45,United-States,>50K.
48,Private,377140,5th-6th,3,Never-married,Priv-house-serv,Unmarried,White,Female,0,0,35,Nicaragua,<=50K
24,Private,508548,HS-grad,9,Married-civ-spouse,Farming-fishing,Husband,White,Male,0,0,50,United-States,<=50K
38,Private,226894,Bachelors,13,Never-married,Exec-managerial,Not-in-family,Black,Male,13550,0,40,United-States,>50K.
30,Private,67187,HS-grad,9,Never-married,Handlers-cleaners,Own-child,Amer-Indian-Eskimo,Female,0,0,8,United-States,<=50K
49,Private,330535,Doctorate,16,Divorced,Exec-managerial,Unmarried,White,Male,0,0,40,United-States,>50K.
32,Private,113364,Bachelors,13,Never-married,Transport-moving,Not-in-family,White,Male,0,0,40,United-States,<=50K
22,Private,107882,HS-grad,9,Never-married,Prof-specialty,Own-child,White,Female,0,0,20,United-States,<=50K
38,Private,288158,HS-grad,9,Married-civ-spouse,Transport-moving,Husband,White,Male,0,0,50,United-States,>50K.
50,Private,123429,HS-grad,9,Married-civ-spouse,Transport-moving,Husband,White,Male,0,0,40,United-States,>50K.
50,Private,69345,HS-grad,9,Married-civ-spouse,Machine-op-inspct,Husband,White,Male,0,1902,44,United-States,>50K.
57,Federal-gov,239486,Some-college,10,Married-civ-spouse,Adm-clerical,Husband,White,Male,7688,0,45,United-States,>50K.
23,Private,152328,Bachelors,13,Never-married,Prof-specialty,Own-child,White,Male,13550,0,50,United-States,>50K.
42,Private,153132,Bachelors,13,Divorced,Sales,Unmarried,White,Male,0,0,45,?,<=50K
36,Local-gov,185556,Bachelors,13,Married-civ-spouse,Prof-specialty,Husband,White,Male,0,0,35,United-States,>50K.
30,Private,247328,HS-grad,9,Separated,Protective-serv,Not-in-family,White,Male,0,0,40,United-States,>50K.
32,Local-gov,157887,HS-grad,9,Married-civ-spouse,Craft-repair,Husband,White,Male,0,0,40,United-States,<=50K
27,Private,360097,HS-grad,9,Never-married,Handlers-cleaners,Not-in-family,Black,Male,0,0,40,United-States,<=50K
46,Self-emp-inc,321764,Prof-school,15,Married-civ-spouse,Prof-specialty,Husband,White,Male,0,0,50,United-States,>50K.
65,Private,184454,HS-grad,9,Married-civ-spouse,Machine-op-inspct,Husband,White,Male,6418,0,40,United-States,>50K.
51,Federal-gov,335481,Some-college,10,Separated,Prof-specialty,Not-in-family,Black,Female,0,0,40,United-States,>50K.
17,Local-gov,308901,11th,7,Never-married,Adm-clerical,Own-child,White,Female,0,0,15,United-States,<=50K
62,Private,197514,HS-grad,9,Married-civ-spouse,Sales,Wife,White,Female,0,0,16,United-States,<=50K
65,Private,217661,HS-grad,9,Married-civ-spouse,Transport-moving,Husband,White,Male,0,2246,40,United-States,>50K.
65,Self-emp-not-inc,111916,Prof-school,15,Married-civ-spouse,Exec-managerial,Husband,White,Male,0,0,10,United-States,>50K.
61,Private,122246,12th,8,Married-civ-spouse,Other-service,Wife,White,Female,0,0,40,United-States,<=50K
41,Private,283174,Bachelors,13,Married-civ-spouse,Craft-repair,Husband,White,Male,99999,0,40,United-States,>50K.
33,Private,96245,Assoc-acdm,12,Married-civ-spouse,Prof-specialty,Husband,White,Male,0,0,50,United-States,<=50K
64,Private,181530,Prof-school,15,Married-civ-spouse,Prof-specialty,Husband,White,Male,0,0,40,United-States,>50K.
21,Private,156980,HS-grad,9,Never-married,Machine-op-inspct,Own-child,White,Male,0,0,60,United-States,<=50K
30,Private,19678,Bachelors,13,Married-AF-spouse,Sales,Wife,Asian-Pac-Islander,Female,0,0,60,Philippines,>50K.
61,Private,270056,HS-grad,9,Divorced,Adm-clerical,Not-in-family,Asian-Pac-Islander,Female,0,0,40,Japan,<=50K
57,Private,142080,HS-grad,9,Married-civ-spouse,Adm-clerical,Wife,Black,Female,0,0,38,United-States,>50K.
24,Private,100345,Bachelors,13,Never-married,Prof-specialty,Own-child,White,Male,0,0,20,United-States,<=50K
42,Private,182402,HS-grad,9,Married-civ-spouse,Craft-repair,Husband,White,Male,0,1887,50,United-States,>50K.
46,Local-gov,127441,Bachelors,13,Married-civ-spouse,Prof-specialty,Wife,White,Female,0,0,40,United-States,>50K.
41,Private,306405,Some-college,10,Married-civ-spouse,Tech-support,Wife,White,Female,0,0,40,United-States,<=50K
33,Private,98168,HS-grad,9,Married-civ-spouse,Craft-repair,Husband,White,Male,0,0,30,United-States,>50K.
54,Private,188186,HS-grad,9,Never-married,Other-service,Other-relative,White,Female,0,0,20,Hungary,<=50K
36,Local-gov,217414,Some-college,10,Divorced,Protective-serv,Unmarried,White,Male,0,0,55,United-States,<=50K
34,Private,289228,Masters,14,Married-civ-spouse,Exec-managerial,Wife,White,Female,15024,0,45,United-States,>50K.
36,,172775,Some-college,10,Divorced,,Not-in-family,White,Female,0,0,40,United-States,>50K.
40,Private,229148,12th,8,Married-civ-spouse,Other-service,Husband,Black,Male,0,0,40,Jamaica,<=50K
35,Self-emp-not-inc,99357,Bachelors,13,Married-civ-spouse,Prof-specialty,Wife,White,Female,0,0,40,United-States,>50K.
62,Private,49424,Bachelors,13,Married-civ-spouse,Prof-specialty,Husband,White,Male,5178,0,40,United-States,>50K.
34,Private,169496,Some-college,10,Married-civ-spouse,Handlers-cleaners,Husband,White,Male,0,0,40,United-States,>50K.
53,Federal-gov,169112,Prof-school,15,Married-civ-spouse,Adm-clerical,Husband,White,Male,0,0,45,United-States,>50K.
29,Private,112403,5th-6th,3,Married-civ-spouse,Machine-op-inspct,Husband,White,Male,0,0,40,?,<=50K
37,Private,107302,Some-college,10,Married-civ-spouse,Sales,Husband,White,Male,0,0,50,United-States,>50K.
18,Private,426836,5th-6th,3,Never-married,Handlers-cleaners,Other-relative,White,Male,0,0,40,Mexico,<=50K
56,Self-emp-inc,216636,12th,8,Married-civ-spouse,Exec-managerial,Husband,White,Male,0,1651,40,United-States,<=50K
27,Private,207611,HS-grad,9,Never-married,Other-service,Not-in-family,White,Female,0,0,52,United-States,<=50K
32,Private,169512,Bachelors,13,Married-civ-spouse,Sales,Husband,Black,Male,0,0,60,United-States,>50K.
34,Private,302770,Some-college,10,Married-civ-spouse,Sales,Husband,White,Male,0,0,60,United-States,<=50K
25,Private,108658,HS-grad,9,Never-married,Exec-managerial,Not-in-family,White,Male,0,0,45,United-States,<=50K
77,?,185426,HS-grad,9,Married-civ-spouse,?,Husband,White,Male,0,0,15,United-States,<=50K
33,Private,236379,Assoc-voc,11,Married-civ-spouse,Craft-repair,Husband,White,Male,0,0,45,United-States,>50K.
41,?,217921,9th,5,Married-civ-spouse,?,Wife,Asian-Pac-Islander,Female,0,0,40,Hong,<=50K
17,?,103810,12th,8,Never-married,?,Own-child,White,Male,0,0,40,United-States,<=50K
25,Private,160445,HS-grad,9,Divorced,Craft-repair,Not-in-family,White,Male,0,0,40,United-States,<=50K
44,Private,172307,Bachelors,13,Married-civ-spouse,Exec-managerial,Husband,White,Male,7688,0,50,United-States,>50K.
32,Private,87643,Bachelors,13,Married-civ-spouse,Sales,Husband,White,Male,0,0,40,United-States,<=50K
29,Local-gov,214706,HS-grad,9,Never-married,Other-service,Unmarried,White,Female,0,0,40,United-States,<=50K
60,Self-emp-inc,137733,10th,6,Married-civ-spouse,Exec-managerial,Husband,White,Male,0,1977,44,United-States,>50K.
37,Private,187346,5th-6th,3,Never-married,Adm-clerical,Other-relative,White,Female,0,0,40,Mexico,<=50K
22,Private,139190,HS-grad,9,Never-married,Craft-repair,Own-child,White,Male,0,0,50,United-States,<=50K
21,Private,224640,Some-college,10,Never-married,Sales,Own-child,White,Female,0,0,40,United-States,<=50K
41,Private,79586,Bachelors,13,Married-civ-spouse,Prof-specialty,Husband,Asian-Pac-Islander,Male,0,0,60,China,>50K.
40,Private,375603,HS-grad,9,Divorced,Adm-clerical,Unmarried,Black,Male,0,0,40,United-States,<=50K
32,Private,167990,HS-grad,9,Married-civ-spouse,Exec-managerial,Husband,White,Male,0,0,40,Ireland,<=50K
32,Private,330715,Some-college,10,Married-civ-spouse,Craft-repair,Husband,White,Male,0,0,40,United-States,<=50K
30,Self-emp-not-inc,123397,Some-college,10,Divorced,Other-service,Unmarried,White,Female,0,0,30,United-States,<=50K
38,Self-emp-not-inc,107410,9th,5,Married-civ-spouse,Transport-moving,Husband,White,Male,0,0,45,United-States,>50K.
38,Private,167725,Bachelors,13,Married-spouse-absent,Transport-moving,Not-in-family,Other,Male,0,0,84,India,<=50K
48,Private,240629,HS-grad,9,Divorced,Transport-moving,Not-in-family,White,Male,0,0,65,United-States,<=50K
39,Private,172855,HS-grad,9,Divorced,Adm-clerical,Unmarried,Black,Female,0,0,40,United-States,<=50K
42,Private,144056,Assoc-voc,11,Married-civ-spouse,Craft-repair,Husband,Amer-Indian-Eskimo,Male,0,0,40,United-States,>50K.
52,,50934,Assoc-acdm,12,Married-civ-spouse,,Wife,White,Female,0,0,20,United-States,>50K.
60,?,41517,11th,7,Married-spouse-absent,?,Unmarried,Black,Female,0,0,20,United-States,<=50K
48,Private,85384,Bachelors,13,Married-civ-spouse,Exec-managerial,Husband,White,Male,7688,0,40,United-States,>50K.
35,Private,149347,HS-grad,9,Never-married,Craft-repair,Not-in-family,White,Male,0,0,70,United-States,<=50K
47,Private,200734,Bachelors,13,Never-married,Exec-managerial,Unmarried,Black,Female,0,0,45,United-States,<=50K
55,Private,188382,Some-college,10,Married-civ-spouse,Machine-op-inspct,Husband,White,Male,0,0,48,United-States,>50K.
31,Private,169583,HS-grad,9,Never-married,Exec-managerial,Own-child,White,Female,0,0,40,United-States,<=50K
48,Private,254809,10th,6,Divorced,Machine-op-inspct,Unmarried,White,Female,0,1594,32,United-States,<=50K
40,Private,225823,Some-college,10,Divorced,Craft-repair,Not-in-family,White,Male,0,0,60,United-States,<=50K
64,Federal-gov,161926,HS-grad,9,Married-civ-spouse,Prof-specialty,Husband,White,Male,0,0,8,United-States,<=50K
33,Self-emp-not-inc,192256,Bachelors,13,Married-civ-spouse,Craft-repair,Husband,White,Male,0,0,50,United-States,<=50K
52,Private,89041,Masters,14,Married-civ-spouse,Exec-managerial,Husband,White,Male,99999,0,40,United-States,>50K.
24,Private,221955,Bachelors,13,Married-civ-spouse,Sales,Other-relative,White,Male,0,0,40,United-States,<=50K
40,Private,189666,HS-grad,9,Married-civ-spouse,Other-service,Husband,White,Male,0,0,45,United-States,<=50K
29,Private,256764,Bachelors,13,Never-married,Sales,Not-in-family,White,Male,0,1564,40,United-States,>50K.
55,Private,161423,Masters,14,Married-civ-spouse,Prof-specialty,Husband,White,Male,0,0,52,United-States,>50K.
25,Private,262617,Bachelors,13,Married-civ-spouse,Adm-clerical,Husband,White,Male,0,0,55,United-States,>50K.
35,Private,82552,Assoc-acdm,12,Married-civ-spouse,Tech-support,Husband,White,Male,0,0,40,United-States,<=50K
29,Private,250679,HS-grad,9,Never-married,Craft-repair,Not-in-family,White,Male,0,0,40,United-States,<=50K
53,State-gov,119570,Bachelors,13,Married-civ-spouse,Exec-managerial,Husband,White,Male,0,0,45,United-States,>50K.
29,Private,144808,Some-college,10,Married-civ-spouse,Exec-managerial,Own-child,Black,Female,0,0,40,United-States,<=50K
27,Private,104017,Some-college,10,Married-civ-spouse,Adm-clerical,Wife,White,Female,0,1902,30,United-States,>50K.
51,Private,25932,Assoc-voc,11,Married-civ-spouse,Transport-moving,Husband,White,Male,0,0,99,United-States,>50K.
47,State-gov,142287,Bachelors,13,Married-civ-spouse,Prof-specialty,Husband,White,Male,0,0,35,United-States,>50K.
45,Private,167523,HS-grad,9,Married-civ-spouse,Transport-moving,Husband,White,Male,0,2179,45,United-States,<=50K
24,Private,97212,Assoc-acdm,12,Married-civ-spouse,Adm-clerical,Wife,White,Female,0,0,40,United-States,<=50K
68,Local-gov,144761,HS-grad,9,Widowed,Protective-serv,Not-in-family,White,Male,0,1668,20,United-States,<=50K
57,Local-gov,213975,HS-grad,9,Widowed,Other-service,Unmarried,White,Female,0,0,30,United-States,<=50K
52,Private,165681,Some-college,10,Married-civ-spouse,Exec-managerial,Husband,White,Male,0,0,40,United-States,<=50K
81,Private,164416,Prof-school,15,Married-civ-spouse,Sales,Husband,White,Male,0,0,45,United-States,>50K.
56,Self-emp-not-inc,174564,Masters,14,Married-civ-spouse,Prof-specialty,Husband,White,Male,0,0,60,United-States,>50K.
30,Private,205152,Assoc-voc,11,Married-civ-spouse,Exec-managerial,Husband,White,Male,0,0,35,United-States,>50K.
23,Private,242912,Some-college,10,Never-married,Other-service,Own-child,White,Female,4650,0,40,United-States,<=50K
37,State-gov,164898,Bachelors,13,Married-civ-spouse,Prof-specialty,Husband,White,Male,0,0,40,United-States,>50K.
51,Private,195105,HS-grad,9,Divorced,Priv-house-serv,Own-child,White,Female,0,0,40,United-States,<=50K
55,Local-gov,61708,Bachelors,13,Married-civ-spouse,Exec-managerial,Husband,White,Male,0,0,40,United-States,>50K.
44,Self-emp-not-inc,242434,Bachelors,13,Divorced,Sales,Not-in-family,White,Female,27828,0,60,United-States,>50K.
40,Private,104892,Bachelors,13,Married-civ-spouse,Tech-support,Husband,White,Male,0,0,40,United-States,<=50K
36,Private,187098,HS-grad,9,Divorced,Adm-clerical,Unmarried,White,Female,0,0,40,United-States,<=50K
22,Private,185582,Some-college,10,Never-married,Sales,Not-in-family,White,Male,0,0,25,United-States,>50K.
30,Private,275632,HS-grad,9,Married-civ-spouse,Machine-op-inspct,Husband,White,Male,0,0,45,United-States,<=50K
58,Self-emp-not-inc,115439,Masters,14,Married-civ-spouse,Sales,Husband,White,Male,0,0,40,United-States,>50K.
68,Private,107627,Some-college,10,Married-civ-spouse,Prof-specialty,Husband,White,Male,0,0,15,United-States,<=50K
52,Private,173987,HS-grad,9,Married-civ-spouse,Adm-clerical,Husband,White,Male,0,0,40,United-States,>50K.
50,Self-emp-not-inc,240612,Bachelors,13,Divorced,Prof-specialty,Not-in-family,White,Female,0,0,60,United-States,<=50K
19,Private,251579,Some-college,10,Never-married,Other-service,Own-child,White,Male,0,0,14,United-States,<=50K
49,?,481987,HS-grad,9,Married-civ-spouse,?,Husband,White,Male,0,0,60,United-States,<=50K
41,?,213416,5th-6th,3,Married-civ-spouse,?,Husband,White,Male,0,0,32,Mexico,<=50K
21,Private,206008,Some-college,10,Never-married,Adm-clerical,Own-child,Black,Male,0,0,50,United-States,<=50K
18,Local-gov,152182,10th,6,Never-married,Protective-serv,Own-child,White,Female,0,0,6,United-States,<=50K
41,Private,174540,Some-college,10,Married-civ-spouse,Prof-specialty,Husband,Black,Male,0,0,4,United-States,<=50K
61,Private,35649,Some-college,10,Married-civ-spouse,Other-service,Husband,White,Male,0,0,6,United-States,<=50K
36,Private,28996,Some-college,10,Married-civ-spouse,Sales,Husband,White,Male,0,0,45,United-States,<=50K
34,Private,314375,Assoc-voc,11,Divorced,Craft-repair,Not-in-family,White,Male,0,0,40,United-States,<=50K
49,Local-gov,31267,Bachelors,13,Married-civ-spouse,Prof-specialty,Husband,White,Male,0,0,50,United-States,<=50K
61,Private,160143,HS-grad,9,Married-civ-spouse,Sales,Husband,White,Male,15024,0,45,United-States,>50K.
36,Private,170376,HS-grad,9,Married-civ-spouse,Machine-op-inspct,Husband,White,Male,0,1887,40,United-States,>50K.
37,Private,160192,HS-grad,9,Married-civ-spouse,Craft-repair,Husband,White,Male,0,0,40,United-States,>50K.
41,Private,196456,Masters,14,Never-married,Prof-specialty,Not-in-family,White,Female,0,0,40,United-States,<=50K
46,Private,270565,Assoc-voc,11,Married-civ-spouse,Prof-specialty,Husband,White,Male,0,0,60,United-States,<=50K
56,Private,217775,HS-grad,9,Divorced,Transport-moving,Not-in-family,White,Male,0,0,50,United-States,>50K.
43,Private,248094,HS-grad,9,Married-civ-spouse,Machine-op-inspct,Husband,White,Male,0,0,44,United-States,>50K.
53,Federal-gov,221791,HS-grad,9,Divorced,Craft-repair,Not-in-family,Black,Male,0,0,40,United-States,<=50K
28,State-gov,37250,Bachelors,13,Never-married,Prof-specialty,Own-child,White,Male,0,0,16,United-States,<=50K
53,Federal-gov,40641,Bachelors,13,Married-civ-spouse,Protective-serv,Husband,White,Male,0,0,40,United-States,>50K.
47,Private,302711,11th,7,Divorced,Adm-clerical,Unmarried,White,Female,0,0,40,United-States,<=50K
28,Private,490332,Bachelors,13,Married-civ-spouse,Prof-specialty,Husband,White,Male,3103,0,40,United-States,>50K.
67,,101761,Some-college,10,Married-civ-spouse,,Husband,White,Male,0,0,40,United-States,>50K.
43,Private,170230,Masters,14,Never-married,Tech-support,Not-in-family,White,Female,0,0,40,United-States,<=50K
51,State-gov,48358,HS-grad,9,Married-civ-spouse,Craft-repair,Husband,White,Male,3103,0,52,United-States,>50K.
29,Private,107458,Bachelors,13,Never-married,Sales,Not-in-family,White,Male,0,0,50,United-States,<=50K
58,Private,97541,Masters,14,Married-civ-spouse,Exec-managerial,Husband,White,Male,0,0,46,United-States,>50K.
37,Private,149347,Some-college,10,Married-civ-spouse,Craft-repair,Husband,White,Male,0,0,40,United-States,>50K.
51,Federal-gov,23698,HS-grad,9,Married-civ-spouse,Other-service,Husband,White,Male,0,0,40,United-States,>50K.
51,Private,179010,Some-college,10,Divorced,Sales,Not-in-family,White,Female,0,0,60,United-States,<=50K
27,Private,183523,Bachelors,13,Never-married,Prof-specialty,Not-in-family,White,Male,0,0,45,United-States,<=50K
37,Private,112512,Assoc-voc,11,Never-married,Prof-specialty,Not-in-family,White,Female,0,0,48,United-States,>50K.
42,Local-gov,198028,Some-college,10,Married-civ-spouse,Adm-clerical,Wife,White,Female,0,0,40,United-States,>50K.
55,Local-gov,219074,Some-college,10,Divorced,Adm-clerical,Not-in-family,Black,Female,0,0,55,United-States,>50K.
22,?,334593,Some-college,10,Never-married,?,Not-in-family,White,Male,0,0,40,United-States,<=50K
27,Private,409246,HS-grad,9,Married-civ-spouse,Farming-fishing,Husband,White,Male,0,0,40,United-States,>50K.
46,Federal-gov,362835,Assoc-acdm,12,Married-civ-spouse,Prof-specialty,Husband,White,Male,0,0,40,Germany,>50K.
27,Private,288229,Bachelors,13,Never-married,Adm-clerical,Own-child,Asian-Pac-Islander,Female,0,0,50,Laos,<=50K
49,Private,28171,Masters,14,Married-civ-spouse,Protective-serv,Husband,White,Male,15024,0,78,United-States,>50K.
56,Private,244554,10th,6,Widowed,Machine-op-inspct,Unmarried,Black,Female,0,0,40,United-States,<=50K
35,?,257250,HS-grad,9,Never-married,?,Own-child,White,Male,0,0,40,United-States,<=50K
71,Federal-gov,149386,HS-grad,9,Widowed,Exec-managerial,Not-in-family,White,Male,0,0,9,United-States,<=50K
27,Private,401723,HS-grad,9,Never-married,Adm-clerical,Not-in-family,Black,Female,0,0,40,United-States,<=50K
48,Private,227714,Bachelors,13,Married-civ-spouse,Sales,Husband,White,Male,0,0,60,United-States,<=50K
44,Private,191196,Some-college,10,Married-civ-spouse,Prof-specialty,Husband,White,Male,0,0,35,United-States,>50K.
53,Private,223696,12th,8,Married-spouse-absent,Handlers-cleaners,Not-in-family,Other,Male,0,0,56,Dominican-Republic,<=50K
62,Private,200332,HS-grad,9,Married-civ-spouse,Machine-op-inspct,Husband,White,Male,0,0,40,United-States,<=50K
64,Private,285052,Some-college,10,Widowed,Exec-managerial,Not-in-family,White,Female,0,0,10,United-States,<=50K
32,Private,162572,Masters,14,Married-civ-spouse,Exec-managerial,Husband,White,Male,0,1977,48,United-States,>50K.
21,Private,434102,Some-college,10,Never-married,Adm-clerical,Not-in-family,White,Female,0,0,40,United-States,<=50K
23,Private,386705,Some-college,10,Never-married,Adm-clerical,Own-child,White,Male,0,0,24,United-States,<=50K
31,Private,342019,Assoc-acdm,12,Married-civ-spouse,Prof-specialty,Husband,White,Male,0,0,40,United-States,<=50K
30,Private,553405,HS-grad,9,Married-civ-spouse,Craft-repair,Husband,White,Male,0,0,40,United-States,>50K.
62,Private,113080,7th-8th,4,Divorced,Craft-repair,Own-child,White,Male,0,0,40,United-States,<=50K
57,State-gov,328228,HS-grad,9,Married-civ-spouse,Adm-clerical,Husband,White,Male,0,0,40,United-States,>50K.
49,Self-emp-inc,318280,Bachelors,13,Married-civ-spouse,Sales,Husband,White,Male,0,0,55,United-States,>50K.
39,Private,342768,Some-college,10,Married-civ-spouse,Transport-moving,Husband,White,Male,0,0,40,United-States,>50K.
27,Private,239130,HS-grad,9,Never-married,Prof-specialty,Not-in-family,White,Male,0,2444,40,United-States,>50K.
29,Private,163167,Bachelors,13,Married-civ-spouse,Sales,Husband,White,Male,0,0,55,United-States,>50K.
33,Private,256362,Some-college,10,Never-married,Other-service,Not-in-family,White,Male,0,0,35,United-States,<=50K
43,Federal-gov,594194,HS-grad,9,Married-civ-spouse,Craft-repair,Husband,Black,Male,0,0,40,United-States,>50K.
32,Private,229732,Bachelors,13,Married-civ-spouse,Sales,Husband,White,Male,0,0,45,United-States,<=50K
17,Private,329783,10th,6,Never-married,Sales,Other-relative,White,Female,0,0,10,United-States,<=50K
26,Self-emp-not-inc,118523,HS-grad,9,Married-civ-spouse,Adm-clerical,Husband,White,Male,0,0,40,United-States,<=50K
61,State-gov,151459,10th,6,Never-married,Other-service,Not-in-family,Black,Female,0,0,38,United-States,<=50K
59,Private,107318,7th-8th,4,Married-civ-spouse,Craft-repair,Husband,White,Male,5178,0,50,United-States,>50K.
34,Local-gov,382078,Bachelors,13,Married-civ-spouse,Exec-managerial,Husband,White,Male,3103,0,50,United-States,>50K.
22,Private,304602,HS-grad,9,Never-married,Handlers-cleaners,Own-child,White,Male,0,0,40,United-States,<=50K
25,Private,166977,Bachelors,13,Married-civ-spouse,Prof-specialty,Wife,White,Female,0,1887,40,United-States,>50K.
23,Private,271354,HS-grad,9,Married-civ-spouse,Transport-moving,Husband,White,Male,0,1902,50,United-States,>50K.
41,Private,239833,HS-grad,9,Married-spouse-absent,Transport-moving,Unmarried,Black,Male,0,0,50,United-States,<=50K
43,Private,245842,HS-grad,9,Married-civ-spouse,Machine-op-inspct,Husband,White,Male,0,0,44,Mexico,<=50K
29,Private,159768,HS-grad,9,Never-married,Machine-op-inspct,Not-in-family,White,Male,3325,0,40,Ecuador,<=50K
40,Private,210275,HS-grad,9,Separated,Transport-moving,Unmarried,Black,Female,0,0,40,United-States,<=50K
50,Private,338836,Bachelors,13,Married-civ-spouse,Prof-specialty,Husband,White,Male,0,1887,36,United-States,>50K.
23,Private,60668,10th,6,Married-civ-spouse,Craft-repair,Husband,White,Male,0,0,40,Portugal,<=50K
71,Private,187703,Assoc-voc,11,Widowed,Prof-specialty,Unmarried,White,Female,11678,0,38,United-States,>50K.
72,,31327,Bachelors,13,Married-civ-spouse,,Husband,White,Male,0,0,20,United-States,>50K.
40,Self-emp-inc,115411,Assoc-acdm,12,Married-civ-spouse,Exec-managerial,Husband,White,Male,0,0,65,United-States,>50K.
48,Private,344381,Bachelors,13,Married-civ-spouse,Prof-specialty,Husband,Asian-Pac-Islander,Male,0,0,42,United-States,>50K.
34,Private,174789,HS-grad,9,Married-civ-spouse,Sales,Husband,White,Male,0,0,45,United-States,>50K.
44,Private,106682,HS-grad,9,Married-civ-spouse,Sales,Husband,White,Male,0,0,60,United-States,<=50K
35,Private,169638,Some-college,10,Divorced,Sales,Unmarried,White,Female,0,0,36,United-States,<=50K
35,?,273558,Some-college,10,Never-married,?,Not-in-family,Black,Male,0,0,30,United-States,<=50K
43,Local-gov,225978,Some-college,10,Married-civ-spouse,Craft-repair,Husband,Black,Male,0,0,40,United-States,>50K.
54,Self-emp-inc,151580,Bachelors,13,Married-civ-spouse,Tech-support,Husband,White,Male,0,0,40,United-States,>50K.
24,State-gov,90046,Some-college,10,Never-married,Other-service,Not-in-family,White,Female,0,0,40,Canada,<=50K
33,Federal-gov,339388,Assoc-acdm,12,Divorced,Other-service,Unmarried,White,Male,0,0,40,United-States,<=50K
55,Local-gov,134042,Masters,14,Married-civ-spouse,Exec-managerial,Wife,White,Female,0,0,40,United-States,>50K.
25,Private,182866,HS-grad,9,Never-married,Machine-op-inspct,Own-child,White,Male,0,0,40,United-States,<=50K
23,Private,200677,10th,6,Never-married,Machine-op-inspct,Not-in-family,White,Female,0,0,40,United-States,<=50K
43,Local-gov,216116,Masters,14,Separated,Prof-specialty,Unmarried,Black,Female,0,0,37,United-States,<=50K
65,Without-pay,172949,HS-grad,9,Married-civ-spouse,Transport-moving,Husband,White,Male,2414,0,20,United-States,<=50K
35,Local-gov,297322,Some-college,10,Married-civ-spouse,Transport-moving,Husband,Black,Male,0,0,40,United-States,>50K.
39,Self-emp-inc,170502,Masters,14,Divorced,Exec-managerial,Not-in-family,Black,Male,0,0,70,United-States,>50K.
31,Local-gov,253456,Some-college,10,Married-civ-spouse,Protective-serv,Husband,White,Male,0,0,40,United-States,>50K.
47,Private,205068,Prof-school,15,Married-civ-spouse,Prof-specialty,Husband,White,Male,0,1977,60,United-States,>50K.
39,Private,86643,Bachelors,13,Divorced,Exec-managerial,Not-in-family,White,Male,27828,0,55,United-States,>50K.
35,Private,225172,HS-grad,9,Married-civ-spouse,Exec-managerial,Husband,White,Male,0,0,60,United-States,>50K.
40,Self-emp-not-inc,121012,Prof-school,15,Married-civ-spouse,Prof-specialty,Husband,White,Male,0,1977,50,United-States,>50K.
38,Private,372559,Some-college,10,Married-civ-spouse,Craft-repair,Husband,Black,Male,0,0,40,United-States,<=50K
50,Local-gov,50048,Masters,14,Married-civ-spouse,Prof-specialty,Husband,White,Male,0,0,52,United-States,>50K.
21,Private,170456,Assoc-acdm,12,Never-married,Handlers-cleaners,Own-child,White,Male,0,0,15,United-States,<=50K
61,State-gov,140851,Bachelors,13,Married-civ-spouse,Prof-specialty,Husband,White,Male,0,0,40,United-States,>50K.
25,Private,283515,Some-college,10,Never-married,Protective-serv,Not-in-family,White,Male,0,0,60,United-States,<=50K
43,Private,241928,HS-grad,9,Separated,Adm-clerical,Not-in-family,Black,Female,0,0,32,United-States,<=50K
37,Private,277347,HS-grad,9,Married-civ-spouse,Craft-repair,Husband,White,Male,0,0,40,United-States,>50K.
36,Private,115803,HS-grad,9,Married-civ-spouse,Craft-repair,Husband,White,Male,0,0,40,United-States,>50K.
54,Private,222020,10th,6,Divorced,Other-service,Not-in-family,White,Male,0,0,70,United-States,<=50K
30,State-gov,231043,Assoc-voc,11,Married-civ-spouse,Protective-serv,Husband,White,Male,0,0,40,United-States,<=50K
37,Private,191342,1st-4th,2,Married-civ-spouse,Craft-repair,Husband,Asian-Pac-Islander,Male,0,0,40,Cambodia,<=50K
41,Private,165815,HS-grad,9,Married-civ-spouse,Craft-repair,Husband,White,Male,0,0,40,United-States,>50K.
34,Private,118584,Bachelors,13,Never-married,Exec-managerial,Not-in-family,White,Female,0,0,40,United-States,<=50K
25,Private,395512,12th,8,Married-civ-spouse,Machine-op-inspct,Other-relative,Other,Male,0,0,40,Mexico,<=50K
47,Private,115971,Some-college,10,Married-civ-spouse,Craft-repair,Husband,White,Male,0,0,40,United-States,>50K.
42,Private,212894,Masters,14,Married-civ-spouse,Prof-specialty,Husband,White,Male,0,0,23,United-States,>50K.
52,Private,164530,11th,7,Divorced,Machine-op-inspct,Not-in-family,Black,Female,0,0,20,United-States,<=50K
24,Private,204172,Bachelors,13,Never-married,Sales,Other-relative,White,Female,0,0,40,United-States,<=50K
34,Private,35743,Bachelors,13,Married-civ-spouse,Exec-managerial,Husband,White,Male,0,0,40,United-States,>50K.
22,Private,147655,Some-college,10,Never-married,Tech-support,Not-in-family,White,Female,0,0,40,United-States,<=50K
36,Self-emp-not-inc,125933,Some-college,10,Married-civ-spouse,Sales,Husband,White,Male,5178,0,50,United-States,>50K.
37,Private,267085,Some-college,10,Married-civ-spouse,Adm-clerical,Husband,White,Male,0,0,40,United-States,<=50K
73,Private,92298,11th,7,Married-civ-spouse,Machine-op-inspct,Husband,White,Male,0,0,15,United-States,<=50K
47,Private,20956,HS-grad,9,Married-civ-spouse,Craft-repair,Husband,White,Male,0,0,40,United-States,>50K.
38,Private,105803,Masters,14,Married-civ-spouse,Prof-specialty,Husband,White,Male,0,0,40,United-States,>50K.
61,Private,56248,1st-4th,2,Married-civ-spouse,Machine-op-inspct,Husband,White,Male,0,0,60,United-States,>50K.
25,Private,74977,Some-college,10,Married-civ-spouse,Adm-clerical,Wife,White,Female,0,0,40,United-States,<=50K
54,Self-emp-inc,117674,Bachelors,13,Married-civ-spouse,Sales,Husband,White,Male,0,0,40,United-States,>50K.
60,Self-emp-not-inc,88055,Some-college,10,Married-civ-spouse,Craft-repair,Husband,White,Male,0,0,24,United-States,<=50K
38,Private,220585,HS-grad,9,Married-civ-spouse,Craft-repair,Husband,White,Male,0,0,40,United-States,<=50K
38,Private,192939,HS-grad,9,Divorced,Craft-repair,Unmarried,White,Male,0,0,40,United-States,<=50K
19,Self-emp-not-inc,194205,Some-college,10,Never-married,Other-service,Own-child,White,Female,0,0,40,Mexico,<=50K
22,Private,184779,HS-grad,9,Never-married,Prof-specialty,Not-in-family,White,Female,0,0,40,United-States,<=50K
41,Private,190786,Assoc-voc,11,Married-civ-spouse,Adm-clerical,Husband,White,Male,7298,0,40,United-States,>50K.
49,Private,47403,Bachelors,13,Never-married,Adm-clerical,Not-in-family,White,Female,0,0,40,United-States,>50K.
36,Private,226918,Bachelors,13,Never-married,Sales,Not-in-family,Black,Male,0,0,48,United-States,<=50K
48,Private,115585,Bachelors,13,Married-civ-spouse,Sales,Husband,White,Male,0,0,40,United-States,<=50K
34,Private,29235,Assoc-acdm,12,Divorced,Prof-specialty,Not-in-family,White,Female,0,0,40,United-States,<=50K
50,Self-emp-not-inc,348099,10th,6,Divorced,Sales,Not-in-family,White,Female,0,0,50,United-States,<=50K
42,?,195124,HS-grad,9,Married-civ-spouse,?,Husband,White,Male,0,0,60,Dominican-Republic,<=50K
58,Self-emp-not-inc,605504,HS-grad,9,Married-civ-spouse,Sales,Husband,White,Male,0,0,40,United-States,>50K.
36,Private,217077,HS-grad,9,Married-civ-spouse,Sales,Husband,White,Male,0,0,50,United-States,<=50K
22,Private,110200,Bachelors,13,Never-married,Prof-specialty,Not-in-family,White,Male,0,0,40,United-States,<=50K
49,Private,105614,10th,6,Married-civ-spouse,Machine-op-inspct,Husband,White,Male,0,0,50,United-States,<=50K
25,Self-emp-not-inc,245369,HS-grad,9,Separated,Craft-repair,Own-child,White,Male,0,0,35,United-States,<=50K
35,Self-emp-not-inc,32528,HS-grad,9,Married-civ-spouse,Transport-moving,Husband,White,Male,0,0,50,United-States,<=50K
33,Private,45796,HS-grad,9,Married-civ-spouse,Sales,Husband,White,Male,0,0,40,United-States,>50K.
52,Federal-gov,385183,Bachelors,13,Married-civ-spouse,Adm-clerical,Husband,White,Male,0,0,40,United-States,>50K.
48,Private,149210,HS-grad,9,Separated,Craft-repair,Unmarried,Black,Male,0,0,45,United-States,<=50K
41,Local-gov,223410,Bachelors,13,Married-civ-spouse,Prof-specialty,Husband,White,Male,7688,0,40,United-States,>50K.
59,Local-gov,283635,Masters,14,Divorced,Prof-specialty,Not-in-family,White,Female,0,0,40,United-States,<=50K
48,Self-emp-inc,106232,Prof-school,15,Married-civ-spouse,Prof-specialty,Husband,White,Male,99999,0,48,United-States,>50K.
67,Self-emp-not-inc,141797,7th-8th,4,Married-civ-spouse,Exec-managerial,Husband,White,Male,0,0,40,United-States,<=50K
56,Private,68080,HS-grad,9,Never-married,Farming-fishing,Not-in-family,White,Male,0,0,50,,>50K.
39,Private,103734,Bachelors,13,Married-civ-spouse,Prof-specialty,Husband,White,Male,0,0,43,United-States,>50K.
18,Private,298860,11th,7,Never-married,Sales,Own-child,White,Male,0,0,20,United-States,<=50K
54,Private,85423,HS-grad,9,Married-civ-spouse,Transport-moving,Husband,White,Male,0,0,40,United-States,>50K.
36,Private,268292,HS-grad,9,Married-civ-spouse,Craft-repair,Husband,White,Male,0,0,41,United-States,<=50K
37,Local-gov,188391,Assoc-acdm,12,Divorced,Other-service,Unmarried,White,Male,0,0,60,United-States,>50K.
33,Private,214288,HS-grad,9,Married-civ-spouse,Machine-op-inspct,Husband,White,Male,0,1848,48,United-States,>50K.
46,Private,138370,7th-8th,4,Married-civ-spouse,Other-service,Husband,Asian-Pac-Islander,Male,0,1651,40,China,<=50K
41,Private,344519,HS-grad,9,Divorced,Exec-managerial,Not-in-family,White,Female,13550,0,60,United-States,>50K.
58,Private,168887,HS-grad,9,Married-civ-spouse,Handlers-cleaners,Husband,White,Male,0,0,40,United-States,>50K.
37,Private,189674,Bachelors,13,Separated,Exec-managerial,Unmarried,Black,Female,0,0,40,United-States,<=50K
51,Private,86373,Bachelors,13,Married-civ-spouse,Machine-op-inspct,Husband,White,Male,0,0,25,United-States,<=50K
34,Local-gov,108247,Some-college,10,Married-civ-spouse,Exec-managerial,Husband,White,Male,0,0,45,United-States,>50K.
59,Self-emp-not-inc,136413,7th-8th,4,Married-civ-spouse,Farming-fishing,Husband,White,Male,0,0,48,United-States,<=50K
61,Private,95680,Some-college,10,Married-civ-spouse,Machine-op-inspct,Husband,Asian-Pac-Islander,Male,0,0,40,United-States,>50K.
29,Private,239632,HS-grad,9,Never-married,Adm-clerical,Not-in-family,White,Female,0,0,40,United-States,<=50K
43,Private,336643,HS-grad,9,Never-married,Exec-managerial,Not-in-family,White,Female,0,0,50,United-States,<=50K
36,Federal-gov,116580,Assoc-voc,11,Married-civ-spouse,Prof-specialty,Wife,White,Female,0,0,45,United-States,>50K.
43,Private,133584,HS-grad,9,Divorced,Craft-repair,Not-in-family,White,Male,0,0,40,United-States,<=50K
43,Private,303155,Bachelors,13,Married-civ-spouse,Exec-managerial,Husband,White,Male,0,0,50,United-States,>50K.
32,Self-emp-not-inc,400061,Prof-school,15,Married-civ-spouse,Prof-specialty,Husband,Asian-Pac-Islander,Male,15024,0,40,Philippines,>50K.
55,Private,125147,HS-grad,9,Married-civ-spouse,Exec-managerial,Husband,White,Male,0,0,45,United-States,>50K.
31,Private,163594,HS-grad,9,Never-married,Sales,Not-in-family,White,Female,0,0,45,United-States,<=50K
29,State-gov,183285,Some-college,10,Never-married,Protective-serv,Not-in-family,White,Male,0,0,36,United-States,<=50K
30,Private,144949,Bachelors,13,Never-married,Adm-clerical,Own-child,White,Male,0,2559,40,United-States,>50K.
73,Local-gov,232871,7th-8th,4,Married-civ-spouse,Protective-serv,Husband,White,Male,2228,0,10,United-States,<=50K
47,Private,156926,Bachelors,13,Married-civ-spouse,Prof-specialty,Husband,White,Male,0,0,40,United-States,>50K.
34,Private,256362,HS-grad,9,Married-civ-spouse,Adm-clerical,Husband,White,Male,0,0,40,Italy,>50K.
25,Private,72887,11th,7,Married-civ-spouse,Craft-repair,Husband,Asian-Pac-Islander,Male,0,0,40,Philippines,>50K.
38,Private,109231,HS-grad,9,Married-civ-spouse,Craft-repair,Husband,White,Male,0,0,40,United-States,<=50K
46,Private,113390,Masters,14,Married-civ-spouse,Adm-clerical,Husband,White,Male,0,1740,60,United-States,<=50K
47,Private,88564,5th-6th,3,Never-married,Machine-op-inspct,Own-child,White,Male,0,0,20,United-States,<=50K
44,Private,100584,HS-grad,9,Married-civ-spouse,Machine-op-inspct,Husband,Amer-Indian-Eskimo,Male,0,0,40,United-States,<=50K
42,State-gov,248406,Masters,14,Married-civ-spouse,Prof-specialty,Husband,White,Male,0,0,38,United-States,>50K.
54,Local-gov,220054,Bachelors,13,Married-civ-spouse,Prof-specialty,Husband,White,Male,0,1902,40,United-States,>50K.
43,Private,208045,Masters,14,Never-married,Prof-specialty,Not-in-family,White,Male,0,0,40,United-States,>50K.
42,Self-emp-inc,100793,Doctorate,16,Married-civ-spouse,Prof-specialty,Husband,White,Male,0,0,41,United-States,>50K.
43,Federal-gov,269733,Masters,14,Married-civ-spouse,Exec-managerial,Husband,White,Male,0,0,40,United-States,>50K.
33,Private,173858,Bachelors,13,Married-civ-spouse,Adm-clerical,Other-relative,Asian-Pac-Islander,Male,0,0,40,India,<=50K
48,State-gov,355320,Assoc-voc,11,Married-civ-spouse,Exec-managerial,Husband,White,Male,0,0,15,Germany,>50K.
23,Private,373550,Assoc-voc,11,Married-civ-spouse,Craft-repair,Husband,White,Male,0,0,40,United-States,<=50K
38,Private,497788,HS-grad,9,Married-civ-spouse,Craft-repair,Husband,White,Male,0,0,50,United-States,<=50K
39,Private,31964,HS-grad,9,Married-civ-spouse,Exec-managerial,Husband,White,Male,0,0,80,United-States,>50K.
48,Private,236858,11th,7,Divorced,Other-service,Not-in-family,White,Female,0,0,31,United-States,<=50K
27,Local-gov,68729,HS-grad,9,Married-civ-spouse,Protective-serv,Husband,Asian-Pac-Islander,Male,0,0,40,United-States,>50K.
49,Private,272780,Some-college,10,Married-civ-spouse,Craft-repair,Husband,White,Male,15024,0,60,Mexico,>50K.
39,Local-gov,32587,Some-college,10,Married-civ-spouse,Exec-managerial,Husband,Amer-Indian-Eskimo,Male,0,1485,40,United-States,>50K.
18,Private,100875,11th,7,Never-married,Other-service,Unmarried,White,Female,0,0,28,United-States,<=50K
31,Private,286675,HS-grad,9,Divorced,Craft-repair,Own-child,White,Male,0,0,50,United-States,<=50K
23,Private,179413,HS-grad,9,Never-married,Craft-repair,Unmarried,White,Male,0,0,40,United-States,<=50K
28,Local-gov,98590,Some-college,10,Married-civ-spouse,Protective-serv,Husband,White,Male,0,0,40,United-States,>50K.
59,State-gov,109567,Some-college,10,Married-civ-spouse,Exec-managerial,Husband,White,Male,0,0,40,United-States,>50K.
45,Private,200471,Some-college,10,Married-civ-spouse,Sales,Husband,White,Male,0,2415,40,United-States,>50K.
40,State-gov,34218,HS-grad,9,Married-civ-spouse,Craft-repair,Husband,White,Male,0,0,40,United-States,<=50K
36,Private,30269,Some-college,10,Married-civ-spouse,Other-service,Wife,White,Female,7298,0,32,United-States,>50K.
58,Private,205896,HS-grad,9,Divorced,Sales,Other-relative,White,Female,0,0,40,United-States,<=50K
53,Private,173754,HS-grad,9,Married-civ-spouse,Handlers-cleaners,Husband,White,Male,0,0,40,United-States,>50K.
41,Self-emp-not-inc,198196,Prof-school,15,Married-civ-spouse,Prof-specialty,Husband,White,Male,15024,0,50,United-States,>50K.
29,Private,186733,HS-grad,9,Married-civ-spouse,Craft-repair,Husband,White,Male,0,0,50,United-States,<=50K
35,Private,107302,Bachelors,13,Married-civ-spouse,Sales,Husband,White,Male,0,0,40,United-States,>50K.
21,Private,104981,Some-college,10,Never-married,Prof-specialty,Own-child,White,Male,0,0,48,United-States,<=50K
46,Local-gov,197988,1st-4th,2,Never-married,Other-service,Not-in-family,Amer-Indian-Eskimo,Female,0,0,20,United-States,<=50K
41,Private,63105,HS-grad,9,Never-married,Craft-repair,Not-in-family,White,Male,0,0,42,United-States,>50K.
41,Local-gov,523910,Bachelors,13,Married-civ-spouse,Craft-repair,Husband,Black,Male,0,0,40,United-States,<=50K
51,Private,106151,5th-6th,3,Married-civ-spouse,Machine-op-inspct,Husband,White,Male,0,0,44,,>50K.
46,Private,117310,Assoc-acdm,12,Widowed,Tech-support,Unmarried,White,Female,6497,0,40,United-States,<=50K
66,Local-gov,157942,HS-grad,9,Widowed,Transport-moving,Not-in-family,Black,Female,0,0,40,United-States,<=50K
44,Private,322391,11th,7,Separated,Other-service,Unmarried,Black,Female,0,0,30,United-States,<=50K
47,State-gov,30575,Some-college,10,Married-civ-spouse,Prof-specialty,Husband,White,Male,0,0,50,United-States,<=50K
57,Private,375502,Bachelors,13,Married-civ-spouse,Prof-specialty,Husband,White,Male,0,0,55,United-States,>50K.
20,State-gov,158206,Assoc-acdm,12,Never-married,Prof-specialty,Not-in-family,White,Male,0,0,30,United-States,<=50K
32,Private,459007,HS-grad,9,Married-civ-spouse,Protective-serv,Husband,White,Male,0,0,90,United-States,<=50K
58,State-gov,191318,Masters,14,Married-civ-spouse,Exec-managerial,Husband,White,Male,15024,0,40,United-States,>50K.
51,Self-emp-not-inc,323963,HS-grad,9,Married-civ-spouse,Transport-moving,Husband,White,Male,0,0,60,United-States,>50K.
53,Private,56213,Some-college,10,Married-civ-spouse,Exec-managerial,Husband,White,Male,0,0,45,United-States,>50K.
31,Private,291052,Some-college,10,Married-civ-spouse,Adm-clerical,Husband,White,Male,0,2051,40,United-States,<=50K
38,Private,20308,HS-grad,9,Married-civ-spouse,Adm-clerical,Husband,White,Male,0,0,40,United-States,>50K.
23,Private,141272,Bachelors,13,Never-married,Other-service,Own-child,Black,Female,0,0,30,United-States,<=50K
35,Private,114765,Masters,14,Never-married,Prof-specialty,Not-in-family,White,Female,0,0,38,United-States,>50K.
40,Federal-gov,179717,HS-grad,9,Married-civ-spouse,Adm-clerical,Husband,White,Male,7298,0,50,United-States,>50K.
60,Self-emp-not-inc,69887,Some-college,10,Married-civ-spouse,Farming-fishing,Husband,White,Male,0,0,50,United-States,>50K.
19,Private,129151,HS-grad,9,Never-married,Craft-repair,Not-in-family,White,Female,0,0,40,United-States,<=50K
26,Private,236068,Some-college,10,Never-married,Sales,Other-relative,White,Female,0,0,20,United-States,<=50K
62,,103575,HS-grad,9,Married-civ-spouse,,Husband,White,Male,5178,0,40,United-States,>50K.
33,Private,343925,HS-grad,9,Never-married,Handlers-cleaners,Not-in-family,Black,Male,0,0,40,Jamaica,<=50K
21,Private,111467,Some-college,10,Never-married,Handlers-cleaners,Not-in-family,White,Male,0,0,40,United-States,<=50K
17,Private,198146,11th,7,Never-married,Sales,Own-child,White,Female,0,0,15,United-States,<=50K
49,Private,368355,Bachelors,13,Married-civ-spouse,Exec-managerial,Husband,White,Male,0,0,43,United-States,>50K.
38,Private,210438,HS-grad,9,Married-civ-spouse,Machine-op-inspct,Husband,Black,Male,0,0,40,United-States,>50K.
18,Private,173255,HS-grad,9,Never-married,Transport-moving,Own-child,White,Male,1055,0,25,United-States,<=50K
39,Federal-gov,72887,Some-college,10,Married-civ-spouse,Exec-managerial,Husband,Asian-Pac-Islander,Male,0,0,40,United-States,>50K.
47,Private,362835,Some-college,10,Married-civ-spouse,Craft-repair,Husband,White,Male,0,0,40,United-States,>50K.
20,Private,148509,HS-grad,9,Never-married,Other-service,Not-in-family,White,Female,0,0,40,United-States,<=50K
29,?,108775,HS-grad,9,Married-civ-spouse,?,Husband,White,Male,0,0,40,Dominican-Republic,<=50K
42,,191149,Bachelors,13,Married-civ-spouse,,Wife,White,Female,0,0,28,United-States,>50K.
29,Private,152951,Prof-school,15,Married-civ-spouse,Prof-specialty,Husband,White,Male,0,0,50,Canada,>50K.
64,Local-gov,190228,HS-grad,9,Widowed,Adm-clerical,Not-in-family,White,Female,0,0,35,United-States,>50K.
28,Self-emp-not-inc,107236,12th,8,Married-civ-spouse,Craft-repair,Not-in-family,White,Male,0,0,40,United-States,<=50K
49,Self-emp-not-inc,340755,Masters,14,Married-civ-spouse,Exec-managerial,Husband,White,Male,5178,0,40,United-States,>50K.
75,?,125784,Some-college,10,Married-civ-spouse,?,Husband,White,Male,0,0,8,United-States,<=50K
53,Private,321865,Prof-school,15,Never-married,Adm-clerical,Not-in-family,White,Male,0,0,40,United-States,>50K.
57,Private,122562,10th,6,Married-civ-spouse,Transport-moving,Husband,White,Male,0,0,60,United-States,>50K.
22,Private,203240,10th,6,Never-married,Adm-clerical,Not-in-family,White,Female,0,0,40,United-States,<=50K
46,Private,182414,Doctorate,16,Married-civ-spouse,Prof-specialty,Husband,White,Male,0,0,55,United-States,>50K.
32,?,53042,HS-grad,9,Never-married,?,Own-child,Black,Male,0,0,40,United-States,<=50K
35,Private,236910,Bachelors,13,Married-civ-spouse,Exec-managerial,Husband,White,Male,0,0,60,United-States,<=50K
20,Private,406641,HS-grad,9,Never-married,Adm-clerical,Not-in-family,White,Female,0,0,30,United-States,<=50K
23,Private,211678,Some-college,10,Never-married,Machine-op-inspct,Not-in-family,White,Male,0,0,40,United-States,<=50K
51,Self-emp-not-inc,171924,Some-college,10,Married-civ-spouse,Sales,Husband,White,Male,0,0,50,United-States,<=50K
41,Private,144752,Some-college,10,Married-civ-spouse,Exec-managerial,Husband,Amer-Indian-Eskimo,Male,0,0,40,United-States,>50K.
19,State-gov,37332,HS-grad,9,Never-married,Adm-clerical,Not-in-family,White,Female,0,0,20,United-States,<=50K
37,Local-gov,269323,Some-college,10,Married-civ-spouse,Exec-managerial,Husband,White,Male,0,0,40,United-States,>50K.
58,Private,197642,Some-college,10,Never-married,Adm-clerical,Not-in-family,White,Female,0,0,39,United-States,<=50K
20,Private,109952,Some-college,10,Never-married,Handlers-cleaners,Own-child,White,Male,0,0,25,United-States,<=50K
37,Private,38948,HS-grad,9,Married-civ-spouse,Transport-moving,Husband,White,Male,0,0,50,United-States,<=50K
46,Private,30111,HS-grad,9,Married-civ-spouse,Exec-managerial,Husband,Black,Male,0,0,40,United-States,>50K.
31,State-gov,286911,Some-college,10,Married-civ-spouse,Adm-clerical,Husband,White,Male,0,0,38,United-States,<=50K
48,Self-emp-inc,275100,HS-grad,9,Married-civ-spouse,Exec-managerial,Husband,White,Male,0,0,70,Greece,>50K.
20,Private,406641,Some-college,10,Never-married,Adm-clerical,Own-child,White,Female,0,0,35,United-States,<=50K
51,Private,104748,Some-college,10,Married-civ-spouse,Exec-managerial,Husband,White,Male,0,0,45,United-States,<=50K
20,Private,284737,Some-college,10,Never-married,Other-service,Own-child,White,Male,0,0,20,United-States,<=50K
45,Private,272442,Masters,14,Married-civ-spouse,Prof-specialty,Husband,White,Male,0,0,50,United-States,>50K.
65,Private,149131,11th,7,Divorced,Machine-op-inspct,Other-relative,White,Male,0,0,40,United-States,<=50K
22,Private,175431,HS-grad,9,Married-civ-spouse,Other-service,Husband,White,Male,0,0,20,United-States,<=50K
42,Local-gov,261899,Masters,14,Married-civ-spouse,Prof-specialty,Husband,White,Male,0,0,50,United-States,>50K.
58,Private,223214,HS-grad,9,Married-civ-spouse,Prof-specialty,Husband,White,Male,0,0,40,,>50K.
46,Private,197731,Assoc-voc,11,Married-spouse-absent,Machine-op-inspct,Unmarried,White,Male,0,0,40,United-States,<=50K
20,Private,161092,Some-college,10,Never-married,Adm-clerical,Own-child,White,Male,0,0,14,United-States,<=50K
35,State-gov,308945,Some-college,10,Married-civ-spouse,Machine-op-inspct,Husband,White,Male,0,0,50,United-States,>50K.
18,?,261276,Some-college,10,Never-married,?,Own-child,Black,Female,0,1602,40,Cambodia,<=50K
56,Private,257555,Masters,14,Married-civ-spouse,Prof-specialty,Husband,White,Male,0,0,40,United-States,>50K.
29,Private,55390,HS-grad,9,Married-civ-spouse,Craft-repair,Husband,White,Male,0,0,40,United-States,>50K.
36,Private,187847,HS-grad,9,Married-civ-spouse,Craft-repair,Husband,White,Male,0,0,40,United-States,>50K.
46,Self-emp-not-inc,198759,Bachelors,13,Married-civ-spouse,Sales,Husband,White,Male,0,0,50,United-States,>50K.
56,Private,197114,HS-grad,9,Never-married,Handlers-cleaners,Own-child,White,Male,0,0,28,United-States,<=50K
65,Private,361721,Assoc-voc,11,Married-civ-spouse,Transport-moving,Husband,White,Male,0,0,20,United-States,<=50K
70,Private,132670,Masters,14,Married-civ-spouse,Sales,Husband,White,Male,9386,0,4,United-States,>50K.
39,Self-emp-inc,172538,HS-grad,9,Married-civ-spouse,Exec-managerial,Husband,White,Male,0,0,60,United-States,>50K.
22,?,139324,9th,5,Never-married,?,Unmarried,Black,Female,0,0,36,United-States,<=50K
29,Private,499197,Some-college,10,Married-civ-spouse,Prof-specialty,Husband,White,Male,0,0,40,United-States,<=50K
23,Private,238917,7th-8th,4,Never-married,Craft-repair,Other-relative,White,Male,0,0,36,United-States,<=50K
36,Private,188571,HS-grad,9,Married-civ-spouse,Craft-repair,Husband,White,Male,0,0,40,United-States,<=50K
20,Private,164574,HS-grad,9,Never-married,Other-service,Own-child,White,Male,0,0,30,United-States,<=50K
49,Private,133917,Assoc-voc,11,Never-married,Sales,Other-relative,Black,Male,0,0,40,?,<=50K
45,Self-emp-inc,281911,HS-grad,9,Married-civ-spouse,Craft-repair,Husband,White,Male,0,0,48,United-States,<=50K
40,Private,356934,Prof-school,15,Married-civ-spouse,Exec-managerial,Husband,White,Male,0,0,50,United-States,>50K.
53,Private,174102,HS-grad,9,Married-civ-spouse,Craft-repair,Husband,White,Male,0,0,40,United-States,>50K.
19,Private,375114,HS-grad,9,Never-married,Craft-repair,Not-in-family,White,Female,0,0,40,United-States,<=50K
25,Private,232991,5th-6th,3,Married-civ-spouse,Machine-op-inspct,Husband,Other,Male,0,0,40,Mexico,<=50K
21,?,161930,HS-grad,9,Never-married,?,Own-child,Black,Female,0,1504,30,United-States,<=50K
22,Private,356567,Assoc-voc,11,Divorced,Tech-support,Not-in-family,White,Male,0,0,60,United-States,<=50K
37,Private,86308,Bachelors,13,Married-civ-spouse,Prof-specialty,Wife,Asian-Pac-Islander,Female,0,0,40,Philippines,>50K.
31,?,672412,11th,7,Separated,?,Not-in-family,Black,Male,0,0,40,United-States,<=50K
52,Local-gov,192853,HS-grad,9,Married-civ-spouse,Transport-moving,Husband,Other,Male,0,0,40,Jamaica,>50K.
47,Private,177087,HS-grad,9,Widowed,Exec-managerial,Not-in-family,White,Female,0,2444,50,United-States,>50K.
34,Private,617917,Bachelors,13,Married-civ-spouse,Sales,Husband,White,Male,0,1887,40,United-States,>50K.
25,Private,202560,Some-college,10,Never-married,Other-service,Not-in-family,White,Female,0,0,40,United-States,<=50K
31,Private,56510,Some-college,10,Married-civ-spouse,Craft-repair,Husband,Asian-Pac-Islander,Male,0,0,40,United-States,<=50K
22,Local-gov,249727,Some-college,10,Married-civ-spouse,Protective-serv,Husband,White,Male,0,0,40,United-States,>50K.
52,Private,172165,10th,6,Divorced,Other-service,Other-relative,White,Female,0,0,25,United-States,<=50K
34,Private,320077,Bachelors,13,Divorced,Prof-specialty,Not-in-family,White,Female,0,0,50,United-States,>50K.
35,Private,327435,Some-college,10,Separated,Prof-specialty,Unmarried,White,Female,0,0,45,United-States,>50K.
27,Private,198813,HS-grad,9,Divorced,Adm-clerical,Own-child,Black,Female,0,0,40,United-States,<=50K
31,Private,264936,Some-college,10,Never-married,Other-service,Not-in-family,White,Female,0,0,40,United-States,<=50K
41,Self-emp-not-inc,167081,Masters,14,Married-civ-spouse,Prof-specialty,Husband,White,Male,0,2415,55,United-States,>50K.
25,Private,203561,Assoc-voc,11,Married-civ-spouse,Tech-support,Husband,White,Male,0,0,56,United-States,>50K.
35,Private,301911,Bachelors,13,Married-civ-spouse,Exec-managerial,Husband,Asian-Pac-Islander,Male,0,0,50,Japan,>50K.
26,Private,212304,7th-8th,4,Never-married,Machine-op-inspct,Own-child,White,Male,0,0,48,United-States,<=50K
32,Private,496743,Bachelors,13,Never-married,Prof-specialty,Own-child,White,Male,0,0,40,United-States,<=50K
43,State-gov,144811,Prof-school,15,Divorced,Prof-specialty,Not-in-family,White,Male,0,0,50,United-States,<=50K
43,Private,180138,HS-grad,9,Never-married,Craft-repair,Not-in-family,White,Male,0,0,45,United-States,<=50K
67,,350525,Some-college,10,Married-civ-spouse,,Husband,White,Male,0,0,15,United-States,>50K.
30,Private,164190,HS-grad,9,Never-married,Adm-clerical,Not-in-family,White,Male,0,0,38,?,<=50K
47,Self-emp-inc,209460,Some-college,10,Married-civ-spouse,Exec-managerial,Husband,White,Male,4386,0,40,United-States,>50K.
52,Private,72743,HS-grad,9,Married-spouse-absent,Adm-clerical,Not-in-family,White,Female,0,0,50,United-States,<=50K
41,Private,174373,HS-grad,9,Married-civ-spouse,Sales,Husband,White,Male,0,0,30,United-States,>50K.
25,?,230856,HS-grad,9,Never-married,?,Unmarried,Black,Female,0,0,40,United-States,<=50K
48,Private,548568,Masters,14,Married-civ-spouse,Sales,Husband,White,Male,0,0,50,United-States,>50K.
59,Private,368005,11th,7,Married-civ-spouse,Craft-repair,Husband,White,Male,0,0,40,United-States,<=50K
47,Private,162034,Bachelors,13,Married-civ-spouse,Sales,Husband,White,Male,0,0,70,United-States,<=50K
24,Private,125905,HS-grad,9,Married-civ-spouse,Craft-repair,Husband,White,Male,0,0,40,United-States,<=50K
17,?,258872,11th,7,Never-married,?,Own-child,White,Female,0,0,5,United-States,<=50K
49,Self-emp-not-inc,47086,Bachelors,13,Widowed,Sales,Unmarried,White,Female,0,0,40,United-States,<=50K
24,Private,304463,Some-college,10,Married-civ-spouse,Craft-repair,Husband,White,Male,0,0,65,United-States,<=50K
20,Private,379525,Some-college,10,Never-married,Other-service,Own-child,White,Female,0,0,10,United-States,<=50K
57,State-gov,141459,Some-college,10,Divorced,Prof-specialty,Unmarried,White,Female,0,0,40,United-States,<=50K
39,Private,162370,Bachelors,13,Married-civ-spouse,Exec-managerial,Husband,White,Male,0,0,40,United-States,>50K.
81,Private,36147,Prof-school,15,Married-civ-spouse,Farming-fishing,Husband,White,Male,10605,0,2,United-States,>50K.
66,,249043,11th,7,Married-civ-spouse,,Husband,White,Male,0,0,40,United-States,>50K.
31,Private,203488,Some-college,10,Married-civ-spouse,Sales,Husband,White,Male,0,0,44,United-States,>50K.
56,Self-emp-not-inc,159937,HS-grad,9,Married-civ-spouse,Exec-managerial,Husband,Amer-Indian-Eskimo,Male,0,0,30,United-States,>50K.
32,Private,236543,12th,8,Divorced,Protective-serv,Own-child,White,Male,0,0,54,Mexico,<=50K
65,?,79272,Some-college,10,Widowed,?,Not-in-family,Asian-Pac-Islander,Female,0,0,6,United-States,<=50K
34,Self-emp-inc,154227,Some-college,10,Never-married,Sales,Not-in-family,White,Male,0,0,75,United-States,<=50K
18,?,120243,11th,7,Never-married,?,Own-child,White,Male,0,0,27,United-States,<=50K
19,?,230874,Some-college,10,Never-married,?,Own-child,White,Female,0,0,40,United-States,<=50K
45,Private,87583,HS-grad,9,Married-civ-spouse,Prof-specialty,Wife,White,Female,0,0,14,United-States,<=50K
32,Private,226535,HS-grad,9,Never-married,Craft-repair,Not-in-family,White,Male,0,0,40,United-States,<=50K
35,Private,276552,HS-grad,9,Divorced,Craft-repair,Not-in-family,White,Male,0,0,40,United-States,<=50K
49,Private,131918,Some-college,10,Married-civ-spouse,Machine-op-inspct,Husband,White,Male,0,0,50,United-States,>50K.
22,Private,102684,Some-college,10,Never-married,Transport-moving,Not-in-family,White,Male,0,0,32,United-States,<=50K
18,Private,301948,HS-grad,9,Never-married,Protective-serv,Own-child,White,Male,34095,0,3,United-States,<=50K
66,Private,102423,Assoc-voc,11,Married-civ-spouse,Adm-clerical,Husband,White,Male,0,0,30,United-States,<=50K
60,Self-emp-not-inc,92845,5th-6th,3,Married-civ-spouse,Farming-fishing,Husband,White,Male,0,0,40,United-States,<=50K
39,Private,218490,Prof-school,15,Married-civ-spouse,Prof-specialty,Husband,White,Male,15024,0,60,United-States,>50K.
40,Self-emp-not-inc,367819,Bachelors,13,Married-civ-spouse,Exec-managerial,Husband,White,Male,0,1977,40,United-States,>50K.
43,Private,298161,HS-grad,9,Married-civ-spouse,Machine-op-inspct,Wife,White,Female,0,0,40,Nicaragua,<=50K
40,Local-gov,50563,Masters,14,Married-civ-spouse,Exec-managerial,Husband,Black,Male,0,0,55,United-States,>50K.
29,Private,100219,Assoc-acdm,12,Never-married,Machine-op-inspct,Unmarried,White,Male,0,0,45,United-States,<=50K
44,Private,211759,Bachelors,13,Married-civ-spouse,Exec-managerial,Husband,Other,Male,0,0,40,Puerto-Rico,<=50K
18,Private,92008,HS-grad,9,Never-married,Handlers-cleaners,Other-relative,White,Female,0,0,28,United-States,<=50K
41,State-gov,124520,Masters,14,Married-civ-spouse,Prof-specialty,Husband,White,Male,0,0,40,United-States,>50K.
46,Private,201595,HS-grad,9,Married-civ-spouse,Transport-moving,Husband,White,Male,0,0,70,United-States,<=50K
40,Private,144928,Some-college,10,Married-civ-spouse,Handlers-cleaners,Husband,White,Male,7298,0,40,United-States,>50K.
62,,119986,Bachelors,13,Married-civ-spouse,,Husband,White,Male,0,0,60,United-States,>50K.
38,State-gov,108293,Masters,14,Never-married,Prof-specialty,Other-relative,White,Female,0,0,40,United-States,<=50K
63,Local-gov,199275,HS-grad,9,Never-married,Exec-managerial,Not-in-family,White,Female,8614,0,38,United-States,>50K.
34,?,146589,HS-grad,9,Never-married,?,Unmarried,Black,Female,0,0,40,United-States,<=50K
58,Private,199067,Bachelors,13,Divorced,Exec-managerial,Not-in-family,White,Male,0,0,65,United-States,>50K.
23,Private,27776,Some-college,10,Married-civ-spouse,Transport-moving,Husband,White,Male,0,0,24,United-States,<=50K
41,Self-emp-inc,163215,Prof-school,15,Never-married,Prof-specialty,Not-in-family,White,Female,0,0,60,United-States,>50K.
45,Federal-gov,106910,HS-grad,9,Never-married,Transport-moving,Unmarried,Asian-Pac-Islander,Female,0,0,40,United-States,<=50K
55,Private,100054,10th,6,Never-married,Other-service,Not-in-family,White,Male,0,0,40,United-States,<=50K
33,Local-gov,115488,Bachelors,13,Married-civ-spouse,Prof-specialty,Husband,White,Male,0,0,50,United-States,<=50K
44,Private,121012,9th,5,Divorced,Craft-repair,Not-in-family,White,Male,0,0,40,United-States,<=50K
42,Private,228320,Bachelors,13,Married-civ-spouse,Sales,Husband,White,Male,5178,0,45,United-States,>50K.
48,Private,91251,7th-8th,4,Married-civ-spouse,Other-service,Husband,Asian-Pac-Islander,Male,0,0,30,China,<=50K
24,Private,138768,Assoc-acdm,12,Never-married,Handlers-cleaners,Own-child,White,Male,0,0,30,United-States,<=50K
27,Private,223751,Some-college,10,Never-married,Craft-repair,Not-in-family,White,Male,0,0,45,United-States,<=50K
42,Private,245565,Bachelors,13,Never-married,Prof-specialty,Own-child,White,Female,0,0,12,England,<=50K
36,Private,193815,Some-college,10,Married-civ-spouse,Craft-repair,Husband,White,Male,0,0,50,United-States,>50K.
32,Self-emp-not-inc,176185,Bachelors,13,Married-civ-spouse,Tech-support,Husband,White,Male,7298,0,40,Japan,>50K.
47,Self-emp-inc,337825,Some-college,10,Married-civ-spouse,Sales,Husband,White,Male,0,0,45,United-States,>50K.
23,Private,306601,Bachelors,13,Never-married,Craft-repair,Not-in-family,Amer-Indian-Eskimo,Male,0,0,40,Mexico,<=50K
41,Private,316820,Bachelors,13,Divorced,Sales,Not-in-family,White,Male,0,0,40,United-States,>50K.
65,Local-gov,188903,HS-grad,9,Married-civ-spouse,Handlers-cleaners,Husband,White,Male,6418,0,45,United-States,>50K.
51,State-gov,196395,HS-grad,9,Married-civ-spouse,Prof-specialty,Husband,Black,Male,0,0,60,United-States,>50K.
28,State-gov,78356,Masters,14,Married-civ-spouse,Exec-managerial,Husband,Black,Male,0,0,40,Jamaica,<=50K
31,Local-gov,176185,Bachelors,13,Married-civ-spouse,Machine-op-inspct,Husband,White,Male,4064,0,40,?,<=50K
62,Private,252668,Masters,14,Never-married,Prof-specialty,Not-in-family,White,Male,0,0,70,United-States,<=50K
36,Private,184659,HS-grad,9,Married-civ-spouse,Craft-repair,Husband,White,Male,7298,0,40,United-States,>50K.
46,Private,29437,Assoc-acdm,12,Married-civ-spouse,Sales,Husband,White,Male,0,0,50,United-States,<=50K
35,Private,278442,Bachelors,13,Married-civ-spouse,Sales,Husband,White,Male,7298,0,48,United-States,>50K.
56,Private,225267,HS-grad,9,Married-civ-spouse,Prof-specialty,Husband,White,Male,0,0,40,United-States,<=50K
29,Private,293073,Prof-school,15,Married-civ-spouse,Prof-specialty,Husband,White,Male,7298,0,48,United-States,>50K.
42,Private,572751,Preschool,1,Married-civ-spouse,Craft-repair,Husband,White,Male,0,0,40,Nicaragua,<=50K
40,Private,230961,Some-college,10,Married-civ-spouse,Sales,Husband,White,Male,0,0,40,United-States,<=50K
37,Private,312766,HS-grad,9,Divorced,Other-service,Not-in-family,White,Female,0,0,40,United-States,<=50K
34,Private,195602,Assoc-acdm,12,Married-civ-spouse,Craft-repair,Husband,White,Male,0,0,44,United-States,<=50K
20,Private,146879,HS-grad,9,Never-married,Other-service,Not-in-family,White,Male,0,2001,40,United-States,<=50K
34,Private,161153,Bachelors,13,Married-civ-spouse,Prof-specialty,Husband,White,Male,0,0,40,United-States,>50K.
41,Private,157473,Masters,14,Married-civ-spouse,Adm-clerical,Wife,White,Female,0,0,50,United-States,>50K.
33,Private,218407,Bachelors,13,Married-civ-spouse,Sales,Husband,White,Male,0,0,80,Columbia,>50K.
44,Self-emp-inc,79521,Bachelors,13,Married-civ-spouse,Farming-fishing,Husband,White,Male,15024,0,55,United-States,>50K.
43,Self-emp-not-inc,204235,Bachelors,13,Married-civ-spouse,Sales,Husband,White,Male,0,0,50,United-States,>50K.
28,Private,239539,HS-grad,9,Married-spouse-absent,Machine-op-inspct,Own-child,Asian-Pac-Islander,Male,0,0,40,Philippines,<=50K
49,Self-emp-inc,125892,Prof-school,15,Married-civ-spouse,Prof-specialty,Husband,White,Male,0,0,40,United-States,>50K.
59,Local-gov,240030,Prof-school,15,Married-civ-spouse,Exec-managerial,Husband,White,Male,0,0,40,United-States,>50K.
18,Local-gov,155905,Masters,14,Never-married,Prof-specialty,Own-child,White,Female,0,0,60,United-States,<=50K
39,Private,181661,HS-grad,9,Married-civ-spouse,Handlers-cleaners,Husband,White,Male,0,0,40,United-States,<=50K
41,State-gov,201363,HS-grad,9,Married-civ-spouse,Adm-clerical,Wife,White,Female,0,0,38,United-States,>50K.
36,Private,281021,HS-grad,9,Never-married,Transport-moving,Not-in-family,White,Male,0,0,45,United-States,<=50K
35,Private,233786,11th,7,Separated,Other-service,Unmarried,White,Male,0,0,20,United-States,<=50K
39,Private,181983,Doctorate,16,Divorced,Exec-managerial,Not-in-family,White,Female,0,2559,60,England,>50K.
37,Private,365739,Assoc-acdm,12,Married-civ-spouse,Tech-support,Husband,White,Male,0,0,40,United-States,>50K.
31,Private,280927,Bachelors,13,Never-married,Exec-managerial,Not-in-family,White,Female,0,0,40,United-States,>50K.
37,Private,254202,Bachelors,13,Married-civ-spouse,Sales,Husband,White,Male,0,0,50,United-States,<=50K
47,Federal-gov,186256,Assoc-acdm,12,Married-civ-spouse,Exec-managerial,Husband,White,Male,15024,0,40,United-States,>50K.
53,Private,402016,HS-grad,9,Married-civ-spouse,Handlers-cleaners,Husband,White,Male,0,0,52,United-States,>50K.
43,Private,147110,Some-college,10,Married-civ-spouse,Prof-specialty,Husband,White,Male,0,0,40,United-States,>50K.
19,Private,29526,Some-college,10,Never-married,Other-service,Own-child,White,Female,0,0,18,United-States,<=50K
63,Self-emp-not-inc,388594,Prof-school,15,Married-civ-spouse,Prof-specialty,Husband,White,Male,15024,0,50,United-States,>50K.
30,Private,34572,Prof-school,15,Married-civ-spouse,Prof-specialty,Husband,White,Male,0,0,80,United-States,>50K.
34,Private,112115,Bachelors,13,Never-married,Prof-specialty,Not-in-family,White,Male,0,0,40,United-States,>50K.
90,Local-gov,188242,HS-grad,9,Never-married,Craft-repair,Own-child,White,Male,11678,0,40,United-States,>50K.
58,Local-gov,310085,HS-grad,9,Married-civ-spouse,Other-service,Husband,White,Male,0,0,40,United-States,>50K.
66,Self-emp-not-inc,183249,Bachelors,13,Married-civ-spouse,Prof-specialty,Husband,White,Male,0,0,20,United-States,>50K.
48,Private,83444,Masters,14,Married-civ-spouse,Prof-specialty,Husband,White,Male,7298,0,55,United-States,>50K.
31,Private,331065,Bachelors,13,Never-married,Exec-managerial,Not-in-family,White,Female,0,1408,40,United-States,<=50K
25,Private,51201,HS-grad,9,Married-civ-spouse,Craft-repair,Husband,White,Male,0,0,35,United-States,<=50K
21,Private,174907,HS-grad,9,Never-married,Adm-clerical,Own-child,White,Female,0,0,40,United-States,<=50K
31,Private,232475,Some-college,10,Married-civ-spouse,Adm-clerical,Husband,White,Male,0,0,40,United-States,<=50K
38,Private,116358,Some-college,10,Married-civ-spouse,Other-service,Husband,Asian-Pac-Islander,Male,0,0,40,Philippines,<=50K
43,Local-gov,193755,Bachelors,13,Married-civ-spouse,Prof-specialty,Husband,White,Male,0,0,40,United-States,<=50K
44,Private,228124,HS-grad,9,Married-spouse-absent,Adm-clerical,Unmarried,Black,Female,0,0,40,United-States,<=50K
45,Private,26781,HS-grad,9,Married-civ-spouse,Farming-fishing,Husband,Amer-Indian-Eskimo,Male,0,0,40,United-States,<=50K
25,Private,34803,Bachelors,13,Never-married,Exec-managerial,Own-child,White,Female,0,0,20,United-States,<=50K
62,Local-gov,206063,Some-college,10,Divorced,Other-service,Not-in-family,White,Male,0,0,45,United-States,<=50K
41,Private,193882,HS-grad,9,Married-civ-spouse,Exec-managerial,Husband,White,Male,15024,0,65,United-States,>50K.
31,Private,127651,Assoc-acdm,12,Married-civ-spouse,Exec-managerial,Husband,White,Male,0,1902,38,United-States,>50K.
42,Private,106159,Bachelors,13,Married-civ-spouse,Prof-specialty,Husband,White,Male,0,0,40,United-States,>50K.
26,Private,297991,Bachelors,13,Married-civ-spouse,Sales,Not-in-family,Asian-Pac-Islander,Female,0,1977,75,Cambodia,>50K.
48,Private,86009,Assoc-voc,11,Married-civ-spouse,Craft-repair,Husband,White,Male,0,0,40,United-States,>50K.
45,Private,125194,11th,7,Never-married,Machine-op-inspct,Not-in-family,Black,Female,0,0,40,United-States,<=50K
19,Private,560804,Some-college,10,Never-married,Adm-clerical,Own-child,White,Female,0,0,30,United-States,<=50K
25,Private,60358,Bachelors,13,Never-married,Exec-managerial,Own-child,White,Male,0,0,40,United-States,<=50K
20,Private,173724,Some-college,10,Never-married,Handlers-cleaners,Own-child,White,Male,0,0,20,United-States,<=50K
26,Local-gov,273399,Some-college,10,Never-married,Protective-serv,Not-in-family,White,Male,0,0,40,Peru,<=50K
35,Private,207819,Bachelors,13,Married-civ-spouse,Exec-managerial,Husband,White,Male,15024,0,50,United-States,>50K.
39,Private,92143,Assoc-voc,11,Married-civ-spouse,Exec-managerial,Wife,White,Female,7688,0,55,United-States,>50K.
67,Private,257557,7th-8th,4,Married-civ-spouse,Transport-moving,Husband,Black,Male,10566,0,40,United-States,<=50K
50,Private,177705,Bachelors,13,Divorced,Other-service,Not-in-family,White,Male,0,0,40,United-States,<=50K
39,Private,32650,Assoc-voc,11,Never-married,Farming-fishing,Not-in-family,White,Male,0,0,60,United-States,<=50K
27,Private,103164,11th,7,Married-civ-spouse,Craft-repair,Husband,White,Male,0,0,40,United-States,<=50K
19,Private,60661,HS-grad,9,Never-married,Handlers-cleaners,Own-child,White,Male,0,0,52,United-States,<=50K
70,Self-emp-not-inc,177199,HS-grad,9,Married-civ-spouse,Exec-managerial,Husband,White,Male,0,0,3,United-States,<=50K
38,Private,185556,HS-grad,9,Divorced,Sales,Not-in-family,White,Male,0,0,50,United-States,>50K.
53,Private,224894,5th-6th,3,Married-civ-spouse,Priv-house-serv,Wife,Black,Female,0,0,10,Haiti,<=50K
23,Private,214227,Assoc-voc,11,Divorced,Adm-clerical,Not-in-family,White,Female,0,0,30,United-States,<=50K
35,Private,165215,Bachelors,13,Married-civ-spouse,Prof-specialty,Wife,White,Female,0,0,15,United-States,>50K.
22,Private,107882,Bachelors,13,Never-married,Exec-managerial,Own-child,White,Female,0,0,35,United-States,<=50K
43,?,218558,HS-grad,9,Married-civ-spouse,?,Husband,White,Male,0,0,40,United-States,<=50K
58,Private,71283,HS-grad,9,Married-civ-spouse,Transport-moving,Husband,White,Male,0,0,38,United-States,>50K.
19,Private,199441,HS-grad,9,Never-married,Prof-specialty,Not-in-family,White,Female,0,0,40,United-States,<=50K
46,Private,175625,Prof-school,15,Divorced,Prof-specialty,Unmarried,White,Female,0,0,40,United-States,<=50K
51,Private,172493,Some-college,10,Never-married,Exec-managerial,Not-in-family,White,Female,0,0,12,United-States,<=50K
31,Federal-gov,103651,HS-grad,9,Married-civ-spouse,Adm-clerical,Husband,White,Male,0,0,45,United-States,>50K.
36,Private,164898,HS-grad,9,Married-civ-spouse,Exec-managerial,Husband,White,Male,0,0,40,United-States,<=50K
48,Private,148576,HS-grad,9,Married-civ-spouse,Machine-op-inspct,Husband,White,Male,0,0,40,United-States,>50K.
60,Private,180418,11th,7,Married-civ-spouse,Craft-repair,Husband,White,Male,0,0,40,United-States,<=50K
55,Self-emp-not-inc,189721,HS-grad,9,Married-civ-spouse,Craft-repair,Husband,White,Male,0,0,20,United-States,<=50K
45,Federal-gov,187510,Masters,14,Married-civ-spouse,Prof-specialty,Husband,White,Male,0,0,40,United-States,>50K.
59,Private,147098,HS-grad,9,Married-civ-spouse,Craft-repair,Husband,White,Male,0,0,40,United-States,>50K.
80,Self-emp-not-inc,225892,HS-grad,9,Married-civ-spouse,Other-service,Husband,White,Male,1409,0,40,United-States,<=50K
47,Self-emp-not-inc,294671,HS-grad,9,Married-civ-spouse,Sales,Husband,White,Male,0,0,55,United-States,>50K.
29,Private,306420,HS-grad,9,Married-civ-spouse,Craft-repair,Husband,White,Male,0,0,45,United-States,>50K.
46,Private,120131,Bachelors,13,Married-civ-spouse,Exec-managerial,Husband,White,Male,3103,0,40,United-States,>50K.
41,State-gov,205153,Masters,14,Married-civ-spouse,Exec-managerial,Husband,White,Male,0,0,50,United-States,>50K.
38,Self-emp-inc,312232,Bachelors,13,Married-civ-spouse,Sales,Husband,White,Male,0,0,55,United-States,>50K.
33,Local-gov,147654,Assoc-voc,11,Married-civ-spouse,Prof-specialty,Husband,White,Male,0,0,60,United-States,<=50K
53,Private,153064,5th-6th,3,Married-civ-spouse,Exec-managerial,Husband,White,Male,7688,0,10,Yugoslavia,>50K.
17,Private,46402,7th-8th,4,Never-married,Sales,Own-child,White,Male,0,0,8,United-States,<=50K
35,Private,407913,HS-grad,9,Separated,Other-service,Not-in-family,Black,Male,0,0,40,United-States,<=50K
55,,421228,Masters,14,Married-civ-spouse,,Wife,White,Female,0,0,40,United-States,>50K.
43,Private,222596,Some-college,10,Married-civ-spouse,Craft-repair,Husband,White,Male,0,0,45,Poland,>50K.
37,Federal-gov,45937,Bachelors,13,Married-civ-spouse,Prof-specialty,Wife,White,Female,0,0,48,United-States,>50K.
34,Private,171159,Some-college,10,Divorced,Adm-clerical,Unmarried,White,Female,0,0,30,United-States,<=50K
39,Private,77146,Some-college,10,Married-civ-spouse,Sales,Husband,White,Male,0,0,55,United-States,>50K.
56,Private,131608,HS-grad,9,Married-civ-spouse,Machine-op-inspct,Husband,White,Male,0,0,40,Ireland,>50K.
23,Private,259301,HS-grad,9,Divorced,Exec-managerial,Unmarried,White,Female,0,0,40,United-States,<=50K
40,Federal-gov,155106,HS-grad,9,Married-civ-spouse,Adm-clerical,Husband,White,Male,0,0,55,United-States,>50K.
39,Private,126494,HS-grad,9,Divorced,Prof-specialty,Unmarried,White,Female,0,0,40,United-States,<=50K
33,Private,116294,Bachelors,13,Never-married,Prof-specialty,Own-child,White,Female,0,0,40,United-States,>50K.
49,Private,176907,HS-grad,9,Married-civ-spouse,Machine-op-inspct,Husband,White,Male,0,0,40,United-States,>50K.
76,Private,116202,HS-grad,9,Widowed,Other-service,Unmarried,White,Female,0,0,33,United-States,<=50K
36,Private,208068,Preschool,1,Divorced,Other-service,Not-in-family,Other,Male,0,0,72,Mexico,<=50K
51,Private,142835,11th,7,Married-civ-spouse,Machine-op-inspct,Husband,White,Male,0,0,40,United-States,<=50K
50,Private,234657,Some-college,10,Divorced,Adm-clerical,Unmarried,White,Female,0,0,40,United-States,<=50K
21,Private,194096,Some-college,10,Never-married,Other-service,Own-child,White,Female,0,0,40,United-States,<=50K
47,Private,216093,HS-grad,9,Married-civ-spouse,Adm-clerical,Husband,White,Male,15024,0,40,United-States,>50K.
63,Private,183608,10th,6,Married-civ-spouse,Exec-managerial,Husband,White,Male,0,0,40,United-States,<=50K
36,Self-emp-not-inc,278553,Prof-school,15,Married-civ-spouse,Prof-specialty,Husband,Black,Male,15024,0,75,United-States,>50K.
52,Private,163776,HS-grad,9,Married-civ-spouse,Sales,Husband,White,Male,0,1902,60,United-States,>50K.
17,Local-gov,192387,9th,5,Never-married,Other-service,Own-child,White,Male,0,0,45,United-States,<=50K
69,Private,164110,Bachelors,13,Married-civ-spouse,Sales,Husband,White,Male,10605,0,50,United-States,>50K.
23,Private,27776,HS-grad,9,Married-civ-spouse,Other-service,Husband,White,Male,0,0,40,United-States,<=50K
18,Private,39222,11th,7,Never-married,Other-service,Own-child,White,Male,0,0,40,United-States,<=50K
39,Private,56269,Some-college,10,Never-married,Craft-repair,Own-child,Black,Male,0,0,40,United-States,<=50K
45,Self-emp-not-inc,355978,Some-college,10,Married-civ-spouse,Sales,Husband,White,Male,0,0,60,United-States,>50K.
44,Private,172475,HS-grad,9,Divorced,Adm-clerical,Not-in-family,Asian-Pac-Islander,Female,0,0,40,Vietnam,<=50K
45,Self-emp-not-inc,70754,Prof-school,15,Married-civ-spouse,Prof-specialty,Husband,White,Male,7298,0,60,United-States,>50K.
43,Self-emp-not-inc,83411,Bachelors,13,Married-civ-spouse,Sales,Husband,White,Male,0,2415,40,United-States,>50K.
22,Private,195179,Some-college,10,Never-married,Sales,Own-child,White,Male,0,0,24,United-States,<=50K
33,Private,183612,HS-grad,9,Married-civ-spouse,Transport-moving,Husband,White,Male,0,0,20,United-States,<=50K
48,Private,70668,HS-grad,9,Married-civ-spouse,Machine-op-inspct,Wife,White,Female,0,0,50,United-States,<=50K
50,Local-gov,306985,Masters,14,Married-civ-spouse,Adm-clerical,Other-relative,White,Female,0,2415,50,United-States,>50K.
23,Local-gov,287988,Bachelors,13,Never-married,Prof-specialty,Not-in-family,White,Male,0,0,40,United-States,<=50K
35,Self-emp-not-inc,31095,Assoc-voc,11,Never-married,Farming-fishing,Not-in-family,White,Male,0,0,60,United-States,<=50K
32,?,647882,HS-grad,9,Married-civ-spouse,?,Husband,White,Male,0,0,40,?,<=50K
58,Self-emp-inc,314482,HS-grad,9,Married-civ-spouse,Exec-managerial,Husband,White,Male,0,0,40,United-States,>50K.
67,,106175,Bachelors,13,Married-civ-spouse,,Husband,White,Male,0,0,20,United-States,>50K.
31,Private,105479,Bachelors,13,Married-civ-spouse,Sales,Husband,White,Male,0,0,50,United-States,>50K.
29,Private,109494,Bachelors,13,Married-civ-spouse,Prof-specialty,Husband,White,Male,5178,0,45,United-States,>50K.
55,Private,138594,Doctorate,16,Married-civ-spouse,Prof-specialty,Husband,White,Male,0,0,56,United-States,>50K.
22,?,216563,HS-grad,9,Never-married,?,Other-relative,White,Female,0,0,40,United-States,<=50K
39,Private,210626,HS-grad,9,Divorced,Machine-op-inspct,Unmarried,White,Female,0,0,40,United-States,<=50K
61,Self-emp-not-inc,48846,Doctorate,16,Married-civ-spouse,Prof-specialty,Husband,White,Male,0,0,55,United-States,>50K.
34,Private,153942,Assoc-voc,11,Married-civ-spouse,Sales,Husband,White,Male,0,0,40,United-States,<=50K
42,Private,144002,HS-grad,9,Married-civ-spouse,Exec-managerial,Husband,White,Male,0,0,50,United-States,>50K.
20,Private,24967,HS-grad,9,Never-married,Farming-fishing,Own-child,White,Male,0,0,47,United-States,<=50K
25,Private,177147,Some-college,10,Never-married,Handlers-cleaners,Not-in-family,White,Male,0,0,40,United-States,<=50K
41,Private,510072,Bachelors,13,Married-civ-spouse,Prof-specialty,Husband,White,Male,0,0,40,United-States,>50K.
31,Private,103651,Bachelors,13,Married-civ-spouse,Exec-managerial,Husband,White,Male,0,0,45,United-States,>50K.
49,Federal-gov,105959,Some-college,10,Married-civ-spouse,Adm-clerical,Husband,White,Male,0,0,41,United-States,>50K.
56,Local-gov,291529,Masters,14,Married-civ-spouse,Prof-specialty,Husband,White,Male,0,0,50,United-States,>50K.
19,Private,344414,Some-college,10,Never-married,Transport-moving,Own-child,White,Male,0,0,40,United-States,<=50K
17,Private,115551,11th,7,Never-married,Other-service,Own-child,White,Female,0,0,20,United-States,<=50K
29,Private,154411,Assoc-voc,11,Never-married,Tech-support,Own-child,White,Male,0,0,40,United-States,<=50K
37,Private,125550,HS-grad,9,Divorced,Sales,Not-in-family,White,Female,0,0,60,United-States,<=50K
30,Self-emp-not-inc,243665,HS-grad,9,Married-civ-spouse,Sales,Husband,White,Male,0,0,50,United-States,<=50K
66,?,149422,7th-8th,4,Never-married,?,Not-in-family,White,Male,0,0,4,United-States,<=50K
43,Private,54611,HS-grad,9,Married-civ-spouse,Machine-op-inspct,Husband,White,Male,0,0,40,United-States,<=50K
65,Local-gov,103153,7th-8th,4,Married-civ-spouse,Exec-managerial,Husband,White,Male,0,1411,40,United-States,<=50K
26,Private,211435,HS-grad,9,Never-married,Machine-op-inspct,Unmarried,White,Female,0,0,40,United-States,<=50K
40,Private,436493,HS-grad,9,Never-married,Other-service,Own-child,White,Male,0,0,25,United-States,<=50K
17,Self-emp-inc,325171,10th,6,Never-married,Other-service,Own-child,Black,Male,0,0,35,United-States,<=50K
50,Private,144968,HS-grad,9,Never-married,Tech-support,Own-child,White,Male,0,0,15,United-States,<=50K
33,Private,192644,Doctorate,16,Married-civ-spouse,Prof-specialty,Husband,White,Male,0,1977,90,United-States,>50K.
52,Federal-gov,297906,Doctorate,16,Married-civ-spouse,Prof-specialty,Husband,Asian-Pac-Islander,Male,0,0,40,,>50K.
46,State-gov,56841,Masters,14,Married-civ-spouse,Exec-managerial,Husband,White,Male,0,0,45,United-States,>50K.
33,Private,243674,HS-grad,9,Separated,Tech-support,Not-in-family,White,Male,0,0,46,United-States,<=50K
40,Local-gov,329341,Masters,14,Married-civ-spouse,Exec-managerial,Husband,White,Male,0,0,35,United-States,>50K.
37,Private,241153,Bachelors,13,Married-civ-spouse,Prof-specialty,Husband,White,Male,15024,0,50,United-States,>50K.
40,Private,202565,Assoc-acdm,12,Married-civ-spouse,Sales,Husband,White,Male,0,0,52,United-States,<=50K
39,Private,301628,Some-college,10,Married-civ-spouse,Exec-managerial,Wife,White,Female,0,0,40,United-States,>50K.
55,Self-emp-not-inc,59469,9th,5,Married-civ-spouse,Farming-fishing,Husband,White,Male,0,0,25,United-States,<=50K
59,Private,97213,HS-grad,9,Married-civ-spouse,Farming-fishing,Husband,White,Male,0,0,40,United-States,>50K.
33,Local-gov,422718,HS-grad,9,Married-civ-spouse,Other-service,Husband,White,Male,0,0,40,United-States,<=50K
46,Private,131091,Masters,14,Married-civ-spouse,Exec-managerial,Husband,White,Male,0,0,50,United-States,>50K.
23,Private,203139,Some-college,10,Never-married,Other-service,Other-relative,White,Female,0,0,40,United-States,<=50K
31,Private,156763,HS-grad,9,Married-civ-spouse,Sales,Husband,White,Male,2829,0,40,United-States,<=50K
26,Private,132749,Some-college,10,Never-married,Other-service,Own-child,White,Female,0,0,45,United-States,<=50K
18,Never-worked,157131,11th,7,Never-married,?,Own-child,White,Female,0,0,10,United-States,<=50K
32,Private,193260,Some-college,10,Married-civ-spouse,Machine-op-inspct,Husband,Asian-Pac-Islander,Male,0,0,40,Philippines,<=50K
43,State-gov,598995,Bachelors,13,Married-civ-spouse,Prof-specialty,Wife,Black,Female,3103,0,40,United-States,>50K.
41,Private,173858,7th-8th,4,Married-civ-spouse,Craft-repair,Husband,Asian-Pac-Islander,Male,0,0,40,China,<=50K
44,Self-emp-not-inc,95298,Doctorate,16,Married-civ-spouse,Prof-specialty,Husband,White,Male,0,0,70,United-States,>50K.
26,Private,125680,Bachelors,13,Never-married,Prof-specialty,Not-in-family,Asian-Pac-Islander,Male,0,0,16,Japan,<=50K
39,Self-emp-not-inc,55568,Bachelors,13,Married-civ-spouse,Farming-fishing,Wife,White,Female,0,0,50,United-States,<=50K
55,Private,123436,Assoc-voc,11,Married-civ-spouse,Prof-specialty,Husband,White,Male,0,0,40,United-States,>50K.
34,Private,200192,Some-college,10,Never-married,Other-service,Not-in-family,White,Female,0,0,40,United-States,<=50K
58,State-gov,312351,Bachelors,13,Married-civ-spouse,Prof-specialty,Husband,White,Male,0,0,40,United-States,>50K.
56,Self-emp-inc,119891,Some-college,10,Married-civ-spouse,Exec-managerial,Husband,White,Male,0,1672,40,United-States,<=50K
37,Private,126954,HS-grad,9,Married-civ-spouse,Sales,Husband,White,Male,0,0,40,United-States,>50K.
40,Private,196344,HS-grad,9,Married-civ-spouse,Craft-repair,Husband,White,Male,0,1887,45,United-States,>50K.
60,Private,152369,Assoc-voc,11,Married-civ-spouse,Craft-repair,Husband,White,Male,0,0,60,United-States,<=50K
52,Private,208137,Assoc-voc,11,Married-civ-spouse,Adm-clerical,Husband,White,Male,0,0,40,United-States,<=50K
41,Private,557349,HS-grad,9,Married-civ-spouse,Craft-repair,Husband,White,Male,0,0,40,United-States,>50K.
47,Private,343579,HS-grad,9,Married-civ-spouse,Other-service,Husband,White,Male,0,0,40,Mexico,<=50K
43,Federal-gov,136105,HS-grad,9,Married-civ-spouse,Adm-clerical,Wife,Black,Female,0,1848,40,United-States,>50K.
23,Private,153044,HS-grad,9,Never-married,Handlers-cleaners,Unmarried,Black,Female,0,0,7,United-States,<=50K
42,Private,219155,Bachelors,13,Married-civ-spouse,Sales,Husband,White,Male,15024,0,50,United-States,>50K.
23,State-gov,35633,Some-college,10,Never-married,Other-service,Not-in-family,White,Male,0,0,50,United-States,<=50K
20,?,211968,Some-college,10,Never-married,?,Own-child,White,Female,0,0,45,United-States,<=50K
64,Private,104973,HS-grad,9,Married-civ-spouse,Adm-clerical,Husband,White,Male,0,0,45,United-States,>50K.
47,Self-emp-not-inc,258498,Some-college,10,Married-civ-spouse,Other-service,Wife,White,Female,0,0,52,United-States,<=50K
47,Private,95155,Bachelors,13,Married-civ-spouse,Exec-managerial,Husband,White,Male,0,0,43,United-States,>50K.
44,Self-emp-not-inc,55844,Bachelors,13,Married-civ-spouse,Sales,Husband,White,Male,0,0,45,United-States,>50K.
61,Local-gov,224711,Bachelors,13,Never-married,Prof-specialty,Not-in-family,White,Female,0,0,63,United-States,>50K.
44,Private,150098,Some-college,10,Married-civ-spouse,Sales,Husband,Black,Male,0,0,50,United-States,>50K.
26,Local-gov,166295,Bachelors,13,Never-married,Prof-specialty,Not-in-family,White,Male,0,2339,55,United-States,<=50K
68,Federal-gov,232151,Some-college,10,Divorced,Adm-clerical,Other-relative,Black,Female,2346,0,40,United-States,<=50K
24,Private,313956,Bachelors,13,Married-civ-spouse,Prof-specialty,Husband,White,Male,0,0,40,United-States,>50K.
34,Private,113211,Assoc-acdm,12,Married-civ-spouse,Prof-specialty,Wife,White,Female,0,0,45,United-States,>50K.
35,Private,455469,Bachelors,13,Married-civ-spouse,Craft-repair,Husband,Black,Male,0,0,40,United-States,>50K.
34,Local-gov,117018,Some-college,10,Never-married,Protective-serv,Not-in-family,White,Female,0,0,40,United-States,<=50K
33,Local-gov,107417,Masters,14,Married-civ-spouse,Prof-specialty,Husband,White,Male,0,0,40,United-States,>50K.
42,Private,341178,5th-6th,3,Married-civ-spouse,Other-service,Husband,White,Male,0,0,44,Mexico,<=50K
27,Self-emp-not-inc,211259,Masters,14,Never-married,Prof-specialty,Not-in-family,White,Male,0,0,40,United-States,>50K.
30,Local-gov,115040,HS-grad,9,Married-civ-spouse,Handlers-cleaners,Other-relative,White,Male,0,0,25,United-States,<=50K
64,Private,237581,7th-8th,4,Married-civ-spouse,Transport-moving,Husband,White,Male,0,0,48,Mexico,>50K.
47,Private,192713,HS-grad,9,Married-civ-spouse,Sales,Husband,White,Male,0,0,50,United-States,>50K.
71,Private,533660,7th-8th,4,Married-civ-spouse,Craft-repair,Husband,White,Male,0,0,40,United-States,>50K.
26,Private,144483,Assoc-voc,11,Divorced,Sales,Own-child,White,Female,594,0,35,United-States,<=50K
27,Private,335764,11th,7,Married-civ-spouse,Sales,Own-child,Black,Male,0,0,35,United-States,<=50K
38,Private,27997,Assoc-voc,11,Divorced,Craft-repair,Not-in-family,White,Male,0,0,40,United-States,<=50K
61,Self-emp-not-inc,185640,HS-grad,9,Married-civ-spouse,Exec-managerial,Husband,White,Male,0,0,30,United-States,>50K.
26,Federal-gov,337575,Bachelors,13,Never-married,Prof-specialty,Not-in-family,White,Male,0,0,40,United-States,>50K.
34,Federal-gov,96483,Assoc-acdm,12,Never-married,Tech-support,Not-in-family,Asian-Pac-Islander,Female,0,0,60,United-States,>50K.
41,Local-gov,214242,Some-college,10,Married-civ-spouse,Protective-serv,Husband,White,Male,0,1902,72,United-States,>50K.
42,Local-gov,69758,Assoc-acdm,12,Divorced,Protective-serv,Not-in-family,Asian-Pac-Islander,Male,0,0,48,United-States,>50K.
19,Private,198320,HS-grad,9,Never-married,Other-service,Not-in-family,White,Female,0,0,45,United-States,<=50K
21,Private,182117,Some-college,10,Never-married,Other-service,Own-child,White,Male,0,0,15,United-States,<=50K
49,Self-emp-not-inc,155862,HS-grad,9,Married-civ-spouse,Farming-fishing,Husband,White,Male,0,0,50,United-States,>50K.
44,Private,174051,Some-college,10,Never-married,Other-service,Not-in-family,White,Male,0,0,35,United-States,<=50K
48,Private,235108,HS-grad,9,Married-civ-spouse,Machine-op-inspct,Husband,White,Male,0,0,40,United-States,<=50K
44,Self-emp-not-inc,234767,Masters,14,Married-civ-spouse,Prof-specialty,Husband,White,Male,0,0,30,United-States,>50K.
54,Local-gov,105788,Masters,14,Divorced,Prof-specialty,Unmarried,Black,Female,0,0,37,United-States,>50K.
62,,194660,HS-grad,9,Married-civ-spouse,,Husband,White,Male,0,0,40,United-States,>50K.
29,Private,116372,Bachelors,13,Never-married,Sales,Not-in-family,White,Female,0,0,50,United-States,>50K.
47,Self-emp-inc,77660,Some-college,10,Married-civ-spouse,Exec-managerial,Husband,White,Male,15024,0,50,United-States,>50K.
31,Local-gov,402089,HS-grad,9,Divorced,Adm-clerical,Unmarried,White,Female,0,0,40,United-States,<=50K
26,Private,256737,11th,7,Married-civ-spouse,Transport-moving,Husband,White,Male,0,0,40,United-States,<=50K
36,Private,134367,Bachelors,13,Married-civ-spouse,Tech-support,Wife,White,Female,0,0,32,United-States,>50K.
45,Federal-gov,181970,HS-grad,9,Married-civ-spouse,Adm-clerical,Husband,White,Male,0,1672,40,United-States,<=50K
66,Private,171331,Some-college,10,Married-civ-spouse,Transport-moving,Husband,Black,Male,0,0,40,United-States,>50K.
31,Private,209101,Bachelors,13,Married-civ-spouse,Exec-managerial,Husband,White,Male,0,0,50,United-States,>50K.
40,Private,179809,Some-college,10,Divorced,Exec-managerial,Not-in-family,White,Female,0,0,40,United-States,>50K.
35,Private,181382,HS-grad,9,Married-civ-spouse,Craft-repair,Husband,White,Male,0,0,43,United-States,<=50K
36,Private,167482,Some-college,10,Married-civ-spouse,Craft-repair,Husband,White,Male,0,0,40,United-States,>50K.
44,Self-emp-not-inc,193882,Prof-school,15,Married-civ-spouse,Prof-specialty,Husband,White,Male,0,0,50,United-States,>50K.
22,,52596,Some-college,10,Never-married,,Own-child,White,Male,0,0,15,,>50K.
38,Private,181661,Assoc-acdm,12,Married-civ-spouse,Tech-support,Husband,White,Male,0,0,56,United-States,>50K.
25,Private,479765,7th-8th,4,Never-married,Sales,Other-relative,White,Male,0,0,45,Guatemala,<=50K
54,Private,88019,HS-grad,9,Divorced,Other-service,Unmarried,White,Male,0,0,32,United-States,<=50K
18,State-gov,391257,Some-college,10,Never-married,Other-service,Not-in-family,White,Female,0,0,40,United-States,<=50K
42,Private,79036,HS-grad,9,Divorced,Handlers-cleaners,Unmarried,White,Male,0,0,40,United-States,<=50K
28,Private,175262,Some-college,10,Married-civ-spouse,Handlers-cleaners,Husband,Black,Male,0,0,40,Mexico,<=50K
55,Private,209535,HS-grad,9,Divorced,Transport-moving,Not-in-family,White,Male,0,0,40,United-States,<=50K
47,Private,369438,Some-college,10,Married-civ-spouse,Craft-repair,Husband,Black,Male,0,0,30,United-States,>50K.
43,Self-emp-not-inc,110355,HS-grad,9,Married-civ-spouse,Transport-moving,Husband,White,Male,0,0,45,United-States,<=50K
59,Private,217747,HS-grad,9,Married-civ-spouse,Transport-moving,Husband,Black,Male,0,0,40,United-States,>50K.
31,Private,97723,Bachelors,13,Married-civ-spouse,Prof-specialty,Husband,White,Male,7688,0,40,United-States,>50K.
32,Private,181091,Bachelors,13,Never-married,Sales,Own-child,White,Male,13550,0,35,United-States,>50K.
39,Private,223792,HS-grad,9,Married-civ-spouse,Machine-op-inspct,Husband,White,Male,0,0,40,United-States,>50K.
39,Private,106838,Some-college,10,Married-civ-spouse,Sales,Husband,White,Male,4386,0,45,United-States,>50K.
39,Private,191502,Assoc-voc,11,Married-civ-spouse,Craft-repair,Husband,White,Male,0,0,40,United-States,<=50K
30,Private,87561,Assoc-acdm,12,Never-married,Tech-support,Not-in-family,White,Female,0,0,40,United-States,<=50K
30,Private,57651,HS-grad,9,Never-married,Adm-clerical,Unmarried,White,Male,0,2001,42,United-States,<=50K
53,Self-emp-not-inc,257728,HS-grad,9,Married-civ-spouse,Craft-repair,Husband,White,Male,0,0,50,United-States,>50K.
46,Private,168262,Bachelors,13,Married-civ-spouse,Adm-clerical,Husband,White,Male,0,0,40,United-States,>50K.
45,Private,449354,Some-college,10,Married-civ-spouse,Exec-managerial,Husband,White,Male,0,0,40,United-States,<=50K
46,Self-emp-not-inc,102869,HS-grad,9,Married-civ-spouse,Sales,Husband,White,Male,0,0,40,United-States,>50K.
36,Private,184659,Some-college,10,Married-civ-spouse,Adm-clerical,Husband,White,Male,0,0,52,United-States,<=50K
35,Local-gov,33943,Some-college,10,Married-civ-spouse,Protective-serv,Husband,Other,Male,0,0,40,United-States,>50K.
47,Private,105449,Bachelors,13,Married-civ-spouse,Sales,Husband,White,Male,0,0,65,United-States,>50K.
38,Private,186191,HS-grad,9,Married-civ-spouse,Craft-repair,Husband,White,Male,0,0,55,United-States,<=50K
37,Private,194668,Some-college,10,Married-civ-spouse,Transport-moving,Husband,White,Male,0,0,45,United-States,>50K.
53,Private,217201,HS-grad,9,Married-civ-spouse,Craft-repair,Wife,White,Female,0,0,45,United-States,>50K.
53,Private,337195,Assoc-acdm,12,Married-civ-spouse,Exec-managerial,Husband,White,Male,0,0,45,United-States,>50K.
26,Private,120238,Bachelors,13,Never-married,Sales,Other-relative,White,Male,0,0,40,United-States,<=50K
33,Private,169269,Bachelors,13,Married-civ-spouse,Prof-specialty,Husband,White,Male,15024,0,40,Puerto-Rico,>50K.
41,Private,96635,HS-grad,9,Never-married,Exec-managerial,Not-in-family,Asian-Pac-Islander,Male,0,0,60,United-States,<=50K
62,Private,312818,Bachelors,13,Married-civ-spouse,Exec-managerial,Husband,White,Male,0,1902,1,United-States,>50K.
42,Local-gov,201723,Some-college,10,Never-married,Craft-repair,Not-in-family,White,Male,0,0,40,United-States,<=50K
36,State-gov,230329,Doctorate,16,Married-civ-spouse,Prof-specialty,Husband,White,Male,7298,0,40,United-States,>50K.
33,Private,158800,Bachelors,13,Married-civ-spouse,Prof-specialty,Husband,White,Male,0,0,40,United-States,>50K.
48,Private,138342,HS-grad,9,Married-civ-spouse,Craft-repair,Husband,White,Male,0,1485,55,United-States,>50K.
26,Self-emp-not-inc,200681,HS-grad,9,Married-civ-spouse,Exec-managerial,Husband,White,Male,0,0,40,Outlying-US(Guam-USVI-etc),<=50K
55,Private,141807,Doctorate,16,Married-civ-spouse,Exec-managerial,Husband,White,Male,0,0,40,United-States,>50K.
37,State-gov,117651,Bachelors,13,Never-married,Prof-specialty,Other-relative,White,Male,0,0,40,United-States,<=50K
39,Private,153047,HS-grad,9,Married-civ-spouse,Craft-repair,Husband,White,Male,0,0,50,United-States,>50K.
18,Private,198616,12th,8,Never-married,Craft-repair,Own-child,White,Male,594,0,20,United-States,<=50K
67,,222362,HS-grad,9,Married-civ-spouse,,Husband,White,Male,0,0,2,United-States,>50K.
46,Private,145636,HS-grad,9,Married-civ-spouse,Exec-managerial,Husband,White,Male,3103,0,50,United-States,>50K.
41,Private,304605,Assoc-voc,11,Married-civ-spouse,Craft-repair,Husband,White,Male,0,0,45,United-States,>50K.
48,Private,207540,Bachelors,13,Never-married,Craft-repair,Not-in-family,White,Male,99999,0,60,United-States,>50K.
59,Self-emp-not-inc,128105,HS-grad,9,Married-civ-spouse,Farming-fishing,Husband,White,Male,0,0,35,United-States,<=50K
40,Private,32214,Assoc-acdm,12,Married-civ-spouse,Adm-clerical,Husband,White,Male,0,0,40,United-States,<=50K
27,Private,72208,Some-college,10,Never-married,Adm-clerical,Own-child,Black,Male,0,0,40,United-States,<=50K
19,?,194095,Some-college,10,Never-married,?,Own-child,White,Male,0,0,40,United-States,<=50K
32,Private,43403,Some-college,10,Divorced,Farming-fishing,Not-in-family,White,Female,0,1590,54,United-States,<=50K
39,Private,553588,HS-grad,9,Married-civ-spouse,Craft-repair,Husband,White,Male,0,1848,40,United-States,>50K.
41,Local-gov,224799,Masters,14,Married-civ-spouse,Prof-specialty,Husband,White,Male,0,0,55,United-States,>50K.
28,Private,69847,Bachelors,13,Never-married,Adm-clerical,Own-child,Asian-Pac-Islander,Female,0,0,30,United-States,<=50K
50,Private,128478,HS-grad,9,Married-civ-spouse,Transport-moving,Husband,White,Male,0,0,70,United-States,<=50K
66,Private,275918,HS-grad,9,Married-civ-spouse,Exec-managerial,Husband,White,Male,10605,0,40,United-States,>50K.
31,Private,186144,7th-8th,4,Never-married,Machine-op-inspct,Not-in-family,Other,Female,0,0,40,Mexico,<=50K
35,Private,143058,Bachelors,13,Married-civ-spouse,Prof-specialty,Husband,White,Male,0,0,60,United-States,<=50K
42,Self-emp-not-inc,109273,Some-college,10,Never-married,Craft-repair,Unmarried,White,Male,0,0,40,United-States,<=50K
38,Private,149419,Assoc-voc,11,Never-married,Tech-support,Not-in-family,White,Male,0,0,50,United-States,<=50K
31,Private,291494,Masters,14,Married-civ-spouse,Prof-specialty,Husband,White,Male,0,0,40,United-States,>50K.
30,Private,427541,HS-grad,9,Never-married,Handlers-cleaners,Own-child,Black,Female,99999,0,40,United-States,>50K.
36,Private,89202,Bachelors,13,Never-married,Prof-specialty,Own-child,White,Male,0,0,50,United-States,<=50K
57,Private,329792,7th-8th,4,Divorced,Transport-moving,Unmarried,White,Male,0,0,75,United-States,<=50K
52,Private,114674,Bachelors,13,Married-civ-spouse,Prof-specialty,Husband,White,Male,0,0,52,United-States,>50K.
40,Private,170721,10th,6,Married-civ-spouse,Craft-repair,Husband,White,Male,0,0,50,United-States,>50K.
49,Private,202053,HS-grad,9,Divorced,Sales,Not-in-family,White,Female,0,0,32,United-States,<=50K
51,,209794,HS-grad,9,Married-civ-spouse,,Wife,White,Female,0,0,3,United-States,>50K.
32,Private,372317,9th,5,Separated,Other-service,Unmarried,White,Female,0,0,23,Mexico,<=50K
35,Private,283122,Some-college,10,Married-civ-spouse,Tech-support,Husband,White,Male,0,0,45,United-States,<=50K
34,Private,338416,10th,6,Divorced,Machine-op-inspct,Not-in-family,Black,Male,0,0,60,United-States,<=50K
31,Private,148607,Some-college,10,Divorced,Machine-op-inspct,Not-in-family,White,Male,0,0,40,United-States,<=50K
17,Private,56986,12th,8,Never-married,Sales,Own-child,White,Female,0,0,18,United-States,<=50K
33,Private,157747,Assoc-acdm,12,Married-civ-spouse,Handlers-cleaners,Husband,White,Male,0,0,40,United-States,<=50K
22,Private,445758,5th-6th,3,Never-married,Handlers-cleaners,Not-in-family,White,Male,0,0,40,Mexico,<=50K
38,Private,197077,HS-grad,9,Married-civ-spouse,Other-service,Husband,White,Male,0,0,40,United-States,<=50K
31,Self-emp-not-inc,226624,9th,5,Married-civ-spouse,Craft-repair,Husband,White,Male,0,0,60,United-States,<=50K
30,Private,109117,Assoc-voc,11,Never-married,Handlers-cleaners,Own-child,White,Male,0,0,45,United-States,<=50K
38,Private,48093,HS-grad,9,Married-civ-spouse,Handlers-cleaners,Husband,White,Male,0,0,40,United-States,<=50K
40,Private,77370,HS-grad,9,Married-civ-spouse,Craft-repair,Husband,White,Male,0,0,40,United-States,>50K.
42,Private,67243,1st-4th,2,Married-civ-spouse,Adm-clerical,Husband,White,Male,0,0,55,Portugal,>50K.
50,Local-gov,96062,Masters,14,Married-civ-spouse,Prof-specialty,Husband,White,Male,0,0,70,United-States,>50K.
64,Private,250117,Bachelors,13,Married-civ-spouse,Protective-serv,Husband,White,Male,0,1902,50,United-States,>50K.
35,Private,70447,Some-college,10,Never-married,Prof-specialty,Unmarried,Asian-Pac-Islander,Male,4650,0,20,United-States,<=50K
36,Private,113397,HS-grad,9,Married-civ-spouse,Handlers-cleaners,Husband,White,Male,0,0,40,United-States,<=50K
19,Local-gov,243960,Some-college,10,Never-married,Sales,Own-child,White,Female,0,0,16,United-States,<=50K
38,Private,154541,Assoc-acdm,12,Married-civ-spouse,Craft-repair,Husband,White,Male,4386,0,40,United-States,>50K.
43,Private,397963,HS-grad,9,Divorced,Handlers-cleaners,Not-in-family,White,Male,594,0,16,United-States,<=50K
46,Private,294907,5th-6th,3,Married-civ-spouse,Machine-op-inspct,Husband,White,Male,0,0,40,Mexico,<=50K
57,Self-emp-inc,208018,HS-grad,9,Married-civ-spouse,Craft-repair,Husband,White,Male,0,0,40,United-States,>50K.
31,Private,201156,Some-college,10,Divorced,Machine-op-inspct,Unmarried,White,Female,0,0,55,United-States,>50K.
43,Private,206927,Bachelors,13,Married-civ-spouse,Sales,Husband,White,Male,15024,0,50,United-States,>50K.
53,,118058,HS-grad,9,Married-civ-spouse,,Husband,White,Male,0,0,40,United-States,>50K.
37,Private,177181,HS-grad,9,Married-civ-spouse,Craft-repair,Husband,White,Male,0,0,40,United-States,<=50K
39,Private,166193,HS-grad,9,Married-civ-spouse,Craft-repair,Husband,White,Male,0,0,40,United-States,>50K.
56,Private,250873,11th,7,Married-civ-spouse,Craft-repair,Husband,White,Male,0,0,45,United-States,<=50K
20,Private,224424,12th,8,Never-married,Machine-op-inspct,Own-child,White,Male,0,0,40,United-States,<=50K
31,Private,177675,Bachelors,13,Married-civ-spouse,Sales,Husband,White,Male,0,0,40,United-States,>50K.
47,Self-emp-not-inc,62143,Masters,14,Married-civ-spouse,Exec-managerial,Wife,White,Female,15024,0,40,United-States,>50K.
40,Private,179508,HS-grad,9,Married-civ-spouse,Machine-op-inspct,Husband,White,Male,0,0,55,United-States,<=50K
69,?,148694,HS-grad,9,Divorced,?,Not-in-family,White,Female,0,0,40,United-States,<=50K
39,Private,145933,Bachelors,13,Married-civ-spouse,Craft-repair,Husband,White,Male,15024,0,55,United-States,>50K.
39,Private,105813,HS-grad,9,Married-civ-spouse,Craft-repair,Husband,White,Male,0,0,40,United-States,<=50K
33,Local-gov,107793,HS-grad,9,Married-civ-spouse,Craft-repair,Husband,White,Male,0,0,50,United-States,>50K.
39,Private,370549,Some-college,10,Married-civ-spouse,Sales,Wife,White,Female,0,0,30,United-States,>50K.
66,Self-emp-not-inc,174788,Some-college,10,Never-married,Sales,Not-in-family,White,Female,0,0,20,United-States,<=50K
35,Private,89040,HS-grad,9,Married-civ-spouse,Handlers-cleaners,Husband,White,Male,0,0,40,United-States,>50K.
27,Private,209085,Assoc-voc,11,Married-civ-spouse,Prof-specialty,Husband,White,Male,0,0,44,United-States,>50K.
36,Private,108997,HS-grad,9,Divorced,Adm-clerical,Unmarried,White,Female,0,0,40,United-States,<=50K
39,Self-emp-inc,88973,Some-college,10,Married-civ-spouse,Exec-managerial,Husband,White,Male,0,0,84,United-States,>50K.
46,Local-gov,126524,Bachelors,13,Married-civ-spouse,Prof-specialty,Wife,White,Female,0,1902,40,United-States,>50K.
44,Private,95255,Some-college,10,Divorced,Adm-clerical,Unmarried,White,Female,0,0,40,United-States,<=50K
18,?,245274,Some-college,10,Never-married,?,Own-child,White,Male,0,0,16,United-States,<=50K
43,Private,75742,Some-college,10,Married-civ-spouse,Transport-moving,Husband,White,Male,0,0,45,United-States,<=50K
25,Private,144301,Some-college,10,Never-married,Sales,Own-child,White,Male,0,0,42,United-States,<=50K
47,Private,238185,Bachelors,13,Divorced,Adm-clerical,Not-in-family,White,Female,0,0,40,United-States,<=50K
42,Private,449925,Bachelors,13,Never-married,Sales,Not-in-family,White,Male,0,0,40,United-States,>50K.
56,State-gov,143931,Bachelors,13,Widowed,Prof-specialty,Not-in-family,White,Female,0,0,40,United-States,<=50K
42,Private,199018,HS-grad,9,Married-civ-spouse,Adm-clerical,Husband,White,Male,0,0,55,United-States,>50K.
68,Private,32779,HS-grad,9,Married-civ-spouse,Transport-moving,Husband,White,Male,0,419,12,United-States,<=50K
54,Private,151580,Bachelors,13,Married-civ-spouse,Adm-clerical,Husband,White,Male,0,0,40,France,>50K.
45,Private,252079,Masters,14,Married-civ-spouse,Exec-managerial,Husband,White,Male,0,0,40,United-States,>50K.
37,Private,255454,7th-8th,4,Married-civ-spouse,Machine-op-inspct,Husband,Black,Male,7298,0,35,Haiti,>50K.
43,Private,157473,HS-grad,9,Married-civ-spouse,Handlers-cleaners,Wife,White,Female,0,0,48,United-States,>50K.
23,Self-emp-not-inc,40323,Some-college,10,Married-civ-spouse,Craft-repair,Husband,White,Male,0,0,40,United-States,>50K.
46,Private,155489,Bachelors,13,Married-civ-spouse,Prof-specialty,Husband,White,Male,0,0,50,United-States,>50K.
41,Private,213055,Assoc-acdm,12,Never-married,Adm-clerical,Not-in-family,Other,Female,0,0,50,United-States,<=50K
21,Private,145964,Some-college,10,Married-civ-spouse,Craft-repair,Husband,White,Male,7298,0,60,United-States,>50K.
39,Self-emp-not-inc,122852,HS-grad,9,Married-civ-spouse,Transport-moving,Husband,White,Male,0,0,45,United-States,>50K.
63,Private,125954,7th-8th,4,Married-civ-spouse,Transport-moving,Husband,White,Male,0,0,44,United-States,>50K.
54,Private,27484,HS-grad,9,Married-civ-spouse,Exec-managerial,Husband,White,Male,0,0,40,United-States,>50K.
27,Private,106039,Bachelors,13,Divorced,Prof-specialty,Own-child,White,Female,0,0,50,United-States,<=50K
30,Private,134639,Bachelors,13,Never-married,Exec-managerial,Not-in-family,White,Male,8614,0,45,United-States,>50K.
25,Local-gov,476599,Bachelors,13,Never-married,Prof-specialty,Not-in-family,White,Female,0,0,40,United-States,<=50K
33,Private,437566,Masters,14,Never-married,Exec-managerial,Not-in-family,White,Male,0,0,50,United-States,>50K.
47,Local-gov,150211,Doctorate,16,Married-civ-spouse,Exec-managerial,Husband,White,Male,0,0,40,United-States,>50K.
48,Private,94461,HS-grad,9,Widowed,Machine-op-inspct,Not-in-family,White,Female,0,0,16,United-States,<=50K
61,Private,128831,HS-grad,9,Married-civ-spouse,Machine-op-inspct,Husband,White,Male,0,0,40,United-States,<=50K
33,Private,348618,5th-6th,3,Married-spouse-absent,Transport-moving,Unmarried,Other,Male,0,0,20,El-Salvador,<=50K
28,State-gov,297735,Prof-school,15,Never-married,Prof-specialty,Not-in-family,White,Male,0,0,90,United-States,<=50K
48,Private,164984,HS-grad,9,Married-civ-spouse,Prof-specialty,Husband,White,Male,0,0,40,United-States,>50K.
53,Private,126977,HS-grad,9,Separated,Craft-repair,Not-in-family,White,Male,0,0,35,United-States,<=50K
21,Private,265434,Some-college,10,Never-married,Prof-specialty,Own-child,White,Female,0,0,30,United-States,<=50K
25,Private,181814,HS-grad,9,Never-married,Craft-repair,Other-relative,White,Female,0,0,40,United-States,<=50K
40,Private,230684,HS-grad,9,Married-civ-spouse,Prof-specialty,Husband,White,Male,0,0,40,United-States,>50K.
51,Private,108435,Bachelors,13,Married-civ-spouse,Other-service,Husband,White,Male,0,0,40,United-States,>50K.
31,Private,160594,Bachelors,13,Married-civ-spouse,Exec-managerial,Husband,White,Male,0,1887,50,United-States,>50K.
42,Self-emp-not-inc,193882,HS-grad,9,Married-civ-spouse,Prof-specialty,Husband,White,Male,0,0,50,United-States,>50K.
56,Private,126677,HS-grad,9,Married-civ-spouse,Machine-op-inspct,Husband,White,Male,3103,0,40,United-States,>50K.
19,Private,146679,Some-college,10,Never-married,Exec-managerial,Own-child,Black,Male,0,0,30,United-States,<=50K
31,Private,162572,Bachelors,13,Married-civ-spouse,Sales,Husband,White,Male,15024,0,60,United-States,>50K.
51,Private,141645,Some-college,10,Separated,Exec-managerial,Not-in-family,Black,Female,0,0,40,United-States,<=50K
60,Self-emp-not-inc,170114,9th,5,Married-civ-spouse,Farming-fishing,Husband,White,Male,0,1672,84,United-States,<=50K
17,?,250541,11th,7,Never-married,?,Own-child,Black,Male,0,0,8,United-States,<=50K
48,Self-emp-inc,216214,Some-college,10,Married-civ-spouse,Craft-repair,Husband,White,Male,3103,0,40,United-States,>50K.
42,Private,173704,Masters,14,Married-civ-spouse,Prof-specialty,Husband,White,Male,0,0,40,United-States,<=50K
42,Private,223763,Masters,14,Married-civ-spouse,Adm-clerical,Husband,White,Male,0,0,40,United-States,>50K.
37,Private,215618,Bachelors,13,Married-civ-spouse,Exec-managerial,Husband,White,Male,0,0,40,United-States,>50K.
55,Private,197399,HS-grad,9,Married-civ-spouse,Craft-repair,Husband,White,Male,0,0,50,United-States,>50K.
25,Private,313930,11th,7,Never-married,Craft-repair,Not-in-family,White,Male,0,0,40,Mexico,<=50K
47,Federal-gov,38819,Bachelors,13,Married-civ-spouse,Protective-serv,Husband,White,Male,0,0,45,United-States,>50K.
68,,188102,HS-grad,9,Married-civ-spouse,,Husband,White,Male,0,0,8,United-States,>50K.
27,Private,130438,HS-grad,9,Never-married,Machine-op-inspct,Not-in-family,White,Male,0,0,40,United-States,<=50K
73,State-gov,74040,7th-8th,4,Divorced,Other-service,Not-in-family,Asian-Pac-Islander,Female,0,0,40,United-States,<=50K
29,Self-emp-not-inc,212895,Some-college,10,Divorced,Machine-op-inspct,Not-in-family,White,Male,0,0,48,United-States,<=50K
50,Local-gov,163576,Masters,14,Never-married,Prof-specialty,Not-in-family,White,Female,0,0,50,United-States,>50K.
55,Private,101338,10th,6,Married-civ-spouse,Craft-repair,Husband,White,Male,0,0,40,United-States,<=50K
34,Private,130369,HS-grad,9,Divorced,Transport-moving,Unmarried,White,Female,1151,0,48,Germany,<=50K
48,State-gov,98010,Masters,14,Married-civ-spouse,Prof-specialty,Wife,White,Female,0,0,16,United-States,>50K.
37,Private,187748,Some-college,10,Married-civ-spouse,Craft-repair,Husband,White,Male,0,0,40,United-States,<=50K
37,Self-emp-inc,126675,Bachelors,13,Never-married,Exec-managerial,Own-child,White,Male,0,0,40,United-States,<=50K
27,Private,176761,HS-grad,9,Never-married,Craft-repair,Other-relative,Other,Male,0,0,40,Nicaragua,<=50K
50,Private,210217,Bachelors,13,Divorced,Sales,Unmarried,Black,Male,0,0,40,United-States,<=50K
50,Private,125417,Bachelors,13,Married-civ-spouse,Exec-managerial,Husband,White,Male,7298,0,65,United-States,>50K.
22,Private,61850,HS-grad,9,Never-married,Other-service,Not-in-family,White,Female,0,0,40,United-States,<=50K
35,Private,235485,Bachelors,13,Married-civ-spouse,Exec-managerial,Husband,White,Male,0,0,40,United-States,>50K.
20,Private,236804,HS-grad,9,Never-married,Adm-clerical,Not-in-family,White,Male,0,0,40,United-States,<=50K
60,Private,33266,HS-grad,9,Married-civ-spouse,Protective-serv,Husband,White,Male,0,0,40,United-States,<=50K
32,Private,101283,HS-grad,9,Never-married,Handlers-cleaners,Not-in-family,White,Female,0,0,35,United-States,<=50K
63,Private,102412,HS-grad,9,Divorced,Sales,Not-in-family,White,Female,0,0,40,United-States,<=50K
62,Private,35783,Some-college,10,Married-civ-spouse,Transport-moving,Husband,White,Male,0,0,60,United-States,<=50K
31,Local-gov,102130,Masters,14,Married-civ-spouse,Prof-specialty,Husband,White,Male,0,0,45,United-States,<=50K
28,Private,216814,HS-grad,9,Married-civ-spouse,Transport-moving,Husband,Black,Male,0,0,40,United-States,<=50K
28,Self-emp-not-inc,123983,Some-college,10,Married-civ-spouse,Sales,Own-child,Asian-Pac-Islander,Male,0,0,63,South,<=50K
44,Local-gov,68318,Masters,14,Never-married,Prof-specialty,Own-child,White,Female,0,0,55,United-States,<=50K
38,Private,83727,HS-grad,9,Divorced,Other-service,Unmarried,White,Female,0,0,48,United-States,<=50K
44,Private,355728,Some-college,10,Separated,Exec-managerial,Not-in-family,White,Male,0,1980,45,England,<=50K
53,Private,184176,Some-college,10,Married-civ-spouse,Exec-managerial,Husband,White,Male,0,0,50,United-States,>50K.
40,Private,193144,HS-grad,9,Divorced,Other-service,Unmarried,White,Female,0,0,36,United-States,<=50K
40,Private,408229,1st-4th,2,Never-married,Other-service,Not-in-family,White,Male,0,0,45,El-Salvador,<=50K
62,Private,185503,Masters,14,Married-civ-spouse,Exec-managerial,Husband,White,Male,0,0,50,United-States,>50K.
29,State-gov,293287,Some-college,10,Never-married,Other-service,Unmarried,White,Female,0,0,40,United-States,<=50K
47,Local-gov,169699,Masters,14,Married-civ-spouse,Prof-specialty,Husband,White,Male,0,0,40,United-States,>50K.
35,Self-emp-not-inc,120301,Some-college,10,Married-civ-spouse,Exec-managerial,Husband,White,Male,0,0,45,United-States,<=50K
21,Private,34616,Some-college,10,Never-married,Other-service,Own-child,White,Female,0,0,25,United-States,<=50K
51,Private,172046,Bachelors,13,Married-civ-spouse,Exec-managerial,Husband,White,Male,0,0,45,United-States,>50K.
50,Private,135102,Masters,14,Married-civ-spouse,Exec-managerial,Husband,White,Male,0,0,55,United-States,>50K.
67,Private,228200,HS-grad,9,Married-civ-spouse,Priv-house-serv,Wife,Black,Female,0,0,20,United-States,<=50K
18,Private,270502,11th,7,Never-married,Exec-managerial,Own-child,White,Female,0,0,20,United-States,<=50K
51,State-gov,103063,Bachelors,13,Married-civ-spouse,Protective-serv,Husband,White,Male,7298,0,40,United-States,>50K.
48,Private,377757,10th,6,Married-civ-spouse,Sales,Husband,White,Male,0,0,70,United-States,<=50K
43,Private,228320,HS-grad,9,Married-civ-spouse,Exec-managerial,Husband,White,Male,0,0,40,United-States,<=50K
24,Private,404416,Some-college,10,Never-married,Handlers-cleaners,Not-in-family,White,Male,0,0,40,United-States,<=50K
51,Self-emp-not-inc,311631,Bachelors,13,Married-civ-spouse,Sales,Husband,White,Male,0,0,40,United-States,>50K.
41,Private,240124,Bachelors,13,Married-civ-spouse,Exec-managerial,Husband,White,Male,0,0,50,United-States,>50K.
27,Federal-gov,115705,Assoc-voc,11,Married-civ-spouse,Adm-clerical,Husband,White,Male,7298,0,50,United-States,>50K.
51,Private,24344,Assoc-acdm,12,Never-married,Adm-clerical,Not-in-family,White,Female,0,0,40,United-States,<=50K
58,Private,219504,12th,8,Divorced,Transport-moving,Unmarried,Black,Male,0,0,45,United-States,>50K.
52,Private,233149,Masters,14,Married-civ-spouse,Sales,Husband,White,Male,15024,0,40,United-States,>50K.
49,Self-emp-not-inc,225456,Bachelors,13,Married-civ-spouse,Sales,Husband,White,Male,0,0,60,United-States,>50K.
37,Private,34180,HS-grad,9,Married-civ-spouse,Craft-repair,Husband,White,Male,0,0,40,United-States,<=50K
50,Private,138193,Bachelors,13,Divorced,Prof-specialty,Other-relative,White,Female,0,0,50,United-States,>50K.
51,Private,238481,HS-grad,9,Married-civ-spouse,Handlers-cleaners,Husband,White,Male,0,1902,42,United-States,>50K.
25,Private,189027,Bachelors,13,Never-married,Handlers-cleaners,Own-child,White,Male,0,0,40,United-States,<=50K
41,Private,173682,Masters,14,Married-civ-spouse,Machine-op-inspct,Husband,White,Male,0,0,40,United-States,<=50K
59,Self-emp-inc,76860,5th-6th,3,Married-civ-spouse,Exec-managerial,Husband,Asian-Pac-Islander,Male,99999,0,40,China,>50K.
38,Local-gov,165799,Some-college,10,Never-married,Other-service,Not-in-family,White,Male,0,0,12,United-States,<=50K
25,State-gov,257064,Some-college,10,Married-civ-spouse,Adm-clerical,Husband,Black,Male,0,0,38,United-States,<=50K
30,Private,156015,Some-college,10,Married-civ-spouse,Exec-managerial,Husband,White,Male,0,0,45,United-States,>50K.
46,Private,138069,Some-college,10,Married-civ-spouse,Craft-repair,Husband,White,Male,0,0,40,United-States,>50K.
53,Private,146378,5th-6th,3,Married-civ-spouse,Craft-repair,Husband,White,Male,0,0,40,United-States,<=50K
46,Private,164682,Assoc-voc,11,Separated,Prof-specialty,Not-in-family,White,Male,0,0,40,United-States,<=50K
45,Private,103540,HS-grad,9,Married-civ-spouse,Prof-specialty,Husband,White,Male,3103,0,40,United-States,>50K.
30,Private,387521,Bachelors,13,Married-civ-spouse,Exec-managerial,Husband,White,Male,7298,0,40,United-States,>50K.
36,Private,127306,Bachelors,13,Never-married,Exec-managerial,Own-child,White,Female,0,0,40,United-States,<=50K
29,Private,107160,HS-grad,9,Never-married,Other-service,Not-in-family,White,Male,0,0,40,United-States,<=50K
48,Private,203576,Some-college,10,Married-civ-spouse,Craft-repair,Husband,White,Male,0,0,40,United-States,>50K.
46,Private,102542,7th-8th,4,Never-married,Other-service,Own-child,White,Male,0,0,52,United-States,<=50K
49,Private,140782,Bachelors,13,Married-civ-spouse,Prof-specialty,Wife,White,Female,0,2415,3,United-States,>50K.
43,Private,108682,Some-college,10,Married-civ-spouse,Machine-op-inspct,Husband,White,Male,0,0,40,United-States,>50K.
44,Private,187584,HS-grad,9,Married-civ-spouse,Protective-serv,Husband,White,Male,0,0,40,Canada,<=50K
24,State-gov,390867,Masters,14,Never-married,Prof-specialty,Not-in-family,Black,Female,0,0,40,United-States,<=50K
63,Self-emp-not-inc,201600,Some-college,10,Married-civ-spouse,Sales,Husband,White,Male,0,1902,60,United-States,>50K.
25,Private,197728,Some-college,10,Never-married,Adm-clerical,Own-child,White,Female,0,0,40,United-States,<=50K
25,Private,281627,Bachelors,13,Never-married,Tech-support,Not-in-family,White,Female,0,1564,30,United-States,>50K.
50,Private,82566,Masters,14,Married-civ-spouse,Tech-support,Husband,White,Male,0,0,45,United-States,>50K.
39,Private,172186,Some-college,10,Married-civ-spouse,Exec-managerial,Husband,White,Male,0,0,40,United-States,>50K.
35,Private,327164,Assoc-acdm,12,Married-civ-spouse,Prof-specialty,Other-relative,White,Male,0,0,40,United-States,>50K.
20,Private,198148,HS-grad,9,Never-married,Adm-clerical,Own-child,White,Male,0,0,40,United-States,<=50K
57,Private,64960,Assoc-voc,11,Married-civ-spouse,Prof-specialty,Husband,White,Male,0,1902,45,United-States,<=50K
47,Private,47343,Masters,14,Married-civ-spouse,Exec-managerial,Husband,White,Male,0,0,50,United-States,>50K.
34,?,310525,HS-grad,9,Married-civ-spouse,?,Husband,Black,Male,0,0,10,United-States,<=50K
52,Private,104501,12th,8,Married-civ-spouse,Exec-managerial,Husband,White,Male,0,0,60,United-States,>50K.
45,Private,253827,Bachelors,13,Married-civ-spouse,Craft-repair,Husband,White,Male,7688,0,40,United-States,>50K.
43,Private,209149,HS-grad,9,Divorced,Other-service,Not-in-family,White,Female,0,0,35,United-States,<=50K
59,Federal-gov,181940,HS-grad,9,Married-civ-spouse,Adm-clerical,Husband,White,Male,0,0,40,United-States,>50K.
54,Local-gov,277777,Bachelors,13,Married-civ-spouse,Prof-specialty,Wife,White,Female,3103,0,40,United-States,>50K.
34,Local-gov,143699,Some-college,10,Married-civ-spouse,Other-service,Wife,White,Female,0,0,40,United-States,<=50K
43,Private,176716,Bachelors,13,Married-civ-spouse,Transport-moving,Husband,White,Male,0,0,70,United-States,>50K.
61,Private,190955,Bachelors,13,Married-civ-spouse,Exec-managerial,Husband,White,Male,7688,0,40,United-States,>50K.
28,Local-gov,211920,HS-grad,9,Married-civ-spouse,Protective-serv,Husband,White,Male,0,0,40,United-States,<=50K
48,,142719,HS-grad,9,Married-civ-spouse,,Husband,White,Male,0,0,48,United-States,>50K.
42,Private,259727,Bachelors,13,Divorced,Prof-specialty,Unmarried,Black,Female,25236,0,20,United-States,>50K.
42,Private,256179,Some-college,10,Married-civ-spouse,Machine-op-inspct,Wife,Black,Female,0,0,48,United-States,>50K.
42,Private,49255,Masters,14,Married-civ-spouse,Prof-specialty,Husband,White,Male,4386,0,40,United-States,>50K.
57,Local-gov,258641,Bachelors,13,Never-married,Exec-managerial,Not-in-family,White,Male,0,0,40,United-States,>50K.
17,Private,47425,11th,7,Never-married,Other-service,Own-child,White,Female,0,0,15,United-States,<=50K
53,Local-gov,176059,Masters,14,Divorced,Prof-specialty,Unmarried,White,Female,0,0,50,United-States,<=50K
40,Private,193995,HS-grad,9,Married-civ-spouse,Other-service,Husband,White,Male,0,0,30,United-States,<=50K
28,Self-emp-not-inc,209934,5th-6th,3,Married-civ-spouse,Handlers-cleaners,Husband,White,Male,0,0,25,Mexico,<=50K
42,Private,209547,Some-college,10,Married-civ-spouse,Sales,Husband,White,Male,5178,0,40,United-States,>50K.
19,Private,116562,HS-grad,9,Never-married,Other-service,Own-child,White,Female,0,0,40,United-States,<=50K
27,Private,32519,Some-college,10,Married-civ-spouse,Sales,Husband,Asian-Pac-Islander,Male,0,0,55,South,<=50K
63,Private,201700,Bachelors,13,Married-civ-spouse,Sales,Husband,White,Male,7298,0,40,United-States,>50K.
36,Local-gov,109766,Bachelors,13,Never-married,Protective-serv,Not-in-family,White,Male,0,0,60,United-States,<=50K
32,Private,113453,Bachelors,13,Married-civ-spouse,Adm-clerical,Wife,White,Female,0,0,24,United-States,>50K.
41,Private,405172,Assoc-acdm,12,Married-civ-spouse,Transport-moving,Husband,Black,Male,0,0,40,,>50K.
54,Private,171924,HS-grad,9,Married-civ-spouse,Sales,Husband,White,Male,0,0,50,Canada,>50K.
37,Private,177420,HS-grad,9,Married-civ-spouse,Handlers-cleaners,Husband,Black,Male,0,0,40,United-States,>50K.
49,Private,120629,Some-college,10,Widowed,Sales,Unmarried,White,Female,0,0,30,United-States,<=50K
34,State-gov,227931,Some-college,10,Divorced,Adm-clerical,Not-in-family,White,Female,0,0,38,United-States,<=50K
41,Self-emp-inc,104813,Bachelors,13,Married-civ-spouse,Sales,Husband,White,Male,0,0,40,United-States,>50K.
39,Private,143445,HS-grad,9,Married-civ-spouse,Other-service,Other-relative,Black,Female,0,0,40,United-States,<=50K
39,Private,163205,Bachelors,13,Separated,Prof-specialty,Not-in-family,White,Male,0,0,50,United-States,>50K.
30,Private,176871,Some-college,10,Separated,Adm-clerical,Unmarried,Black,Female,0,0,40,United-States,<=50K
33,Private,196385,Bachelors,13,Married-civ-spouse,Exec-managerial,Husband,White,Male,0,1977,40,United-States,>50K.
49,Private,71195,Masters,14,Never-married,Prof-specialty,Not-in-family,White,Male,0,0,60,United-States,<=50K
34,Private,173524,HS-grad,9,Separated,Adm-clerical,Unmarried,White,Female,0,0,40,United-States,<=50K
66,Private,80621,Some-college,10,Never-married,Prof-specialty,Not-in-family,White,Female,0,0,40,United-States,>50K.
54,Private,159755,HS-grad,9,Married-civ-spouse,Exec-managerial,Husband,White,Male,7688,0,40,United-States,>50K.
40,Self-emp-not-inc,45093,HS-grad,9,Divorced,Craft-repair,Not-in-family,White,Male,0,0,45,Canada,<=50K
48,Self-emp-inc,481987,10th,6,Married-civ-spouse,Exec-managerial,Husband,White,Male,0,0,40,United-States,<=50K
40,Private,191814,Bachelors,13,Married-civ-spouse,Exec-managerial,Husband,White,Male,0,1902,40,United-States,>50K.
48,Self-emp-not-inc,179337,HS-grad,9,Married-civ-spouse,Craft-repair,Husband,White,Male,0,0,60,England,<=50K
30,Self-emp-not-inc,143078,Bachelors,13,Divorced,Sales,Not-in-family,White,Male,0,2444,55,United-States,>50K.
40,Private,170482,Bachelors,13,Never-married,Tech-support,Not-in-family,White,Female,14344,0,45,United-States,>50K.
49,Local-gov,452402,Bachelors,13,Married-civ-spouse,Prof-specialty,Wife,Black,Female,7688,0,35,United-States,>50K.
58,Private,49893,Masters,14,Married-civ-spouse,Exec-managerial,Husband,White,Male,0,0,50,United-States,>50K.
37,Private,114591,Assoc-acdm,12,Never-married,Exec-managerial,Not-in-family,White,Female,0,0,50,United-States,>50K.
51,Private,150999,HS-grad,9,Married-civ-spouse,Machine-op-inspct,Husband,White,Male,0,0,40,United-States,>50K.
32,Private,211239,Some-college,10,Married-AF-spouse,Exec-managerial,Wife,White,Female,0,0,40,United-States,>50K.
22,Private,146540,11th,7,Never-married,Craft-repair,Not-in-family,White,Male,0,0,50,United-States,<=50K
24,Local-gov,203924,Bachelors,13,Married-civ-spouse,Protective-serv,Husband,White,Male,0,0,45,United-States,<=50K
41,Self-emp-inc,220821,Masters,14,Married-civ-spouse,Prof-specialty,Husband,White,Male,0,0,70,United-States,>50K.
41,Self-emp-not-inc,36651,Some-college,10,Married-civ-spouse,Craft-repair,Husband,White,Male,0,0,45,United-States,>50K.
51,Private,99987,10th,6,Separated,Machine-op-inspct,Unmarried,Black,Female,0,0,40,United-States,<=50K
25,Private,205337,Bachelors,13,Married-civ-spouse,Sales,Husband,White,Male,0,0,50,United-States,>50K.
48,Self-emp-not-inc,185385,HS-grad,9,Married-civ-spouse,Farming-fishing,Husband,White,Male,0,0,98,United-States,<=50K
28,Private,186792,Bachelors,13,Married-civ-spouse,Adm-clerical,Husband,White,Male,0,0,40,United-States,<=50K
34,Private,126853,Masters,14,Married-civ-spouse,Exec-managerial,Husband,Asian-Pac-Islander,Male,0,0,40,Taiwan,>50K.
31,Private,157886,Some-college,10,Married-civ-spouse,Other-service,Wife,White,Female,0,0,40,United-States,<=50K
46,Private,268234,Assoc-voc,11,Married-civ-spouse,Exec-managerial,Husband,White,Male,0,1902,40,United-States,>50K.
18,?,256191,HS-grad,9,Never-married,?,Own-child,Black,Female,0,0,25,United-States,<=50K
19,Private,127491,HS-grad,9,Never-married,Other-service,Not-in-family,White,Male,0,0,40,United-States,<=50K
73,Private,77884,HS-grad,9,Married-civ-spouse,Farming-fishing,Husband,Asian-Pac-Islander,Male,0,0,40,Philippines,<=50K
46,Private,24728,HS-grad,9,Never-married,Craft-repair,Not-in-family,White,Female,0,0,48,United-States,<=50K
53,Private,162951,9th,5,Married-civ-spouse,Handlers-cleaners,Husband,White,Male,0,0,41,United-States,>50K.
37,Private,201531,HS-grad,9,Married-civ-spouse,Farming-fishing,Husband,White,Male,0,0,40,United-States,<=50K
58,Self-emp-not-inc,119891,Masters,14,Married-civ-spouse,Machine-op-inspct,Husband,White,Male,0,0,35,United-States,>50K.
67,?,274451,7th-8th,4,Married-civ-spouse,?,Husband,White,Male,0,0,40,United-States,<=50K
24,Private,21154,Some-college,10,Never-married,Adm-clerical,Own-child,White,Female,0,0,30,United-States,<=50K
60,Private,106850,10th,6,Divorced,Machine-op-inspct,Not-in-family,White,Female,0,0,40,United-States,<=50K
23,Private,325179,HS-grad,9,Married-civ-spouse,Sales,Husband,White,Male,0,0,40,United-States,>50K.
29,Local-gov,175262,Masters,14,Married-civ-spouse,Prof-specialty,Other-relative,White,Male,0,0,35,United-States,<=50K
65,Private,444725,Prof-school,15,Married-spouse-absent,Craft-repair,Not-in-family,White,Male,0,0,48,Hungary,>50K.
34,Private,90705,Some-college,10,Married-civ-spouse,Tech-support,Husband,White,Male,0,1485,40,United-States,<=50K
41,Private,340148,Some-college,10,Never-married,Prof-specialty,Not-in-family,White,Female,0,0,45,United-States,<=50K
22,?,236330,Some-college,10,Never-married,?,Own-child,Black,Male,0,1721,20,United-States,<=50K
61,,451327,Bachelors,13,Married-civ-spouse,,Husband,Other,Male,0,0,24,United-States,>50K.
65,Local-gov,146454,Masters,14,Married-civ-spouse,Prof-specialty,Husband,White,Male,0,1648,4,Greece,<=50K
52,Private,384959,Some-college,10,Married-civ-spouse,Transport-moving,Husband,White,Male,0,0,36,United-States,>50K.
62,Private,99470,HS-grad,9,Married-civ-spouse,Exec-managerial,Husband,White,Male,0,0,45,United-States,>50K.
43,Private,72791,Some-college,10,Married-civ-spouse,Craft-repair,Husband,Black,Male,5178,0,40,United-States,>50K.
36,Private,66173,Bachelors,13,Never-married,Adm-clerical,Not-in-family,White,Female,0,0,50,United-States,<=50K
31,Private,254304,10th,6,Divorced,Craft-repair,Not-in-family,White,Male,0,0,38,United-States,<=50K
34,Local-gov,209213,Bachelors,13,Never-married,Prof-specialty,Other-relative,Black,Male,0,0,15,United-States,<=50K
25,Private,267431,Bachelors,13,Never-married,Prof-specialty,Own-child,Black,Female,0,0,55,United-States,<=50K
28,Private,39232,Bachelors,13,Never-married,Prof-specialty,Not-in-family,White,Male,0,0,45,United-States,<=50K
48,Local-gov,67716,Masters,14,Married-civ-spouse,Prof-specialty,Husband,White,Male,7688,0,50,United-States,>50K.
73,,402363,Masters,14,Married-civ-spouse,,Wife,White,Female,0,0,16,United-States,>50K.
43,Self-emp-not-inc,271665,HS-grad,9,Married-civ-spouse,Sales,Husband,White,Male,0,0,45,United-States,<=50K
20,Private,190772,Assoc-acdm,12,Never-married,Other-service,Not-in-family,White,Female,0,0,40,United-States,<=50K
33,Private,93930,HS-grad,9,Never-married,Craft-repair,Not-in-family,White,Male,0,0,50,United-States,<=50K
46,Private,65353,Some-college,10,Divorced,Transport-moving,Own-child,White,Male,3325,0,55,United-States,<=50K
36,Private,289223,Some-college,10,Married-civ-spouse,Adm-clerical,Wife,White,Female,0,1848,40,United-States,>50K.
68,Self-emp-not-inc,89011,Doctorate,16,Married-civ-spouse,Prof-specialty,Husband,White,Male,0,0,50,Canada,<=50K
58,Self-emp-not-inc,112076,Doctorate,16,Married-AF-spouse,Exec-managerial,Wife,White,Female,0,1485,35,United-States,>50K.
45,Local-gov,272792,Masters,14,Married-civ-spouse,Prof-specialty,Wife,Black,Female,0,0,50,United-States,>50K.
33,Private,160594,Some-college,10,Married-civ-spouse,Exec-managerial,Husband,White,Male,7298,0,40,United-States,>50K.
38,Private,314007,Some-college,10,Married-civ-spouse,Transport-moving,Husband,White,Male,5178,0,40,United-States,>50K.
50,Private,224207,Bachelors,13,Married-civ-spouse,Prof-specialty,Husband,White,Male,0,0,40,United-States,>50K.
30,Private,92531,Bachelors,13,Married-civ-spouse,Adm-clerical,Husband,White,Male,0,0,40,United-States,>50K.
41,State-gov,518030,Bachelors,13,Never-married,Protective-serv,Not-in-family,Black,Male,0,1590,40,Puerto-Rico,<=50K
45,Private,274657,11th,7,Married-civ-spouse,Craft-repair,Husband,White,Male,0,0,40,?,<=50K
65,Self-emp-inc,410199,Bachelors,13,Married-civ-spouse,Exec-managerial,Husband,White,Male,9386,0,35,United-States,>50K.
51,Private,348099,HS-grad,9,Never-married,Machine-op-inspct,Not-in-family,White,Female,0,1590,40,United-States,<=50K
27,Self-emp-not-inc,226976,HS-grad,9,Married-civ-spouse,Prof-specialty,Husband,White,Male,0,0,50,United-States,>50K.
25,Private,48029,Some-college,10,Married-civ-spouse,Exec-managerial,Husband,White,Male,0,0,40,United-States,>50K.
24,Private,88126,HS-grad,9,Never-married,Craft-repair,Not-in-family,White,Male,0,0,40,United-States,<=50K
53,Private,68898,Some-college,10,Married-civ-spouse,Tech-support,Husband,White,Male,0,0,40,United-States,<=50K
63,Private,172433,Some-college,10,Married-civ-spouse,Exec-managerial,Husband,White,Male,0,1887,40,United-States,>50K.
29,Local-gov,181434,Bachelors,13,Married-civ-spouse,Prof-specialty,Husband,White,Male,7298,0,40,United-States,>50K.
46,Self-emp-inc,292569,Bachelors,13,Married-civ-spouse,Tech-support,Husband,White,Male,7298,0,65,United-States,>50K.
29,Private,337266,Assoc-voc,11,Married-civ-spouse,Exec-managerial,Husband,White,Male,0,0,40,United-States,>50K.
39,Private,140854,HS-grad,9,Married-civ-spouse,Transport-moving,Husband,White,Male,0,1902,60,United-States,>50K.
50,Private,99392,Some-college,10,Divorced,Craft-repair,Not-in-family,Black,Female,0,0,45,United-States,<=50K
28,Private,103432,HS-grad,9,Never-married,Transport-moving,Own-child,White,Male,0,0,45,Portugal,>50K.
62,Private,210464,HS-grad,9,Never-married,Other-service,Other-relative,Black,Female,0,0,38,United-States,<=50K
31,State-gov,29152,12th,8,Married-civ-spouse,Other-service,Wife,White,Female,0,0,40,United-States,<=50K
63,Private,165611,Some-college,10,Married-civ-spouse,Exec-managerial,Husband,White,Male,15024,0,40,United-States,>50K.
46,Private,84790,HS-grad,9,Married-civ-spouse,Machine-op-inspct,Husband,White,Male,0,0,40,United-States,>50K.
40,Private,276759,Masters,14,Married-civ-spouse,Prof-specialty,Wife,White,Female,0,0,60,United-States,>50K.
48,Private,33669,Some-college,10,Married-civ-spouse,Transport-moving,Husband,White,Male,0,0,60,United-States,<=50K
29,Private,163708,Bachelors,13,Married-civ-spouse,Adm-clerical,Wife,Asian-Pac-Islander,Female,0,0,45,United-States,>50K.
32,Private,256362,HS-grad,9,Married-civ-spouse,Machine-op-inspct,Husband,White,Male,0,0,40,United-States,>50K.
32,Private,72887,Some-college,10,Married-civ-spouse,Sales,Husband,Asian-Pac-Islander,Male,0,0,40,United-States,>50K.
38,State-gov,185180,Prof-school,15,Married-civ-spouse,Prof-specialty,Husband,White,Male,7688,0,40,United-States,>50K.
55,Federal-gov,186791,HS-grad,9,Divorced,Adm-clerical,Not-in-family,White,Female,0,0,40,United-States,<=50K
24,?,376474,HS-grad,9,Married-civ-spouse,?,Husband,White,Male,0,0,40,United-States,<=50K
40,Private,99679,Masters,14,Married-civ-spouse,Sales,Husband,White,Male,3103,0,43,United-States,>50K.
29,Private,130438,HS-grad,9,Married-civ-spouse,Machine-op-inspct,Husband,White,Male,0,0,40,United-States,<=50K
36,Private,79649,Some-college,10,Married-civ-spouse,Sales,Husband,White,Male,0,0,40,United-States,<=50K
43,Private,265072,Bachelors,13,Never-married,Prof-specialty,Not-in-family,Asian-Pac-Islander,Male,0,2258,50,United-States,>50K.
59,Self-emp-inc,177271,Prof-school,15,Married-civ-spouse,Exec-managerial,Husband,White,Male,99999,0,84,United-States,>50K.
20,Private,84726,Some-college,10,Never-married,Tech-support,Not-in-family,White,Female,0,0,40,United-States,<=50K
54,State-gov,180881,Masters,14,Married-civ-spouse,Exec-managerial,Husband,White,Male,0,0,50,United-States,>50K.
53,State-gov,195690,Doctorate,16,Married-civ-spouse,Prof-specialty,Husband,White,Male,0,1902,50,United-States,>50K.
39,Local-gov,357962,Assoc-acdm,12,Never-married,Transport-moving,Not-in-family,White,Male,0,0,48,United-States,<=50K
30,Private,118056,Some-college,10,Married-spouse-absent,Exec-managerial,Unmarried,White,Female,0,0,45,United-States,<=50K
46,Private,226032,Bachelors,13,Married-civ-spouse,Sales,Wife,White,Female,0,0,16,United-States,>50K.
54,Private,99185,Bachelors,13,Married-civ-spouse,Prof-specialty,Husband,White,Male,0,1977,40,United-States,>50K.
30,Private,169583,HS-grad,9,Never-married,Sales,Own-child,White,Female,0,0,35,United-States,<=50K
51,?,146325,HS-grad,9,Married-civ-spouse,?,Husband,White,Male,0,0,28,United-States,<=50K
67,Private,101132,7th-8th,4,Married-civ-spouse,Craft-repair,Husband,White,Male,1797,0,40,United-States,<=50K
39,Private,252327,9th,5,Separated,Craft-repair,Own-child,White,Male,0,0,35,Mexico,<=50K
43,Private,128578,HS-grad,9,Married-civ-spouse,Sales,Husband,White,Male,7688,0,60,United-States,>50K.
39,Private,102976,Masters,14,Never-married,Exec-managerial,Not-in-family,White,Male,0,0,50,United-States,>50K.
17,Private,172050,11th,7,Never-married,Handlers-cleaners,Own-child,White,Male,0,0,16,United-States,<=50K
55,State-gov,294395,Assoc-voc,11,Widowed,Prof-specialty,Unmarried,White,Female,6849,0,40,United-States,<=50K
36,Self-emp-not-inc,219155,Some-college,10,Married-civ-spouse,Sales,Husband,White,Male,0,0,50,United-States,>50K.
45,Private,320192,1st-4th,2,Married-civ-spouse,Other-service,Wife,White,Female,0,0,40,United-States,<=50K
46,Self-emp-not-inc,135339,HS-grad,9,Married-spouse-absent,Craft-repair,Not-in-family,Asian-Pac-Islander,Male,0,0,45,India,>50K.
61,Private,284710,Prof-school,15,Married-civ-spouse,Prof-specialty,Husband,White,Male,0,1902,45,Columbia,>50K.
41,Self-emp-inc,64112,Assoc-acdm,12,Married-civ-spouse,Prof-specialty,Husband,White,Male,15024,0,50,United-States,>50K.
34,Private,24361,Prof-school,15,Never-married,Prof-specialty,Not-in-family,White,Female,10520,0,40,United-States,>50K.
35,Private,130540,Masters,14,Never-married,Prof-specialty,Own-child,White,Male,0,1564,40,United-States,>50K.
28,Private,208249,Some-college,10,Divorced,Tech-support,Not-in-family,White,Male,0,0,24,United-States,<=50K
60,Local-gov,48788,Bachelors,13,Separated,Prof-specialty,Unmarried,White,Female,5455,0,55,United-States,<=50K
20,Private,157595,Some-college,10,Never-married,Handlers-cleaners,Not-in-family,White,Male,0,0,40,United-States,<=50K
43,Private,33126,Some-college,10,Married-civ-spouse,Exec-managerial,Husband,White,Male,0,0,50,United-States,<=50K
41,Self-emp-not-inc,144594,7th-8th,4,Married-civ-spouse,Craft-repair,Husband,White,Male,0,2179,40,United-States,<=50K
52,Federal-gov,165050,HS-grad,9,Never-married,Adm-clerical,Not-in-family,White,Male,0,0,48,United-States,>50K.
55,Self-emp-not-inc,96459,10th,6,Married-civ-spouse,Farming-fishing,Husband,White,Male,0,1887,70,United-States,>50K.
56,Private,67153,Doctorate,16,Married-civ-spouse,Exec-managerial,Husband,White,Male,0,0,60,United-States,>50K.
33,Self-emp-not-inc,38223,HS-grad,9,Never-married,Farming-fishing,Own-child,White,Male,0,0,70,United-States,<=50K
56,Private,208640,Masters,14,Married-civ-spouse,Exec-managerial,Husband,White,Male,0,0,40,United-States,>50K.
23,Private,183789,HS-grad,9,Never-married,Sales,Own-child,White,Male,0,0,40,United-States,<=50K
41,Private,264663,Some-college,10,Separated,Prof-specialty,Own-child,White,Female,0,3900,40,United-States,<=50K
45,State-gov,310049,Assoc-voc,11,Married-civ-spouse,Prof-specialty,Wife,Asian-Pac-Islander,Female,0,0,40,Philippines,>50K.
43,Private,191547,HS-grad,9,Married-civ-spouse,Farming-fishing,Husband,White,Male,0,0,40,Mexico,<=50K
48,Local-gov,186172,Assoc-acdm,12,Married-civ-spouse,Protective-serv,Husband,White,Male,0,0,40,United-States,>50K.
58,Private,315081,Assoc-acdm,12,Married-civ-spouse,Sales,Husband,White,Male,0,0,42,United-States,>50K.
35,Private,194404,Bachelors,13,Married-civ-spouse,Prof-specialty,Husband,White,Male,0,0,40,United-States,>50K.
25,Private,181598,11th,7,Married-civ-spouse,Tech-support,Husband,White,Male,0,0,40,United-States,<=50K
37,Private,319831,HS-grad,9,Married-civ-spouse,Transport-moving,Husband,White,Male,0,0,55,United-States,>50K.
42,Federal-gov,284403,HS-grad,9,Divorced,Adm-clerical,Not-in-family,Black,Male,0,0,40,United-States,<=50K
47,Private,255965,Prof-school,15,Married-civ-spouse,Prof-specialty,Husband,White,Male,15024,0,50,United-States,>50K.
35,Private,38948,Assoc-voc,11,Married-civ-spouse,Craft-repair,Husband,White,Male,3103,0,40,United-States,>50K.
37,Private,101020,Bachelors,13,Separated,Exec-managerial,Not-in-family,White,Male,4787,0,55,United-States,>50K.
39,Private,113725,Masters,14,Divorced,Exec-managerial,Not-in-family,White,Female,8614,0,40,United-States,>50K.
38,Private,455379,Masters,14,Married-civ-spouse,Exec-managerial,Husband,White,Male,0,0,60,United-States,>50K.
34,State-gov,117186,HS-grad,9,Married-civ-spouse,Protective-serv,Husband,White,Male,0,0,40,United-States,>50K.
51,?,203015,HS-grad,9,Married-civ-spouse,?,Husband,White,Male,0,0,40,United-States,<=50K
26,Private,214303,Bachelors,13,Never-married,Prof-specialty,Not-in-family,White,Female,0,0,50,United-States,<=50K
44,Federal-gov,32000,Bachelors,13,Married-civ-spouse,Prof-specialty,Husband,White,Male,0,0,45,United-States,>50K.
44,Private,111502,HS-grad,9,Married-civ-spouse,Sales,Wife,White,Female,0,0,40,United-States,<=50K
21,Private,191444,11th,7,Never-married,Farming-fishing,Unmarried,White,Male,0,0,40,United-States,<=50K
46,Self-emp-inc,132576,HS-grad,9,Married-civ-spouse,Sales,Husband,White,Male,0,1887,45,United-States,>50K.
22,Private,54825,HS-grad,9,Never-married,Sales,Not-in-family,White,Male,0,0,40,United-States,<=50K
21,?,206681,11th,7,Married-civ-spouse,?,Wife,White,Female,0,0,40,United-States,<=50K
44,Private,259674,Masters,14,Married-civ-spouse,Exec-managerial,Husband,Black,Male,5178,0,60,United-States,>50K.
52,Private,247806,Masters,14,Married-civ-spouse,Exec-managerial,Husband,White,Male,15024,0,50,United-States,>50K.
40,Private,155972,HS-grad,9,Married-civ-spouse,Exec-managerial,Husband,White,Male,7688,0,55,United-States,>50K.
33,Private,221966,Bachelors,13,Never-married,Prof-specialty,Not-in-family,White,Male,2202,0,50,United-States,<=50K
48,Private,144844,HS-grad,9,Married-civ-spouse,Craft-repair,Husband,White,Male,0,0,40,United-States,<=50K
38,Private,229236,HS-grad,9,Married-civ-spouse,Transport-moving,Husband,Other,Male,0,0,40,Puerto-Rico,<=50K
22,Private,333158,HS-grad,9,Never-married,Machine-op-inspct,Not-in-family,White,Female,0,0,48,United-States,<=50K
38,State-gov,314052,HS-grad,9,Divorced,Adm-clerical,Not-in-family,White,Female,0,0,38,United-States,<=50K
41,Private,202565,HS-grad,9,Married-civ-spouse,Adm-clerical,Husband,White,Male,0,0,40,United-States,>50K.
20,Private,373935,HS-grad,9,Never-married,Handlers-cleaners,Own-child,White,Male,0,0,35,United-States,<=50K
55,Private,102058,Bachelors,13,Married-civ-spouse,Sales,Husband,White,Male,0,0,40,United-States,>50K.
60,Private,152727,Some-college,10,Married-civ-spouse,Exec-managerial,Husband,White,Male,0,1902,40,United-States,>50K.
34,Private,113129,Assoc-acdm,12,Married-civ-spouse,Sales,Husband,White,Male,0,0,38,United-States,>50K.
61,Private,190682,HS-grad,9,Widowed,Craft-repair,Not-in-family,Black,Female,0,1669,50,United-States,<=50K
22,Private,264874,Some-college,10,Never-married,Tech-support,Other-relative,White,Female,0,0,40,United-States,<=50K
48,Private,123681,Some-college,10,Married-civ-spouse,Transport-moving,Husband,White,Male,0,0,40,United-States,>50K.
55,Private,84774,HS-grad,9,Married-civ-spouse,Priv-house-serv,Wife,White,Female,0,0,30,United-States,<=50K
17,Private,140117,10th,6,Never-married,Sales,Own-child,White,Female,0,0,12,United-States,<=50K
36,Private,158592,11th,7,Married-civ-spouse,Craft-repair,Husband,White,Male,0,0,50,United-States,<=50K
24,Self-emp-not-inc,31606,Bachelors,13,Married-civ-spouse,Prof-specialty,Other-relative,White,Female,0,0,20,United-States,>50K.
28,Local-gov,205903,Assoc-acdm,12,Married-civ-spouse,Protective-serv,Husband,White,Male,0,0,45,United-States,>50K.
59,Private,21792,HS-grad,9,Widowed,Other-service,Not-in-family,White,Female,0,0,10,United-States,<=50K
29,Private,308136,Some-college,10,Married-civ-spouse,Craft-repair,Husband,White,Male,0,0,40,United-States,<=50K
37,Private,516701,Masters,14,Never-married,Exec-managerial,Not-in-family,Black,Male,0,1564,50,,>50K.
37,Self-emp-not-inc,400287,Masters,14,Married-civ-spouse,Prof-specialty,Wife,White,Female,0,1887,15,United-States,>50K.
30,Private,123397,HS-grad,9,Never-married,Handlers-cleaners,Unmarried,White,Female,0,0,40,United-States,<=50K
31,Private,132601,HS-grad,9,Never-married,Other-service,Own-child,White,Male,0,0,40,United-States,<=50K
54,Federal-gov,278076,HS-grad,9,Married-civ-spouse,Exec-managerial,Husband,White,Male,5178,0,40,United-States,>50K.
48,Self-emp-inc,214994,Some-college,10,Married-civ-spouse,Exec-managerial,Husband,White,Male,0,0,55,United-States,>50K.
20,Private,34310,Some-college,10,Never-married,Sales,Own-child,White,Male,0,0,20,United-States,<=50K
35,Private,188041,Some-college,10,Married-civ-spouse,Exec-managerial,Husband,White,Male,0,0,50,United-States,<=50K
58,Local-gov,156649,1st-4th,2,Widowed,Handlers-cleaners,Unmarried,Black,Male,0,0,40,United-States,<=50K
49,Private,27898,HS-grad,9,Married-civ-spouse,Exec-managerial,Husband,White,Male,0,1977,55,United-States,>50K.
45,Private,139571,HS-grad,9,Married-civ-spouse,Craft-repair,Husband,White,Male,0,0,50,United-States,>50K.
25,Private,223426,Assoc-voc,11,Never-married,Sales,Not-in-family,White,Male,0,0,65,Canada,>50K.
39,Private,116546,Some-college,10,Married-civ-spouse,Sales,Husband,White,Male,0,0,50,United-States,>50K.
24,Private,36058,Bachelors,13,Never-married,Sales,Not-in-family,White,Male,0,0,50,United-States,<=50K
33,Private,323985,Bachelors,13,Married-civ-spouse,Adm-clerical,Wife,White,Female,0,0,5,United-States,>50K.
18,?,139003,HS-grad,9,Never-married,?,Other-relative,Other,Female,0,0,12,United-States,<=50K
66,Self-emp-inc,115880,Some-college,10,Married-civ-spouse,Prof-specialty,Husband,White,Male,0,0,40,United-States,<=50K
37,Private,226500,Bachelors,13,Married-civ-spouse,Sales,Husband,White,Male,0,0,55,United-States,>50K.
42,Private,121352,Bachelors,13,Married-civ-spouse,Prof-specialty,Husband,White,Male,0,0,80,,>50K.
57,Self-emp-inc,84231,Masters,14,Married-civ-spouse,Sales,Husband,White,Male,0,1977,50,United-States,>50K.
63,Self-emp-not-inc,130221,Masters,14,Married-civ-spouse,Sales,Husband,White,Male,0,0,60,United-States,>50K.
36,Private,398931,Bachelors,13,Married-civ-spouse,Sales,Husband,White,Male,0,1902,40,United-States,>50K.
39,Self-emp-not-inc,176900,HS-grad,9,Married-civ-spouse,Other-service,Husband,White,Male,0,0,50,United-States,>50K.
50,Private,176609,Some-college,10,Divorced,Other-service,Not-in-family,White,Male,0,0,45,United-States,<=50K
56,State-gov,133728,Some-college,10,Married-civ-spouse,Exec-managerial,Husband,White,Male,0,0,35,United-States,>50K.
28,?,308493,HS-grad,9,Married-civ-spouse,?,Wife,White,Female,0,0,17,Honduras,<=50K
38,Private,187847,Masters,14,Married-civ-spouse,Exec-managerial,Husband,White,Male,0,0,50,United-States,>50K.
32,Private,26543,Some-college,10,Separated,Prof-specialty,Not-in-family,White,Male,0,2231,40,United-States,>50K.
62,Local-gov,194276,Masters,14,Married-civ-spouse,Prof-specialty,Husband,White,Male,7688,0,40,United-States,>50K.
33,Private,184306,Bachelors,13,Married-civ-spouse,Prof-specialty,Husband,White,Male,0,0,45,United-States,<=50K
75,Private,199826,Some-college,10,Divorced,Sales,Not-in-family,White,Female,0,0,36,United-States,>50K.
34,Private,162113,Some-college,10,Married-civ-spouse,Exec-managerial,Wife,White,Female,0,0,48,United-States,>50K.
47,Private,199058,Some-college,10,Married-civ-spouse,Prof-specialty,Husband,White,Male,0,0,40,United-States,>50K.
22,Private,396895,5th-6th,3,Married-civ-spouse,Craft-repair,Husband,White,Male,0,0,35,Mexico,<=50K
51,Private,269080,7th-8th,4,Widowed,Other-service,Unmarried,Black,Female,0,0,40,United-States,<=50K
49,Self-emp-not-inc,228372,Bachelors,13,Married-civ-spouse,Sales,Husband,White,Male,0,1977,60,United-States,>50K.
33,Private,184306,HS-grad,9,Divorced,Handlers-cleaners,Unmarried,White,Male,0,0,30,United-States,<=50K
34,Private,324254,HS-grad,9,Married-civ-spouse,Machine-op-inspct,Husband,White,Male,0,0,40,United-States,<=50K
47,Private,213668,Some-college,10,Separated,Machine-op-inspct,Not-in-family,White,Male,8614,0,65,United-States,>50K.
38,Federal-gov,47707,HS-grad,9,Never-married,Adm-clerical,Own-child,Black,Female,0,0,40,United-States,<=50K
35,Self-emp-inc,242080,Bachelors,13,Married-civ-spouse,Prof-specialty,Husband,White,Male,7298,0,45,United-States,>50K.
44,Private,106900,Masters,14,Married-civ-spouse,Sales,Husband,White,Male,0,0,50,United-States,>50K.
56,State-gov,270859,Bachelors,13,Married-civ-spouse,Prof-specialty,Husband,White,Male,0,1902,48,United-States,>50K.
34,Self-emp-inc,233727,Bachelors,13,Married-civ-spouse,Exec-managerial,Husband,White,Male,0,0,50,United-States,>50K.
50,State-gov,143822,Doctorate,16,Married-civ-spouse,Prof-specialty,Husband,White,Male,15024,0,40,United-States,>50K.
41,Local-gov,134524,Assoc-voc,11,Divorced,Craft-repair,Unmarried,White,Female,0,0,45,United-States,<=50K
44,Private,222434,HS-grad,9,Divorced,Machine-op-inspct,Own-child,White,Male,0,0,40,United-States,<=50K
55,,229029,Bachelors,13,Married-civ-spouse,,Husband,White,Male,5178,0,20,United-States,>50K.
33,Local-gov,167474,Assoc-acdm,12,Married-civ-spouse,Adm-clerical,Husband,White,Male,0,0,40,United-States,<=50K
34,Self-emp-inc,154120,HS-grad,9,Never-married,Farming-fishing,Own-child,White,Male,0,0,55,United-States,<=50K
34,Self-emp-not-inc,163756,Assoc-voc,11,Never-married,Farming-fishing,Not-in-family,White,Male,27828,0,60,United-States,>50K.
46,Local-gov,138107,Masters,14,Married-civ-spouse,Exec-managerial,Husband,White,Male,0,1902,60,United-States,>50K.
33,Private,118941,HS-grad,9,Married-civ-spouse,Adm-clerical,Wife,White,Female,0,0,40,United-States,>50K.
40,Private,320451,Bachelors,13,Married-civ-spouse,Tech-support,Husband,Asian-Pac-Islander,Male,0,0,40,,>50K.
40,Federal-gov,90737,Some-college,10,Married-civ-spouse,Adm-clerical,Husband,White,Male,0,1887,40,United-States,>50K.
35,Private,110402,11th,7,Married-civ-spouse,Sales,Husband,White,Male,0,0,35,United-States,<=50K
38,Local-gov,187046,HS-grad,9,Married-civ-spouse,Protective-serv,Husband,White,Male,0,0,40,United-States,>50K.
24,Private,211391,10th,6,Never-married,Sales,Not-in-family,White,Female,0,0,15,United-States,<=50K
31,State-gov,77634,Preschool,1,Never-married,Other-service,Not-in-family,White,Male,0,0,24,United-States,<=50K
32,Private,228873,11th,7,Married-civ-spouse,Transport-moving,Husband,White,Male,7298,0,60,United-States,>50K.
46,Self-emp-not-inc,214627,Bachelors,13,Married-civ-spouse,Sales,Husband,White,Male,0,1977,45,United-States,>50K.
57,Self-emp-inc,146103,HS-grad,9,Married-civ-spouse,Sales,Husband,White,Male,15024,0,30,United-States,>50K.
25,Self-emp-inc,160261,Bachelors,13,Never-married,Exec-managerial,Own-child,Asian-Pac-Islander,Male,0,0,35,Taiwan,<=50K
38,Private,98776,Some-college,10,Married-civ-spouse,Adm-clerical,Husband,White,Male,0,0,40,United-States,>50K.
18,Private,162840,12th,8,Never-married,Sales,Own-child,White,Female,0,0,20,United-States,<=50K
70,Local-gov,334666,HS-grad,9,Widowed,Adm-clerical,Not-in-family,White,Female,0,0,12,United-States,<=50K
44,Private,314739,Some-college,10,Married-civ-spouse,Sales,Husband,White,Male,0,0,40,United-States,>50K.
69,Private,232683,Some-college,10,Married-civ-spouse,Adm-clerical,Husband,White,Male,0,0,15,France,>50K.
36,Self-emp-not-inc,188503,Masters,14,Never-married,Prof-specialty,Not-in-family,White,Female,0,0,60,United-States,>50K.
32,Private,42596,HS-grad,9,Married-civ-spouse,Craft-repair,Husband,White,Male,0,0,48,United-States,<=50K
35,Self-emp-not-inc,134498,Some-college,10,Never-married,Exec-managerial,Own-child,White,Male,0,0,45,United-States,>50K.
27,Private,200227,Assoc-voc,11,Married-civ-spouse,Adm-clerical,Wife,Black,Female,0,0,40,United-States,<=50K
30,Private,210906,HS-grad,9,Married-civ-spouse,Exec-managerial,Other-relative,White,Female,0,0,40,United-States,<=50K
34,Private,113708,12th,8,Married-civ-spouse,Craft-repair,Husband,White,Male,0,0,59,United-States,>50K.
26,?,256141,Some-college,10,Never-married,?,Own-child,White,Female,0,0,40,United-States,<=50K
60,Private,116707,11th,7,Divorced,Protective-serv,Not-in-family,White,Male,0,0,40,United-States,<=50K
49,State-gov,70209,Doctorate,16,Divorced,Prof-specialty,Not-in-family,White,Female,14084,0,60,United-States,>50K.
35,Private,415167,Bachelors,13,Married-civ-spouse,Exec-managerial,Husband,White,Male,0,0,60,United-States,>50K.
51,Local-gov,176813,Assoc-acdm,12,Married-civ-spouse,Prof-specialty,Husband,White,Male,0,0,60,United-States,<=50K
45,Federal-gov,230685,Doctorate,16,Married-civ-spouse,Prof-specialty,Husband,White,Male,0,0,40,United-States,>50K.
50,Private,62593,Assoc-voc,11,Married-civ-spouse,Farming-fishing,Husband,Asian-Pac-Islander,Male,0,0,40,United-States,>50K.
17,?,80077,11th,7,Never-married,?,Own-child,White,Female,0,0,20,United-States,<=50K
56,Local-gov,52953,Doctorate,16,Divorced,Prof-specialty,Not-in-family,White,Female,0,1669,38,United-States,<=50K
26,?,133373,Bachelors,13,Never-married,?,Own-child,White,Male,0,0,44,United-States,<=50K
29,Private,138332,Some-college,10,Married-civ-spouse,Adm-clerical,Own-child,White,Female,0,0,6,United-States,<=50K
50,Private,245356,Some-college,10,Married-civ-spouse,Exec-managerial,Husband,White,Male,0,0,50,United-States,>50K.
38,State-gov,220421,Bachelors,13,Never-married,Exec-managerial,Not-in-family,White,Female,0,0,40,United-States,<=50K
43,Private,350379,5th-6th,3,Divorced,Priv-house-serv,Unmarried,White,Female,0,0,40,Mexico,<=50K
34,Private,164190,Bachelors,13,Married-civ-spouse,Exec-managerial,Husband,White,Male,0,0,40,United-States,<=50K
55,Private,250149,Some-college,10,Married-civ-spouse,Prof-specialty,Husband,White,Male,0,0,40,United-States,>50K.
32,Private,211028,Some-college,10,Never-married,Adm-clerical,Not-in-family,White,Female,0,0,40,United-States,<=50K
73,Private,145570,7th-8th,4,Married-civ-spouse,Sales,Husband,White,Male,0,0,35,United-States,>50K.
43,Private,198282,HS-grad,9,Married-civ-spouse,Craft-repair,Husband,White,Male,0,0,40,United-States,>50K.
48,Private,97470,Some-college,10,Married-civ-spouse,Exec-managerial,Husband,White,Male,0,0,40,United-States,>50K.
50,Local-gov,320510,Some-college,10,Married-civ-spouse,Protective-serv,Husband,White,Male,7298,0,56,United-States,>50K.
28,Private,370509,HS-grad,9,Married-civ-spouse,Craft-repair,Husband,White,Male,0,0,44,United-States,>50K.
53,Private,350131,Bachelors,13,Married-civ-spouse,Prof-specialty,Wife,White,Female,0,0,48,United-States,>50K.
45,Private,188432,HS-grad,9,Married-civ-spouse,Craft-repair,Husband,White,Male,0,0,40,United-States,<=50K
65,Private,190160,Bachelors,13,Married-civ-spouse,Exec-managerial,Husband,White,Male,99999,0,40,United-States,>50K.
38,?,212048,Prof-school,15,Divorced,?,Not-in-family,White,Female,0,0,30,United-States,<=50K
40,Private,226902,Bachelors,13,Married-civ-spouse,Exec-managerial,Husband,White,Male,0,0,40,United-States,>50K.
24,Private,174907,HS-grad,9,Never-married,Other-service,Own-child,White,Female,0,0,30,United-States,<=50K
43,Private,38946,Bachelors,13,Married-civ-spouse,Prof-specialty,Husband,White,Male,0,0,50,United-States,>50K.
25,Private,175128,HS-grad,9,Married-civ-spouse,Transport-moving,Husband,White,Male,0,0,40,United-States,<=50K
51,Private,103995,Doctorate,16,Widowed,Prof-specialty,Not-in-family,White,Female,10520,0,60,United-States,>50K.
50,State-gov,297551,HS-grad,9,Married-civ-spouse,Prof-specialty,Husband,White,Male,0,0,52,United-States,<=50K
61,Private,258775,HS-grad,9,Married-civ-spouse,Protective-serv,Husband,White,Male,4386,0,40,United-States,>50K.
53,Private,188644,Preschool,1,Married-civ-spouse,Other-service,Husband,White,Male,0,0,40,Mexico,<=50K
47,Private,362654,HS-grad,9,Married-civ-spouse,Machine-op-inspct,Husband,White,Male,0,0,40,United-States,<=50K
24,Local-gov,354351,HS-grad,9,Married-civ-spouse,Craft-repair,Husband,White,Male,0,0,60,United-States,>50K.
64,Private,146674,HS-grad,9,Married-civ-spouse,Other-service,Husband,Black,Male,0,0,40,,>50K.
70,Private,206232,10th,6,Married-civ-spouse,Machine-op-inspct,Husband,White,Male,0,0,50,United-States,<=50K
45,Private,238386,Assoc-voc,11,Married-civ-spouse,Machine-op-inspct,Husband,White,Male,0,0,40,United-States,>50K.
44,Private,222434,HS-grad,9,Married-civ-spouse,Craft-repair,Husband,White,Male,0,0,40,United-States,<=50K
40,Private,184846,HS-grad,9,Married-civ-spouse,Prof-specialty,Wife,White,Female,5178,0,40,United-States,>50K.
26,Private,176008,HS-grad,9,Divorced,Adm-clerical,Own-child,White,Female,0,0,40,United-States,<=50K
39,Private,32146,Masters,14,Never-married,Prof-specialty,Not-in-family,White,Male,0,0,60,United-States,<=50K
33,Private,236013,Assoc-acdm,12,Married-civ-spouse,Exec-managerial,Wife,White,Female,0,0,55,United-States,>50K.
54,Self-emp-not-inc,30908,7th-8th,4,Married-civ-spouse,Farming-fishing,Husband,White,Male,0,0,60,United-States,<=50K
41,Self-emp-not-inc,188738,HS-grad,9,Divorced,Craft-repair,Unmarried,White,Male,0,0,27,United-States,<=50K
58,Private,100054,Bachelors,13,Married-civ-spouse,Sales,Husband,White,Male,0,1902,70,United-States,>50K.
41,Private,319366,Some-college,10,Married-civ-spouse,Tech-support,Husband,White,Male,0,0,40,Haiti,>50K.
59,Self-emp-inc,165695,Bachelors,13,Married-civ-spouse,Prof-specialty,Husband,White,Male,0,0,20,United-States,>50K.
58,Self-emp-not-inc,98015,Doctorate,16,Married-civ-spouse,Prof-specialty,Husband,White,Male,15024,0,32,United-States,>50K.
38,Private,179481,HS-grad,9,Married-civ-spouse,Exec-managerial,Husband,White,Male,0,0,50,United-States,>50K.
40,Federal-gov,189610,HS-grad,9,Divorced,Adm-clerical,Not-in-family,Black,Female,0,0,52,United-States,<=50K
43,Private,116379,HS-grad,9,Married-civ-spouse,Exec-managerial,Husband,Asian-Pac-Islander,Male,0,0,60,China,>50K.
24,Private,82804,HS-grad,9,Never-married,Handlers-cleaners,Unmarried,Black,Female,0,0,40,United-States,<=50K
38,Private,349198,Assoc-acdm,12,Married-civ-spouse,Tech-support,Husband,White,Male,0,0,21,United-States,>50K.
31,Private,173473,Masters,14,Married-civ-spouse,Prof-specialty,Husband,Asian-Pac-Islander,Male,0,0,45,United-States,>50K.
65,Local-gov,180869,Some-college,10,Widowed,Adm-clerical,Not-in-family,White,Female,0,0,35,United-States,<=50K
48,Private,101684,HS-grad,9,Married-civ-spouse,Sales,Husband,White,Male,0,0,40,United-States,<=50K
41,Self-emp-not-inc,390369,Prof-school,15,Married-civ-spouse,Prof-specialty,Husband,White,Male,0,0,58,United-States,>50K.
50,Local-gov,237356,Some-college,10,Married-civ-spouse,Protective-serv,Husband,White,Male,7298,0,40,United-States,>50K.
30,Private,46492,Bachelors,13,Married-civ-spouse,Tech-support,Husband,White,Male,0,1902,40,United-States,>50K.
53,Private,95540,Some-college,10,Divorced,Adm-clerical,Unmarried,White,Female,1471,0,40,United-States,<=50K
42,Federal-gov,201520,Masters,14,Married-civ-spouse,Exec-managerial,Husband,White,Male,0,1902,43,United-States,>50K.
47,Private,174794,Masters,14,Never-married,Prof-specialty,Not-in-family,White,Female,0,0,40,England,>50K.
30,Private,185177,11th,7,Never-married,Handlers-cleaners,Own-child,White,Male,0,0,49,United-States,<=50K
31,Private,359249,Assoc-voc,11,Never-married,Protective-serv,Own-child,Black,Male,0,0,40,United-States,<=50K
39,Private,198654,HS-grad,9,Divorced,Exec-managerial,Unmarried,Black,Female,99999,0,40,United-States,>50K.
25,Private,371987,HS-grad,9,Divorced,Adm-clerical,Not-in-family,White,Female,0,0,40,United-States,<=50K
37,Private,31023,HS-grad,9,Married-civ-spouse,Craft-repair,Husband,White,Male,0,0,45,United-States,<=50K
33,Private,156464,Bachelors,13,Never-married,Sales,Not-in-family,White,Male,0,0,50,United-States,>50K.
23,Private,267471,12th,8,Never-married,Sales,Own-child,White,Female,0,0,25,United-States,<=50K
30,Private,302149,Bachelors,13,Married-civ-spouse,Sales,Husband,Asian-Pac-Islander,Male,0,0,40,India,<=50K
34,State-gov,61431,12th,8,Never-married,Adm-clerical,Not-in-family,Black,Female,0,0,40,United-States,<=50K
29,Private,112403,Some-college,10,Never-married,Handlers-cleaners,Not-in-family,White,Male,0,0,35,United-States,<=50K
26,Private,322547,Bachelors,13,Never-married,Prof-specialty,Not-in-family,White,Female,0,0,45,United-States,<=50K
53,Private,231472,Masters,14,Married-civ-spouse,Exec-managerial,Husband,White,Male,15024,0,50,United-States,>50K.
53,Federal-gov,164195,Some-college,10,Married-civ-spouse,Tech-support,Husband,White,Male,4386,0,40,United-States,>50K.
46,Self-emp-inc,222829,Masters,14,Married-civ-spouse,Exec-managerial,Husband,White,Male,0,0,60,United-States,>50K.
45,Self-emp-inc,270079,Bachelors,13,Married-civ-spouse,Exec-managerial,Husband,White,Male,0,0,50,United-States,>50K.
44,Private,77373,Bachelors,13,Married-civ-spouse,Exec-managerial,Husband,White,Male,0,0,50,United-States,>50K.
27,Private,419146,5th-6th,3,Never-married,Other-service,Not-in-family,White,Male,0,0,75,Mexico,<=50K
57,Private,103403,5th-6th,3,Married-civ-spouse,Transport-moving,Husband,White,Male,0,0,40,United-States,<=50K
45,Private,186410,HS-grad,9,Married-civ-spouse,Transport-moving,Husband,White,Male,0,0,40,United-States,>50K.
38,Private,111377,Some-college,10,Married-civ-spouse,Exec-managerial,Husband,White,Male,0,0,55,United-States,<=50K
42,Private,294431,Bachelors,13,Married-civ-spouse,Exec-managerial,Husband,White,Male,0,0,60,United-States,>50K.
37,Private,280966,Bachelors,13,Married-civ-spouse,Handlers-cleaners,Husband,White,Male,0,0,40,United-States,>50K.
50,Private,209464,HS-grad,9,Separated,Other-service,Unmarried,White,Female,0,0,35,United-States,<=50K
35,Private,234271,Some-college,10,Divorced,Adm-clerical,Not-in-family,White,Female,0,0,40,United-States,<=50K
38,Private,133935,HS-grad,9,Married-civ-spouse,Craft-repair,Husband,White,Male,0,0,41,El-Salvador,>50K.
33,Private,110592,Bachelors,13,Married-civ-spouse,Prof-specialty,Husband,White,Male,0,0,50,United-States,>50K.
25,?,214925,10th,6,Never-married,?,Own-child,Black,Male,0,0,40,United-States,<=50K
31,Private,75755,Bachelors,13,Never-married,Prof-specialty,Not-in-family,White,Male,0,0,50,United-States,>50K.
17,Private,167658,12th,8,Never-married,Sales,Own-child,White,Female,0,0,6,United-States,<=50K
45,Private,363253,Some-college,10,Never-married,Prof-specialty,Not-in-family,White,Male,0,0,50,,>50K.
23,Private,114357,HS-grad,9,Never-married,Tech-support,Own-child,White,Male,0,0,50,United-States,<=50K
23,Private,161708,Bachelors,13,Never-married,Other-service,Own-child,White,Female,0,0,30,United-States,<=50K
25,Private,153841,Some-college,10,Never-married,Adm-clerical,Own-child,White,Female,0,0,40,United-States,<=50K
56,Local-gov,38573,Assoc-acdm,12,Married-civ-spouse,Tech-support,Husband,White,Male,0,0,45,United-States,>50K.
81,Self-emp-not-inc,136063,HS-grad,9,Married-civ-spouse,Exec-managerial,Husband,White,Male,0,0,30,United-States,<=50K
37,Private,119929,HS-grad,9,Married-civ-spouse,Sales,Husband,White,Male,0,0,45,United-States,>50K.
50,Private,256908,Doctorate,16,Married-civ-spouse,Sales,Husband,White,Male,0,0,50,United-States,>50K.
28,Private,71733,Some-college,10,Separated,Other-service,Unmarried,White,Female,0,0,15,United-States,<=50K
48,Private,39986,HS-grad,9,Never-married,Handlers-cleaners,Not-in-family,White,Male,0,0,40,United-States,<=50K
58,State-gov,185338,Bachelors,13,Widowed,Tech-support,Unmarried,White,Female,0,0,40,United-States,>50K.
29,?,189765,5th-6th,3,Married-civ-spouse,?,Wife,White,Female,0,0,40,United-States,<=50K
57,Self-emp-not-inc,47178,Bachelors,13,Married-civ-spouse,Prof-specialty,Wife,White,Female,0,0,35,United-States,>50K.
32,Private,220333,HS-grad,9,Married-civ-spouse,Craft-repair,Husband,White,Male,7298,0,46,United-States,>50K.
41,Private,171839,Masters,14,Married-civ-spouse,Other-service,Wife,White,Female,0,0,50,United-States,>50K.
39,Private,177140,HS-grad,9,Separated,Adm-clerical,Not-in-family,White,Male,0,0,40,United-States,>50K.
35,Private,188069,Bachelors,13,Married-civ-spouse,Sales,Husband,White,Male,0,0,60,United-States,>50K.
26,Local-gov,314798,Some-college,10,Never-married,Protective-serv,Not-in-family,White,Male,0,0,60,United-States,>50K.
28,Local-gov,190911,Some-college,10,Married-civ-spouse,Protective-serv,Husband,White,Male,0,0,40,United-States,>50K.
74,Private,148867,Some-college,10,Married-civ-spouse,Sales,Husband,White,Male,6418,0,24,United-States,>50K.
58,Private,357788,HS-grad,9,Married-civ-spouse,Craft-repair,Husband,Black,Male,0,0,40,United-States,<=50K
49,Local-gov,331650,Masters,14,Divorced,Prof-specialty,Unmarried,White,Female,9562,0,32,United-States,>50K.
44,Private,271756,HS-grad,9,Married-civ-spouse,Adm-clerical,Husband,Black,Male,0,0,40,United-States,>50K.
44,Self-emp-not-inc,208277,HS-grad,9,Married-civ-spouse,Machine-op-inspct,Wife,White,Female,0,0,45,United-States,<=50K
45,Self-emp-not-inc,123681,Prof-school,15,Married-civ-spouse,Prof-specialty,Husband,White,Male,0,0,40,United-States,>50K.
41,Private,121718,Some-college,10,Married-civ-spouse,Craft-repair,Husband,White,Male,0,0,40,Italy,<=50K
40,Private,116218,Some-college,10,Separated,Adm-clerical,Unmarried,White,Female,0,0,45,United-States,<=50K
27,Private,271714,Some-college,10,Never-married,Other-service,Own-child,White,Female,0,0,30,United-States,<=50K
51,Local-gov,205100,Masters,14,Married-civ-spouse,Prof-specialty,Wife,White,Female,0,0,32,United-States,>50K.
36,Private,153078,Masters,14,Married-civ-spouse,Exec-managerial,Husband,Asian-Pac-Islander,Male,15024,0,40,Hong,>50K.
44,Self-emp-not-inc,460259,Bachelors,13,Married-civ-spouse,Sales,Husband,White,Male,0,0,50,United-States,>50K.
38,Private,143909,Assoc-acdm,12,Married-civ-spouse,Prof-specialty,Husband,White,Male,0,0,40,United-States,>50K.
36,State-gov,170861,HS-grad,9,Separated,Other-service,Own-child,White,Female,0,0,32,United-States,<=50K
35,Private,379959,HS-grad,9,Divorced,Other-service,Not-in-family,White,Female,0,0,40,United-States,<=50K
20,Private,183594,Some-college,10,Never-married,Transport-moving,Own-child,White,Male,0,0,40,United-States,<=50K
41,Private,195096,Bachelors,13,Married-civ-spouse,Exec-managerial,Husband,White,Male,0,0,50,United-States,>50K.
43,Private,390369,Assoc-acdm,12,Married-civ-spouse,Handlers-cleaners,Husband,White,Male,0,0,40,United-States,>50K.
23,Private,297152,Some-college,10,Never-married,Adm-clerical,Own-child,Black,Female,0,0,25,United-States,<=50K
45,Self-emp-not-inc,213140,Some-college,10,Married-civ-spouse,Craft-repair,Husband,White,Male,7688,0,45,United-States,>50K.
17,?,215743,11th,7,Never-married,?,Own-child,White,Male,0,0,40,United-States,<=50K
26,Private,186151,HS-grad,9,Separated,Tech-support,Own-child,White,Female,0,0,40,United-States,<=50K
27,Private,491421,5th-6th,3,Never-married,Farming-fishing,Unmarried,White,Male,0,0,50,United-States,<=50K
45,Local-gov,375606,Bachelors,13,Married-civ-spouse,Exec-managerial,Husband,White,Male,0,0,40,United-States,>50K.
40,Private,153799,Bachelors,13,Married-civ-spouse,Sales,Wife,White,Female,0,0,72,,>50K.
42,Private,212760,Some-college,10,Married-civ-spouse,Sales,Husband,White,Male,0,0,60,United-States,>50K.
39,Private,53447,HS-grad,9,Divorced,Farming-fishing,Not-in-family,White,Female,0,0,40,United-States,<=50K
19,Private,28790,Some-college,10,Never-married,Other-service,Not-in-family,White,Female,0,0,40,United-States,<=50K
51,Self-emp-not-inc,61127,HS-grad,9,Married-civ-spouse,Farming-fishing,Husband,White,Male,0,0,50,United-States,>50K.
49,Self-emp-not-inc,155659,5th-6th,3,Married-civ-spouse,Other-service,Husband,White,Male,0,0,40,United-States,>50K.
34,Federal-gov,121093,Bachelors,13,Married-civ-spouse,Exec-managerial,Husband,White,Male,0,0,53,United-States,>50K.
48,Private,183000,Some-college,10,Married-civ-spouse,Other-service,Husband,Black,Male,0,0,40,United-States,>50K.
38,Private,239755,HS-grad,9,Married-civ-spouse,Machine-op-inspct,Husband,White,Male,0,0,40,United-States,<=50K
32,Private,24529,Assoc-voc,11,Married-civ-spouse,Sales,Husband,White,Male,5178,0,60,United-States,>50K.
36,Self-emp-inc,176837,Some-college,10,Married-civ-spouse,Craft-repair,Husband,White,Male,7298,0,45,United-States,>50K.
49,Private,93557,HS-grad,9,Married-civ-spouse,Exec-managerial,Husband,White,Male,0,0,48,United-States,>50K.
24,?,33339,Some-college,10,Never-married,?,Own-child,White,Male,0,0,20,United-States,<=50K
40,Private,137421,Masters,14,Married-spouse-absent,Exec-managerial,Not-in-family,Asian-Pac-Islander,Male,0,0,35,India,>50K.
21,Private,197387,HS-grad,9,Never-married,Handlers-cleaners,Own-child,White,Male,0,0,20,United-States,<=50K
30,Private,190040,Bachelors,13,Never-married,Machine-op-inspct,Not-in-family,White,Female,0,0,40,United-States,<=50K
27,Private,285897,HS-grad,9,Married-civ-spouse,Transport-moving,Husband,White,Male,0,1887,40,United-States,>50K.
32,Private,187815,Bachelors,13,Married-civ-spouse,Exec-managerial,Husband,White,Male,0,0,45,United-States,>50K.
34,Private,199539,Assoc-voc,11,Married-civ-spouse,Craft-repair,Husband,White,Male,0,0,48,United-States,>50K.
38,Private,173208,Masters,14,Married-civ-spouse,Prof-specialty,Husband,White,Male,0,0,25,United-States,<=50K
35,Private,261293,Masters,14,Never-married,Sales,Not-in-family,White,Male,0,0,60,United-States,<=50K
19,Private,93604,7th-8th,4,Never-married,Craft-repair,Own-child,White,Male,0,1602,32,United-States,<=50K
47,Self-emp-not-inc,149116,Masters,14,Never-married,Prof-specialty,Not-in-family,White,Female,0,0,50,United-States,<=50K
48,?,266337,HS-grad,9,Married-civ-spouse,?,Husband,White,Male,0,0,40,United-States,<=50K
36,Private,131192,HS-grad,9,Married-civ-spouse,Machine-op-inspct,Husband,White,Male,0,0,40,United-States,>50K.
32,Private,171215,Some-college,10,Divorced,Adm-clerical,Not-in-family,White,Male,0,0,48,United-States,<=50K
55,Self-emp-inc,275236,Assoc-voc,11,Married-civ-spouse,Exec-managerial,Husband,White,Male,0,0,48,United-States,>50K.
51,Private,113045,Masters,14,Widowed,Exec-managerial,Unmarried,White,Male,15020,0,40,United-States,>50K.
23,?,218415,Some-college,10,Never-married,?,Own-child,White,Female,0,0,10,United-States,<=50K
30,Private,156718,HS-grad,9,Never-married,Tech-support,Not-in-family,White,Female,0,0,40,United-States,<=50K
38,Private,154210,Bachelors,13,Married-civ-spouse,Prof-specialty,Husband,Asian-Pac-Islander,Male,0,0,40,United-States,>50K.
37,Private,151835,Bachelors,13,Married-civ-spouse,Prof-specialty,Husband,White,Male,0,0,40,,>50K.
26,Private,206600,Bachelors,13,Never-married,Craft-repair,Own-child,White,Male,0,0,40,Mexico,<=50K
19,Private,355477,HS-grad,9,Never-married,Other-service,Own-child,Black,Male,0,0,25,United-States,<=50K
46,Private,151107,Some-college,10,Married-civ-spouse,Sales,Husband,Black,Male,0,1977,60,United-States,>50K.
40,Private,421837,HS-grad,9,Married-civ-spouse,Exec-managerial,Husband,White,Male,0,0,50,United-States,>50K.
29,Private,112031,HS-grad,9,Divorced,Craft-repair,Not-in-family,White,Female,0,0,50,United-States,<=50K
32,Local-gov,235109,Bachelors,13,Married-civ-spouse,Adm-clerical,Wife,White,Female,0,0,40,United-States,<=50K
40,Private,175642,Bachelors,13,Never-married,Prof-specialty,Not-in-family,White,Female,0,0,60,United-States,>50K.
53,Federal-gov,276868,Some-college,10,Married-civ-spouse,Exec-managerial,Husband,White,Male,0,0,40,United-States,>50K.
54,Private,307973,HS-grad,9,Married-civ-spouse,Handlers-cleaners,Husband,White,Male,0,0,40,United-States,>50K.
31,Self-emp-inc,162442,Masters,14,Never-married,Sales,Own-child,White,Female,27828,0,40,United-States,>50K.
43,Private,115178,Bachelors,13,Divorced,Prof-specialty,Unmarried,White,Female,0,0,43,United-States,>50K.
43,Local-gov,211860,HS-grad,9,Married-civ-spouse,Craft-repair,Husband,White,Male,0,0,40,United-States,>50K.
29,Private,185127,HS-grad,9,Married-civ-spouse,Sales,Husband,White,Male,0,0,50,United-States,<=50K
33,Private,127651,Bachelors,13,Married-civ-spouse,Exec-managerial,Husband,White,Male,0,0,55,United-States,>50K.
64,Self-emp-not-inc,217380,Prof-school,15,Divorced,Prof-specialty,Not-in-family,White,Male,0,2559,60,United-States,>50K.
48,Private,164200,Masters,14,Married-civ-spouse,Prof-specialty,Husband,White,Male,0,0,40,United-States,>50K.
76,Self-emp-not-inc,117169,7th-8th,4,Never-married,Farming-fishing,Not-in-family,White,Male,0,0,30,United-States,<=50K
25,Private,135645,Masters,14,Never-married,Sales,Not-in-family,White,Male,0,0,20,United-States,<=50K
69,Self-emp-not-inc,187332,Prof-school,15,Married-civ-spouse,Prof-specialty,Husband,White,Male,20051,0,45,United-States,>50K.
34,Self-emp-inc,337995,Bachelors,13,Divorced,Exec-managerial,Unmarried,Black,Male,15020,0,50,United-States,>50K.
19,Private,243373,12th,8,Never-married,Sales,Other-relative,White,Male,1055,0,40,United-States,<=50K
44,Self-emp-not-inc,157237,Assoc-voc,11,Married-civ-spouse,Prof-specialty,Husband,White,Male,15024,0,50,United-States,>50K.
85,Self-emp-inc,155981,Bachelors,13,Widowed,Exec-managerial,Not-in-family,White,Male,0,0,40,United-States,>50K.
38,Private,215392,Assoc-voc,11,Married-civ-spouse,Prof-specialty,Wife,White,Female,7298,0,45,United-States,>50K.
23,Private,240137,5th-6th,3,Never-married,Handlers-cleaners,Not-in-family,White,Male,0,0,55,Mexico,<=50K
39,Private,141029,HS-grad,9,Married-civ-spouse,Adm-clerical,Wife,White,Female,0,0,40,United-States,>50K.
39,?,362685,Preschool,1,Widowed,?,Not-in-family,White,Female,0,0,20,El-Salvador,<=50K
41,Private,46221,Prof-school,15,Never-married,Exec-managerial,Not-in-family,White,Male,4787,0,60,United-States,>50K.
18,Private,111256,HS-grad,9,Never-married,Adm-clerical,Own-child,White,Female,0,0,20,United-States,<=50K
23,Private,195532,Bachelors,13,Never-married,Exec-managerial,Own-child,White,Female,0,0,40,United-States,<=50K
32,Private,226443,HS-grad,9,Married-civ-spouse,Craft-repair,Husband,White,Male,0,0,40,United-States,>50K.
52,Private,251908,Masters,14,Divorced,Prof-specialty,Unmarried,White,Female,0,2547,40,United-States,>50K.
38,Federal-gov,48123,Some-college,10,Divorced,Exec-managerial,Not-in-family,White,Female,0,0,40,United-States,<=50K
29,Private,167737,HS-grad,9,Never-married,Transport-moving,Other-relative,White,Male,0,0,50,United-States,<=50K
38,Private,52187,Bachelors,13,Married-civ-spouse,Sales,Husband,White,Male,15024,0,50,United-States,>50K.
37,Private,160035,Some-college,10,Divorced,Machine-op-inspct,Not-in-family,White,Male,0,0,40,United-States,<=50K
28,Private,226891,Some-college,10,Never-married,Adm-clerical,Unmarried,Asian-Pac-Islander,Female,0,0,30,?,<=50K
34,Private,94413,Some-college,10,Married-civ-spouse,Handlers-cleaners,Husband,White,Male,0,0,40,United-States,<=50K
48,Private,187563,Masters,14,Married-civ-spouse,Craft-repair,Husband,White,Male,0,0,54,United-States,>50K.
59,Self-emp-inc,95835,Assoc-voc,11,Married-civ-spouse,Exec-managerial,Husband,White,Male,0,0,55,United-States,>50K.
35,Private,187625,Some-college,10,Married-civ-spouse,Sales,Wife,White,Female,0,0,40,United-States,>50K.
48,Private,323798,Assoc-acdm,12,Married-civ-spouse,Prof-specialty,Husband,White,Male,0,1902,38,United-States,>50K.
60,Private,25141,Some-college,10,Married-civ-spouse,Transport-moving,Husband,White,Male,0,0,60,United-States,<=50K
50,Private,194580,HS-grad,9,Married-civ-spouse,Sales,Husband,White,Male,0,0,60,United-States,>50K.
50,Private,558490,HS-grad,9,Divorced,Adm-clerical,Not-in-family,Black,Male,0,0,40,United-States,<=50K
36,Local-gov,224947,Bachelors,13,Never-married,Prof-specialty,Unmarried,White,Male,0,0,40,United-States,<=50K
31,Private,120461,Some-college,10,Never-married,Sales,Own-child,White,Female,0,0,40,United-States,<=50K
42,Private,289636,HS-grad,9,Married-civ-spouse,Transport-moving,Husband,White,Male,0,0,46,United-States,<=50K
55,Private,129762,HS-grad,9,Divorced,Adm-clerical,Unmarried,White,Female,0,0,40,United-States,<=50K
56,Self-emp-not-inc,176280,HS-grad,9,Divorced,Other-service,Not-in-family,White,Male,0,0,50,United-States,<=50K
33,Private,197424,HS-grad,9,Married-civ-spouse,Exec-managerial,Husband,White,Male,5013,0,40,United-States,<=50K
45,Private,35136,Bachelors,13,Married-civ-spouse,Tech-support,Husband,Black,Male,0,0,40,United-States,>50K.
25,Private,37379,Bachelors,13,Never-married,Tech-support,Not-in-family,White,Female,0,0,50,United-States,<=50K
36,Private,96452,Bachelors,13,Married-civ-spouse,Prof-specialty,Husband,White,Male,0,0,45,United-States,<=50K
44,Private,304175,Bachelors,13,Divorced,Sales,Not-in-family,White,Male,0,0,40,United-States,>50K.
31,Private,49923,HS-grad,9,Married-civ-spouse,Transport-moving,Husband,White,Male,0,0,40,United-States,<=50K
19,?,351195,9th,5,Never-married,?,Other-relative,White,Male,0,1719,35,El-Salvador,<=50K
45,Private,75673,Assoc-voc,11,Widowed,Adm-clerical,Not-in-family,Asian-Pac-Islander,Female,0,0,40,United-States,<=50K
67,Local-gov,191800,Bachelors,13,Divorced,Adm-clerical,Unmarried,Black,Female,6360,0,35,United-States,<=50K
36,Private,177154,Assoc-voc,11,Never-married,Tech-support,Not-in-family,White,Male,0,0,40,United-States,>50K.
20,Private,285671,HS-grad,9,Never-married,Other-service,Other-relative,Black,Male,0,0,25,United-States,<=50K
61,Private,128230,HS-grad,9,Married-civ-spouse,Prof-specialty,Husband,White,Male,0,0,30,United-States,<=50K
39,Private,40955,Prof-school,15,Divorced,Prof-specialty,Not-in-family,White,Male,0,0,45,United-States,>50K.
40,Private,164678,Assoc-acdm,12,Divorced,Prof-specialty,Unmarried,White,Female,0,0,32,United-States,<=50K
45,Self-emp-not-inc,58683,Some-college,10,Married-civ-spouse,Transport-moving,Husband,White,Male,0,0,40,United-States,<=50K
49,Private,111558,HS-grad,9,Married-civ-spouse,Adm-clerical,Wife,White,Female,0,1977,25,United-States,>50K.
33,Private,183887,HS-grad,9,Married-civ-spouse,Craft-repair,Husband,Black,Male,0,1902,46,United-States,>50K.
44,Local-gov,263871,Some-college,10,Divorced,Exec-managerial,Not-in-family,White,Male,0,0,50,United-States,<=50K
49,Private,187634,Bachelors,13,Divorced,Sales,Not-in-family,White,Female,0,0,50,United-States,>50K.
52,Self-emp-not-inc,194791,Some-college,10,Married-civ-spouse,Craft-repair,Husband,White,Male,0,0,40,United-States,<=50K
42,Private,136986,HS-grad,9,Married-civ-spouse,Craft-repair,Husband,White,Male,7688,0,50,United-States,>50K.
18,Private,152044,10th,6,Never-married,Other-service,Own-child,White,Female,0,0,3,United-States,<=50K
44,Private,216907,HS-grad,9,Divorced,Other-service,Not-in-family,White,Male,0,0,37,United-States,<=50K
41,Private,206066,Some-college,10,Married-civ-spouse,Machine-op-inspct,Husband,White,Male,0,0,40,United-States,<=50K
50,Private,85815,Assoc-voc,11,Divorced,Prof-specialty,Not-in-family,Asian-Pac-Islander,Male,0,0,38,United-States,>50K.
48,Federal-gov,113612,Bachelors,13,Married-civ-spouse,Prof-specialty,Husband,White,Male,0,0,40,United-States,>50K.
39,Private,147500,HS-grad,9,Married-civ-spouse,Prof-specialty,Wife,Black,Female,0,0,40,United-States,<=50K
44,Private,429832,Some-college,10,Married-civ-spouse,Exec-managerial,Husband,White,Male,0,0,40,United-States,>50K.
33,Private,118500,Some-college,10,Divorced,Exec-managerial,Unmarried,White,Female,0,0,40,United-States,<=50K
23,Private,118023,Some-college,10,Never-married,Exec-managerial,Not-in-family,White,Male,0,0,45,?,<=50K
52,Private,139176,HS-grad,9,Married-civ-spouse,Sales,Husband,White,Male,0,0,8,United-States,<=50K
23,Private,352606,HS-grad,9,Divorced,Priv-house-serv,Unmarried,White,Female,0,0,40,United-States,<=50K
45,Private,192203,HS-grad,9,Married-civ-spouse,Craft-repair,Husband,White,Male,15024,0,49,United-States,>50K.
45,Private,30840,Masters,14,Divorced,Prof-specialty,Not-in-family,White,Male,27828,0,50,United-States,>50K.
51,State-gov,152810,Assoc-voc,11,Married-civ-spouse,Tech-support,Husband,White,Male,0,0,40,United-States,>50K.
55,Self-emp-not-inc,283635,Prof-school,15,Divorced,Prof-specialty,Not-in-family,White,Female,0,0,35,United-States,<=50K
44,Private,318046,Some-college,10,Married-civ-spouse,Sales,Husband,White,Male,0,0,35,United-States,>50K.
69,Private,361561,Prof-school,15,Married-civ-spouse,Prof-specialty,Husband,White,Male,0,0,3,United-States,<=50K
52,Federal-gov,279337,HS-grad,9,Married-civ-spouse,Adm-clerical,Husband,White,Male,0,0,40,United-States,<=50K
51,?,521665,Some-college,10,Married-civ-spouse,?,Husband,White,Male,0,0,24,United-States,<=50K
58,Self-emp-not-inc,237546,Some-college,10,Married-civ-spouse,Exec-managerial,Husband,White,Male,0,0,70,United-States,>50K.
31,Private,113838,HS-grad,9,Married-civ-spouse,Machine-op-inspct,Husband,White,Male,0,0,45,United-States,<=50K
46,Private,157857,Some-college,10,Married-civ-spouse,Protective-serv,Husband,White,Male,0,0,40,United-States,>50K.
55,Private,276229,HS-grad,9,Widowed,Sales,Not-in-family,White,Female,0,0,38,United-States,<=50K
23,Private,183358,HS-grad,9,Never-married,Craft-repair,Not-in-family,White,Male,0,0,40,Puerto-Rico,<=50K
24,Private,42706,Assoc-voc,11,Never-married,Protective-serv,Not-in-family,White,Male,0,0,60,United-States,<=50K
41,Private,191814,HS-grad,9,Married-civ-spouse,Adm-clerical,Own-child,White,Male,0,0,40,United-States,<=50K
28,Private,221366,Some-college,10,Never-married,Craft-repair,Own-child,White,Male,0,0,40,United-States,<=50K
74,Federal-gov,39890,Some-college,10,Widowed,Transport-moving,Not-in-family,White,Female,0,0,18,United-States,<=50K
19,Private,318002,HS-grad,9,Never-married,Adm-clerical,Own-child,White,Male,0,0,40,United-States,<=50K
35,Private,141584,Masters,14,Married-civ-spouse,Adm-clerical,Husband,White,Male,0,0,45,United-States,>50K.
38,Self-emp-inc,206951,HS-grad,9,Married-civ-spouse,Exec-managerial,Husband,White,Male,0,0,65,United-States,<=50K
52,State-gov,71344,Masters,14,Married-civ-spouse,Prof-specialty,Husband,White,Male,0,0,40,United-States,<=50K
28,Private,57066,HS-grad,9,Married-civ-spouse,Transport-moving,Husband,White,Male,0,0,40,United-States,<=50K
49,State-gov,139268,Some-college,10,Married-civ-spouse,Other-service,Husband,White,Male,0,0,70,United-States,>50K.
40,Private,277647,Some-college,10,Married-civ-spouse,Adm-clerical,Husband,White,Male,0,0,35,United-States,>50K.
35,Self-emp-not-inc,241998,Bachelors,13,Married-civ-spouse,Craft-repair,Husband,White,Male,0,0,45,United-States,<=50K
25,Private,67467,HS-grad,9,Married-civ-spouse,Tech-support,Husband,White,Male,0,0,40,United-States,<=50K
28,Private,270366,10th,6,Divorced,Sales,Not-in-family,White,Female,0,0,40,United-States,<=50K
33,Private,158438,Some-college,10,Married-civ-spouse,Craft-repair,Husband,White,Male,0,0,50,United-States,>50K.
28,Private,119793,Some-college,10,Never-married,Adm-clerical,Own-child,White,Male,0,0,40,United-States,<=50K
40,Self-emp-inc,248476,Prof-school,15,Married-civ-spouse,Prof-specialty,Husband,White,Male,0,0,50,United-States,>50K.
35,Private,388252,Assoc-voc,11,Married-civ-spouse,Adm-clerical,Husband,Black,Male,0,0,40,United-States,<=50K
33,Private,119176,Some-college,10,Widowed,Adm-clerical,Unmarried,White,Female,0,0,40,United-States,<=50K
40,Private,171888,Bachelors,13,Married-civ-spouse,Prof-specialty,Wife,White,Female,0,0,24,United-States,>50K.
24,Private,192766,HS-grad,9,Married-civ-spouse,Handlers-cleaners,Husband,White,Male,0,0,40,United-States,<=50K
60,State-gov,265201,Doctorate,16,Married-civ-spouse,Prof-specialty,Husband,White,Male,0,0,50,United-States,>50K.
39,Private,100032,HS-grad,9,Married-civ-spouse,Protective-serv,Wife,White,Female,0,0,15,United-States,>50K.
47,Private,199832,HS-grad,9,Married-civ-spouse,Craft-repair,Husband,White,Male,0,0,40,United-States,<=50K
50,Private,260052,Bachelors,13,Divorced,Exec-managerial,Unmarried,White,Male,15020,0,40,United-States,>50K.
23,Private,664670,HS-grad,9,Never-married,Craft-repair,Own-child,Black,Male,0,0,40,United-States,<=50K
29,Private,173611,Some-college,10,Never-married,Sales,Own-child,White,Female,0,0,40,United-States,<=50K
42,Private,167174,Doctorate,16,Married-civ-spouse,Prof-specialty,Husband,Asian-Pac-Islander,Male,0,0,50,China,>50K.
45,Self-emp-not-inc,45136,Prof-school,15,Married-civ-spouse,Prof-specialty,Husband,White,Male,99999,0,60,United-States,>50K.
49,State-gov,118567,Some-college,10,Married-civ-spouse,Farming-fishing,Husband,White,Male,0,0,40,United-States,<=50K
41,Private,74182,HS-grad,9,Divorced,Craft-repair,Not-in-family,White,Male,0,0,40,United-States,<=50K
38,Private,212252,Prof-school,15,Married-civ-spouse,Prof-specialty,Wife,White,Female,0,0,50,United-States,>50K.
33,Private,247205,Bachelors,13,Married-civ-spouse,Protective-serv,Husband,Black,Male,0,0,40,England,<=50K
48,Self-emp-not-inc,26502,Bachelors,13,Married-civ-spouse,Exec-managerial,Husband,White,Male,0,0,40,United-States,>50K.
36,Private,382859,Assoc-acdm,12,Married-civ-spouse,Exec-managerial,Husband,White,Male,0,0,43,United-States,>50K.
36,Federal-gov,255191,Masters,14,Never-married,Prof-specialty,Not-in-family,White,Male,0,1408,40,United-States,<=50K
20,Private,54012,HS-grad,9,Never-married,Handlers-cleaners,Own-child,White,Male,0,0,40,United-States,<=50K
77,Self-emp-inc,29702,HS-grad,9,Married-civ-spouse,Other-service,Husband,White,Male,0,0,35,United-States,>50K.
44,Private,197344,HS-grad,9,Never-married,Handlers-cleaners,Not-in-family,White,Male,0,0,50,United-States,<=50K
47,Local-gov,154430,Masters,14,Married-civ-spouse,Prof-specialty,Wife,White,Female,0,0,40,United-States,>50K.
46,Private,180532,Bachelors,13,Married-civ-spouse,Sales,Husband,White,Male,0,0,50,United-States,>50K.
46,Federal-gov,125892,Masters,14,Married-civ-spouse,Exec-managerial,Other-relative,White,Male,15024,0,40,United-States,>50K.
50,Self-emp-not-inc,186565,Bachelors,13,Married-civ-spouse,Sales,Husband,White,Male,0,0,50,United-States,<=50K
65,?,143118,HS-grad,9,Widowed,?,Unmarried,White,Female,0,2206,10,United-States,<=50K
21,?,145964,Some-college,10,Never-married,?,Own-child,White,Male,0,0,40,United-States,<=50K
22,Private,173736,HS-grad,9,Never-married,Craft-repair,Not-in-family,White,Male,0,0,50,United-States,<=50K
21,Private,540712,HS-grad,9,Never-married,Other-service,Other-relative,Black,Male,0,1719,25,United-States,<=50K
33,Private,124052,HS-grad,9,Married-civ-spouse,Craft-repair,Husband,White,Male,0,0,40,United-States,<=50K
57,Self-emp-inc,140319,HS-grad,9,Married-civ-spouse,Adm-clerical,Husband,White,Male,0,0,50,United-States,<=50K
35,Self-emp-inc,200352,Bachelors,13,Married-civ-spouse,Tech-support,Husband,White,Male,0,0,45,United-States,>50K.
47,Self-emp-not-inc,117865,HS-grad,9,Married-AF-spouse,Craft-repair,Husband,White,Male,0,0,90,United-States,<=50K
36,Private,175643,HS-grad,9,Married-civ-spouse,Craft-repair,Husband,White,Male,0,0,35,United-States,<=50K
51,Private,251487,7th-8th,4,Widowed,Machine-op-inspct,Not-in-family,Amer-Indian-Eskimo,Female,0,0,40,United-States,<=50K
47,Private,83407,HS-grad,9,Married-civ-spouse,Tech-support,Husband,White,Male,0,0,84,United-States,>50K.
19,?,37085,Some-college,10,Never-married,?,Own-child,White,Female,0,0,30,United-States,<=50K
60,Private,227266,HS-grad,9,Divorced,Sales,Not-in-family,White,Female,0,0,33,United-States,<=50K
32,Private,153353,HS-grad,9,Married-civ-spouse,Craft-repair,Husband,White,Male,0,0,40,United-States,>50K.
64,Self-emp-inc,182158,Prof-school,15,Married-civ-spouse,Prof-specialty,Husband,White,Male,99999,0,60,United-States,>50K.
42,Private,221947,Masters,14,Married-civ-spouse,Exec-managerial,Husband,White,Male,0,0,45,United-States,>50K.
42,Private,234633,Bachelors,13,Married-civ-spouse,Prof-specialty,Husband,White,Male,0,0,50,United-States,>50K.
58,Private,84231,10th,6,Married-civ-spouse,Transport-moving,Husband,White,Male,0,0,50,United-States,>50K.
32,Private,235124,Some-college,10,Married-civ-spouse,Protective-serv,Husband,White,Male,0,0,46,Dominican-Republic,<=50K
32,Private,309513,HS-grad,9,Married-civ-spouse,Craft-repair,Husband,White,Male,0,0,50,United-States,<=50K
45,Private,382532,Doctorate,16,Married-civ-spouse,Prof-specialty,Husband,White,Male,0,0,50,United-States,>50K.
40,Private,118001,10th,6,Married-civ-spouse,Craft-repair,Husband,Black,Male,0,0,40,United-States,<=50K
31,Private,259931,7th-8th,4,Married-civ-spouse,Machine-op-inspct,Husband,White,Male,0,0,40,United-States,<=50K
51,Local-gov,201040,Masters,14,Married-civ-spouse,Prof-specialty,Husband,White,Male,0,0,40,Mexico,>50K.
41,Private,225193,HS-grad,9,Married-civ-spouse,Sales,Husband,White,Male,0,0,40,United-States,<=50K
36,Self-emp-inc,298624,Some-college,10,Married-civ-spouse,Exec-managerial,Husband,White,Male,0,0,30,United-States,>50K.
55,Private,194290,HS-grad,9,Divorced,Craft-repair,Not-in-family,White,Male,0,0,40,United-States,<=50K
38,Private,69306,Some-college,10,Divorced,Craft-repair,Unmarried,White,Female,0,0,40,United-States,<=50K
53,State-gov,101238,Some-college,10,Married-civ-spouse,Exec-managerial,Husband,White,Male,0,0,40,United-States,>50K.
56,Private,105582,Some-college,10,Married-civ-spouse,Other-service,Husband,White,Male,0,0,45,United-States,>50K.
53,Self-emp-not-inc,240138,HS-grad,9,Married-civ-spouse,Craft-repair,Husband,White,Male,0,0,60,United-States,<=50K
80,Self-emp-inc,164909,Masters,14,Married-civ-spouse,Exec-managerial,Husband,White,Male,99999,0,54,United-States,>50K.
37,Local-gov,117683,HS-grad,9,Married-civ-spouse,Protective-serv,Husband,White,Male,0,0,40,United-States,<=50K
40,Self-emp-inc,190650,Bachelors,13,Married-civ-spouse,Sales,Husband,Asian-Pac-Islander,Male,0,0,45,South,>50K.
57,Self-emp-inc,249072,Some-college,10,Married-civ-spouse,Exec-managerial,Husband,White,Male,99999,0,60,United-States,>50K.
44,Local-gov,54651,Masters,14,Married-civ-spouse,Prof-specialty,Husband,White,Male,0,0,40,United-States,>50K.
20,Private,113200,Some-college,10,Never-married,Handlers-cleaners,Own-child,White,Female,0,0,6,United-States,<=50K
22,Private,162667,HS-grad,9,Never-married,Handlers-cleaners,Own-child,White,Male,0,0,50,Portugal,<=50K
38,Private,397877,Bachelors,13,Married-civ-spouse,Exec-managerial,Husband,White,Male,15024,0,50,United-States,>50K.
52,Local-gov,512103,Some-college,10,Divorced,Transport-moving,Not-in-family,White,Female,0,0,40,United-States,<=50K
42,Private,347890,Bachelors,13,Married-civ-spouse,Exec-managerial,Husband,White,Male,0,1902,50,United-States,>50K.
58,Private,102509,10th,6,Divorced,Transport-moving,Not-in-family,Black,Male,0,0,50,United-States,<=50K
57,Private,231232,7th-8th,4,Married-civ-spouse,Craft-repair,Husband,White,Male,0,0,40,United-States,<=50K
41,Private,327606,12th,8,Separated,Craft-repair,Not-in-family,Black,Male,0,0,40,United-States,<=50K
32,Private,93930,HS-grad,9,Divorced,Machine-op-inspct,Not-in-family,White,Male,0,0,40,United-States,<=50K
42,Private,205195,HS-grad,9,Married-civ-spouse,Craft-repair,Husband,White,Male,0,0,40,United-States,>50K.
63,Private,219540,HS-grad,9,Divorced,Craft-repair,Not-in-family,White,Female,0,0,40,United-States,<=50K
37,State-gov,159491,Some-college,10,Married-civ-spouse,Exec-managerial,Wife,White,Female,0,0,40,United-States,>50K.
45,Self-emp-inc,188694,Prof-school,15,Married-civ-spouse,Prof-specialty,Husband,White,Male,0,0,50,United-States,>50K.
47,Private,216999,HS-grad,9,Married-civ-spouse,Sales,Husband,White,Male,0,0,45,United-States,<=50K
20,Private,146538,HS-grad,9,Married-civ-spouse,Machine-op-inspct,Husband,White,Male,0,0,40,United-States,<=50K
44,Federal-gov,206927,Bachelors,13,Married-civ-spouse,Exec-managerial,Husband,White,Male,7688,0,40,United-States,>50K.
24,Local-gov,197552,HS-grad,9,Never-married,Tech-support,Not-in-family,White,Female,0,0,40,United-States,<=50K
41,Private,143003,Masters,14,Married-civ-spouse,Tech-support,Husband,Asian-Pac-Islander,Male,0,1887,45,China,>50K.
35,Private,240467,HS-grad,9,Married-spouse-absent,Adm-clerical,Unmarried,Black,Female,0,0,40,United-States,<=50K
46,Private,98524,Bachelors,13,Divorced,Exec-managerial,Not-in-family,White,Male,0,0,40,Canada,>50K.
37,Private,188069,HS-grad,9,Married-civ-spouse,Machine-op-inspct,Husband,White,Male,0,0,40,United-States,<=50K
52,Private,165001,HS-grad,9,Married-civ-spouse,Transport-moving,Husband,White,Male,0,0,60,United-States,>50K.
43,Self-emp-inc,123490,Bachelors,13,Married-civ-spouse,Exec-managerial,Husband,White,Male,0,0,40,United-States,>50K.
44,Self-emp-not-inc,202692,Masters,14,Married-civ-spouse,Prof-specialty,Husband,White,Male,0,0,40,United-States,<=50K
34,Private,128016,Bachelors,13,Married-civ-spouse,Prof-specialty,Wife,White,Female,99999,0,40,United-States,>50K.
20,Private,184779,Some-college,10,Never-married,Tech-support,Own-child,White,Female,0,0,20,United-States,<=50K
44,Local-gov,339346,Masters,14,Never-married,Exec-managerial,Not-in-family,White,Female,10520,0,60,United-States,>50K.
43,Private,154568,HS-grad,9,Married-civ-spouse,Tech-support,Husband,Asian-Pac-Islander,Male,0,0,40,Vietnam,>50K.
81,Self-emp-inc,51646,Some-college,10,Married-civ-spouse,Sales,Husband,White,Male,0,2174,35,United-States,>50K.
40,Local-gov,284086,Masters,14,Married-civ-spouse,Prof-specialty,Husband,White,Male,7688,0,40,United-States,>50K.
38,Self-emp-inc,98360,Doctorate,16,Married-civ-spouse,Prof-specialty,Husband,White,Male,0,0,50,United-States,>50K.
44,Local-gov,277533,Some-college,10,Married-civ-spouse,Protective-serv,Husband,White,Male,0,0,40,United-States,>50K.
43,Private,179866,Bachelors,13,Divorced,Sales,Unmarried,White,Female,0,0,40,United-States,>50K.
42,Self-emp-inc,201495,Some-college,10,Married-civ-spouse,Exec-managerial,Husband,White,Male,0,0,40,United-States,>50K.
33,Private,168030,HS-grad,9,Divorced,Other-service,Unmarried,White,Female,0,0,32,United-States,<=50K
58,Private,72812,10th,6,Never-married,Other-service,Not-in-family,White,Male,0,0,40,United-States,<=50K
33,Self-emp-not-inc,190027,Masters,14,Never-married,Exec-managerial,Not-in-family,Black,Female,0,0,70,United-States,>50K.
36,Private,355053,HS-grad,9,Separated,Other-service,Unmarried,Black,Female,0,0,28,United-States,<=50K
25,Local-gov,112835,Masters,14,Never-married,Protective-serv,Not-in-family,White,Male,0,0,40,United-States,<=50K
53,Private,85423,Some-college,10,Married-civ-spouse,Transport-moving,Husband,White,Male,0,0,40,United-States,>50K.
30,Private,169186,HS-grad,9,Never-married,Machine-op-inspct,Own-child,White,Male,0,0,60,United-States,<=50K
21,Private,189749,Some-college,10,Never-married,Sales,Own-child,White,Male,0,0,40,United-States,<=50K
47,Federal-gov,99549,Some-college,10,Divorced,Adm-clerical,Unmarried,Black,Female,0,0,40,United-States,<=50K
20,Private,196678,12th,8,Never-married,Adm-clerical,Own-child,White,Female,0,0,40,United-States,<=50K
52,Private,169785,Some-college,10,Never-married,Exec-managerial,Not-in-family,White,Female,0,0,50,United-States,<=50K
24,Private,270872,HS-grad,9,Never-married,Craft-repair,Other-relative,White,Male,594,0,40,?,<=50K
64,Private,96076,Masters,14,Married-civ-spouse,Prof-specialty,Husband,White,Male,0,0,40,United-States,>50K.
58,Private,131608,Bachelors,13,Married-civ-spouse,Sales,Husband,White,Male,0,0,55,United-States,>50K.
44,Private,244974,HS-grad,9,Married-civ-spouse,Sales,Husband,White,Male,0,0,60,United-States,<=50K
39,Federal-gov,203070,Some-college,10,Married-civ-spouse,Adm-clerical,Husband,White,Male,0,0,40,United-States,>50K.
49,Private,84013,HS-grad,9,Divorced,Other-service,Unmarried,White,Female,0,0,35,United-States,<=50K
44,Federal-gov,259307,Bachelors,13,Married-civ-spouse,Exec-managerial,Husband,White,Male,0,0,40,United-States,>50K.
42,Private,124692,Bachelors,13,Married-civ-spouse,Exec-managerial,Husband,White,Male,0,0,45,United-States,>50K.
68,Self-emp-inc,289349,Assoc-acdm,12,Married-civ-spouse,Sales,Husband,White,Male,9386,0,70,Germany,>50K.
32,Private,269355,Some-college,10,Married-civ-spouse,Transport-moving,Husband,White,Male,5178,0,50,United-States,>50K.
42,Private,296982,Some-college,10,Divorced,Sales,Unmarried,White,Male,0,0,40,United-States,<=50K
51,Self-emp-inc,77392,10th,6,Married-civ-spouse,Farming-fishing,Husband,White,Male,0,0,60,United-States,>50K.
49,,111282,7th-8th,4,Married-civ-spouse,,Husband,White,Male,4386,0,99,United-States,>50K.
30,Private,460408,Some-college,10,Married-civ-spouse,Sales,Husband,White,Male,0,1672,45,United-States,<=50K
52,Federal-gov,38973,Bachelors,13,Separated,Adm-clerical,Unmarried,Black,Female,0,0,40,United-States,<=50K
34,Private,187251,HS-grad,9,Divorced,Prof-specialty,Unmarried,White,Female,0,0,25,United-States,<=50K
60,Private,154589,HS-grad,9,Married-civ-spouse,Craft-repair,Husband,White,Male,3103,0,35,United-States,>50K.
52,Local-gov,240638,Masters,14,Married-civ-spouse,Exec-managerial,Husband,White,Male,0,0,50,United-States,>50K.
67,State-gov,423561,Some-college,10,Married-civ-spouse,Transport-moving,Husband,White,Male,0,0,40,United-States,<=50K
56,Local-gov,204021,HS-grad,9,Married-civ-spouse,Craft-repair,Husband,White,Male,0,0,40,United-States,>50K.
45,Private,243743,Some-college,10,Married-civ-spouse,Sales,Husband,White,Male,0,0,50,United-States,>50K.
58,Private,174040,Some-college,10,Never-married,Farming-fishing,Not-in-family,White,Male,0,0,40,United-States,<=50K
29,Private,54932,HS-grad,9,Married-civ-spouse,Machine-op-inspct,Husband,White,Male,0,0,40,United-States,<=50K
46,Private,186256,Some-college,10,Married-civ-spouse,Sales,Husband,White,Male,0,1902,55,United-States,>50K.
51,Self-emp-inc,304955,HS-grad,9,Married-civ-spouse,Exec-managerial,Husband,White,Male,7688,0,50,United-States,>50K.
30,Private,175878,HS-grad,9,Married-civ-spouse,Craft-repair,Husband,White,Male,0,0,42,United-States,>50K.
74,Self-emp-not-inc,160009,Assoc-acdm,12,Married-civ-spouse,Exec-managerial,Husband,White,Male,0,0,30,United-States,>50K.
51,Self-emp-not-inc,299119,Bachelors,13,Married-civ-spouse,Sales,Husband,White,Male,0,0,50,United-States,>50K.
46,Private,176026,Bachelors,13,Divorced,Exec-managerial,Not-in-family,White,Male,27828,0,50,United-States,>50K.
36,Private,303187,Some-college,10,Married-civ-spouse,Machine-op-inspct,Husband,Asian-Pac-Islander,Male,0,0,44,,>50K.
40,Private,352971,Masters,14,Married-civ-spouse,Exec-managerial,Husband,White,Male,0,0,60,United-States,>50K.
57,Private,79830,HS-grad,9,Married-civ-spouse,Craft-repair,Husband,Asian-Pac-Islander,Male,0,0,40,United-States,<=50K
33,Private,232650,Bachelors,13,Married-civ-spouse,Sales,Husband,White,Male,0,0,40,United-States,>50K.
52,Private,249196,Assoc-acdm,12,Married-civ-spouse,Exec-managerial,Husband,White,Male,0,0,55,United-States,>50K.
41,Local-gov,103614,Bachelors,13,Married-civ-spouse,Prof-specialty,Husband,White,Male,0,0,45,United-States,>50K.
55,Self-emp-not-inc,319883,Masters,14,Married-civ-spouse,Exec-managerial,Husband,White,Male,4386,0,10,,>50K.
37,Self-emp-inc,183898,Some-college,10,Married-civ-spouse,Exec-managerial,Husband,White,Male,0,0,40,United-States,>50K.
46,Private,118889,HS-grad,9,Married-civ-spouse,Sales,Husband,White,Male,0,0,68,United-States,>50K.
39,Private,141584,Assoc-acdm,12,Married-civ-spouse,Craft-repair,Husband,White,Male,0,0,60,United-States,>50K.
46,Private,188325,Some-college,10,Married-civ-spouse,Machine-op-inspct,Husband,White,Male,0,0,50,United-States,>50K.
51,Private,103824,HS-grad,9,Never-married,Other-service,Not-in-family,Black,Male,0,0,40,Haiti,<=50K
19,Private,242941,Some-college,10,Never-married,Sales,Own-child,White,Female,0,1602,10,United-States,<=50K
46,Local-gov,301124,Masters,14,Never-married,Prof-specialty,Not-in-family,White,Female,0,1564,45,United-States,>50K.
42,Private,45156,Some-college,10,Married-civ-spouse,Craft-repair,Husband,White,Male,0,0,40,United-States,>50K.
63,Private,205246,HS-grad,9,Married-civ-spouse,Machine-op-inspct,Husband,Black,Male,0,0,40,United-States,<=50K
25,Private,57512,Some-college,10,Never-married,Sales,Not-in-family,White,Male,0,0,45,United-States,<=50K
53,Self-emp-inc,94214,Prof-school,15,Married-civ-spouse,Prof-specialty,Husband,Asian-Pac-Islander,Male,7298,0,50,Thailand,>50K.
51,Private,158746,Bachelors,13,Married-civ-spouse,Exec-managerial,Husband,White,Male,0,1902,60,United-States,>50K.
39,Private,176900,HS-grad,9,Married-civ-spouse,Transport-moving,Husband,White,Male,0,0,60,United-States,>50K.
70,State-gov,345339,Bachelors,13,Never-married,Exec-managerial,Not-in-family,White,Male,0,0,40,United-States,<=50K
21,?,242736,Assoc-acdm,12,Never-married,?,Own-child,White,Female,0,0,40,United-States,<=50K
58,Private,282023,Bachelors,13,Married-civ-spouse,Exec-managerial,Husband,White,Male,0,0,50,United-States,>50K.
32,Private,96016,Bachelors,13,Never-married,Prof-specialty,Not-in-family,White,Male,0,0,45,United-States,<=50K
55,Private,160631,HS-grad,9,Married-civ-spouse,Sales,Husband,White,Male,0,0,56,United-States,>50K.
33,Private,219619,Masters,14,Married-civ-spouse,Prof-specialty,Husband,White,Male,15024,0,40,United-States,>50K.
56,Local-gov,277203,Bachelors,13,Married-civ-spouse,Protective-serv,Husband,White,Male,0,0,40,United-States,>50K.
49,Private,157272,HS-grad,9,Separated,Sales,Unmarried,White,Male,0,0,50,United-States,<=50K
50,Private,205803,Doctorate,16,Married-civ-spouse,Prof-specialty,Husband,White,Male,0,0,40,United-States,>50K.
40,Private,84801,Bachelors,13,Married-civ-spouse,Exec-managerial,Husband,White,Male,7688,0,40,United-States,>50K.
59,,441227,Masters,14,Married-civ-spouse,,Husband,Black,Male,7298,0,50,United-States,>50K.
47,Private,459189,HS-grad,9,Married-civ-spouse,Transport-moving,Husband,White,Male,0,0,40,United-States,>50K.
28,Self-emp-not-inc,35864,Some-college,10,Married-civ-spouse,Exec-managerial,Husband,Other,Male,0,0,70,Iran,>50K.
42,Private,188243,Bachelors,13,Divorced,Exec-managerial,Not-in-family,White,Female,0,0,50,United-States,>50K.
47,Private,96798,Bachelors,13,Married-civ-spouse,Prof-specialty,Husband,White,Male,0,0,40,United-States,>50K.
38,Self-emp-inc,71009,Bachelors,13,Married-civ-spouse,Exec-managerial,Wife,Asian-Pac-Islander,Female,7298,0,40,,>50K.
21,Local-gov,38771,Some-college,10,Never-married,Adm-clerical,Own-child,White,Male,0,0,40,United-States,<=50K
51,Self-emp-not-inc,30012,Some-college,10,Married-civ-spouse,Sales,Husband,White,Male,0,0,50,United-States,>50K.
33,Self-emp-inc,218164,Some-college,10,Married-civ-spouse,Craft-repair,Husband,White,Male,7298,0,55,United-States,>50K.
44,Private,217039,Prof-school,15,Married-civ-spouse,Prof-specialty,Husband,White,Male,99999,0,60,United-States,>50K.
32,Private,154210,Masters,14,Married-civ-spouse,Prof-specialty,Husband,Other,Male,0,1902,45,Japan,>50K.
18,?,201299,Some-college,10,Never-married,?,Own-child,White,Female,0,0,40,United-States,<=50K
60,Self-emp-not-inc,264314,Some-college,10,Married-civ-spouse,Exec-managerial,Husband,White,Male,0,0,35,Columbia,<=50K
36,Private,224566,Assoc-acdm,12,Never-married,Prof-specialty,Not-in-family,White,Male,0,1669,45,United-States,<=50K
55,Private,200217,10th,6,Married-civ-spouse,Craft-repair,Husband,White,Male,0,0,40,United-States,>50K.
36,Private,127961,Bachelors,13,Married-civ-spouse,Exec-managerial,Husband,White,Male,0,0,50,United-States,>50K.
68,Local-gov,31725,HS-grad,9,Married-civ-spouse,Farming-fishing,Husband,White,Male,0,0,40,United-States,<=50K
41,Private,149576,Some-college,10,Married-civ-spouse,Craft-repair,Husband,White,Male,0,0,40,United-States,>50K.
49,Private,196707,Bachelors,13,Married-civ-spouse,Exec-managerial,Husband,White,Male,0,0,45,United-States,>50K.
40,Private,144778,Bachelors,13,Married-spouse-absent,Sales,Not-in-family,White,Male,0,0,40,United-States,>50K.
39,Self-emp-inc,142149,Assoc-acdm,12,Married-civ-spouse,Exec-managerial,Wife,White,Female,0,0,20,United-States,>50K.
31,Private,374833,1st-4th,2,Married-civ-spouse,Handlers-cleaners,Husband,White,Male,0,0,40,Mexico,<=50K
31,Private,127595,HS-grad,9,Divorced,Prof-specialty,Not-in-family,White,Female,0,0,40,United-States,<=50K
19,Local-gov,53220,HS-grad,9,Never-married,Adm-clerical,Own-child,Black,Female,0,0,40,United-States,<=50K
58,,99131,HS-grad,9,Married-civ-spouse,,Wife,White,Female,7298,0,40,United-States,>50K.
37,Private,118577,HS-grad,9,Married-civ-spouse,Adm-clerical,Wife,White,Female,0,0,25,United-States,>50K.
50,Private,98954,Some-college,10,Married-civ-spouse,Farming-fishing,Husband,White,Male,0,0,40,United-States,>50K.
35,Private,196123,Assoc-acdm,12,Married-civ-spouse,Exec-managerial,Husband,White,Male,0,0,40,United-States,>50K.
46,Without-pay,142210,HS-grad,9,Married-civ-spouse,Machine-op-inspct,Wife,White,Female,0,0,25,United-States,<=50K
24,Private,140027,Some-college,10,Never-married,Machine-op-inspct,Own-child,Black,Female,0,0,45,United-States,<=50K
45,Private,187226,Assoc-acdm,12,Married-civ-spouse,Handlers-cleaners,Husband,White,Male,0,0,40,United-States,<=50K
28,Private,289991,HS-grad,9,Married-civ-spouse,Craft-repair,Husband,White,Male,0,0,40,United-States,>50K.
36,Private,196554,Some-college,10,Married-civ-spouse,Sales,Husband,White,Male,15024,0,40,United-States,>50K.
31,Private,151484,HS-grad,9,Never-married,Adm-clerical,Own-child,White,Female,0,0,8,United-States,<=50K
31,Private,57781,HS-grad,9,Divorced,Adm-clerical,Unmarried,White,Female,0,0,50,United-States,<=50K
29,Private,153805,HS-grad,9,Never-married,Machine-op-inspct,Other-relative,Other,Male,0,0,40,Ecuador,<=50K
36,State-gov,89508,Prof-school,15,Never-married,Prof-specialty,Not-in-family,White,Male,0,0,40,United-States,<=50K
63,Self-emp-not-inc,231777,Bachelors,13,Never-married,Transport-moving,Not-in-family,White,Male,0,0,40,United-States,<=50K
41,Self-emp-not-inc,230961,Prof-school,15,Married-civ-spouse,Prof-specialty,Husband,White,Male,0,0,45,United-States,>50K.
20,?,34862,Some-college,10,Never-married,?,Own-child,Amer-Indian-Eskimo,Male,0,0,72,United-States,<=50K
42,Federal-gov,122215,HS-grad,9,Married-civ-spouse,Craft-repair,Husband,White,Male,0,0,48,United-States,>50K.
36,Local-gov,28996,HS-grad,9,Married-civ-spouse,Transport-moving,Husband,White,Male,0,0,40,United-States,<=50K
56,Private,36990,HS-grad,9,Married-civ-spouse,Craft-repair,Husband,Black,Male,0,0,52,United-States,>50K.
18,Private,91525,HS-grad,9,Never-married,Sales,Other-relative,White,Male,0,0,25,United-States,<=50K
26,Private,78172,Some-college,10,Married-AF-spouse,Protective-serv,Husband,White,Male,0,0,40,United-States,<=50K
31,Private,188798,Masters,14,Married-civ-spouse,Exec-managerial,Wife,White,Female,0,0,40,United-States,>50K.
57,Private,161642,HS-grad,9,Married-civ-spouse,Exec-managerial,Husband,White,Male,0,0,45,United-States,>50K.
40,Private,352080,Some-college,10,Married-civ-spouse,Craft-repair,Husband,Black,Male,0,0,40,United-States,>50K.
25,Self-emp-not-inc,266668,HS-grad,9,Never-married,Prof-specialty,Not-in-family,White,Male,0,0,40,United-States,<=50K
33,Private,347623,Masters,14,Never-married,Exec-managerial,Unmarried,White,Male,0,0,40,United-States,<=50K
37,Private,177907,Bachelors,13,Married-civ-spouse,Prof-specialty,Husband,White,Male,0,0,40,,>50K.
29,Private,199499,Assoc-voc,11,Never-married,Other-service,Not-in-family,Black,Male,0,0,40,United-States,<=50K
39,Self-emp-inc,110861,Bachelors,13,Married-civ-spouse,Sales,Husband,White,Male,0,0,50,United-States,>50K.
50,Self-emp-not-inc,90525,HS-grad,9,Married-civ-spouse,Other-service,Wife,White,Female,15024,0,20,United-States,>50K.
78,Private,111189,7th-8th,4,Never-married,Machine-op-inspct,Not-in-family,White,Female,0,0,35,Dominican-Republic,<=50K
62,Private,77884,HS-grad,9,Married-civ-spouse,Sales,Husband,Asian-Pac-Islander,Male,0,0,40,Philippines,<=50K
53,,237868,HS-grad,9,Married-civ-spouse,,Husband,White,Male,0,0,35,United-States,>50K.
55,Private,254711,Bachelors,13,Married-civ-spouse,Sales,Husband,White,Male,0,0,20,United-States,>50K.
28,Private,209301,HS-grad,9,Married-civ-spouse,Transport-moving,Husband,White,Male,0,1848,40,United-States,>50K.
23,Private,116830,12th,8,Never-married,Craft-repair,Not-in-family,White,Male,0,0,50,United-States,<=50K
43,Self-emp-not-inc,316820,Some-college,10,Married-civ-spouse,Farming-fishing,Husband,White,Male,0,0,84,United-States,<=50K
47,Self-emp-not-inc,242519,HS-grad,9,Married-civ-spouse,Exec-managerial,Husband,White,Male,0,0,50,United-States,>50K.
31,Private,236861,Some-college,10,Married-civ-spouse,Sales,Husband,White,Male,0,0,55,United-States,>50K.
40,Self-emp-inc,253060,Bachelors,13,Married-civ-spouse,Exec-managerial,Husband,White,Male,0,0,55,United-States,>50K.
20,?,149478,Some-college,10,Never-married,?,Other-relative,White,Female,0,0,25,United-States,<=50K
51,Self-emp-not-inc,218311,Some-college,10,Divorced,Sales,Unmarried,White,Female,0,0,50,United-States,<=50K
18,Private,177578,HS-grad,9,Never-married,Sales,Own-child,White,Female,0,0,38,United-States,<=50K
37,Private,96483,Assoc-acdm,12,Married-civ-spouse,Adm-clerical,Other-relative,Asian-Pac-Islander,Female,5178,0,38,United-States,>50K.
43,Private,131650,Some-college,10,Married-civ-spouse,Exec-managerial,Husband,White,Male,0,0,40,United-States,>50K.
58,Private,186905,HS-grad,9,Divorced,Adm-clerical,Unmarried,White,Female,99999,0,40,United-States,>50K.
18,Private,195372,11th,7,Never-married,Other-service,Own-child,White,Female,0,0,20,United-States,<=50K
28,Private,242832,Assoc-voc,11,Married-civ-spouse,Prof-specialty,Wife,White,Female,0,0,36,United-States,>50K.
44,Private,374423,Masters,14,Married-civ-spouse,Exec-managerial,Husband,Black,Male,0,1902,40,United-States,>50K.
37,Local-gov,105803,Masters,14,Married-civ-spouse,Exec-managerial,Husband,White,Male,0,0,40,United-States,>50K.
42,Self-emp-not-inc,165815,Bachelors,13,Married-civ-spouse,Prof-specialty,Husband,White,Male,0,0,52,United-States,>50K.
41,Private,106159,HS-grad,9,Never-married,Machine-op-inspct,Own-child,White,Male,14344,0,48,United-States,>50K.
29,Private,270379,HS-grad,9,Never-married,Exec-managerial,Unmarried,Black,Female,0,0,40,United-States,<=50K
20,Private,286166,HS-grad,9,Never-married,Sales,Not-in-family,White,Male,0,0,48,United-States,<=50K
23,Private,32950,Some-college,10,Never-married,Sales,Not-in-family,White,Male,0,0,40,United-States,<=50K
44,Self-emp-not-inc,342434,Bachelors,13,Married-civ-spouse,Craft-repair,Husband,White,Male,0,0,50,United-States,>50K.
33,Private,80058,HS-grad,9,Never-married,Other-service,Own-child,White,Male,0,0,48,United-States,<=50K
19,Private,389143,Some-college,10,Never-married,Sales,Own-child,White,Male,0,0,40,United-States,<=50K
33,Private,236396,Bachelors,13,Married-civ-spouse,Exec-managerial,Husband,White,Male,15024,0,55,United-States,>50K.
36,Private,297449,Bachelors,13,Married-civ-spouse,Sales,Husband,White,Male,0,0,50,United-States,>50K.
30,Private,248584,Some-college,10,Married-civ-spouse,Craft-repair,Husband,White,Male,0,0,40,United-States,<=50K
48,Private,329144,Bachelors,13,Married-civ-spouse,Exec-managerial,Husband,White,Male,0,1977,60,United-States,>50K.
49,Private,316323,HS-grad,9,Married-civ-spouse,Transport-moving,Husband,Black,Male,0,0,48,United-States,>50K.
38,Private,332154,Bachelors,13,Married-civ-spouse,Exec-managerial,Husband,Asian-Pac-Islander,Male,0,0,60,United-States,>50K.
38,Private,205359,11th,7,Married-civ-spouse,Adm-clerical,Wife,White,Female,0,0,32,United-States,<=50K
26,Private,258768,Some-college,10,Never-married,Transport-moving,Not-in-family,Black,Male,2174,0,75,United-States,<=50K
30,Private,193298,HS-grad,9,Married-civ-spouse,Transport-moving,Husband,White,Male,0,0,45,United-States,<=50K
44,Private,159960,Some-college,10,Divorced,Adm-clerical,Unmarried,White,Female,0,0,40,United-States,<=50K
31,Private,226443,Prof-school,15,Married-civ-spouse,Prof-specialty,Husband,White,Male,0,1977,70,United-States,>50K.
42,Private,191149,HS-grad,9,Married-civ-spouse,Sales,Wife,White,Female,0,0,40,United-States,>50K.
36,Private,150057,Bachelors,13,Married-civ-spouse,Prof-specialty,Husband,White,Male,0,0,50,United-States,>50K.
30,Private,78530,HS-grad,9,Never-married,Handlers-cleaners,Not-in-family,White,Male,0,0,40,United-States,<=50K
47,Local-gov,101016,Bachelors,13,Married-civ-spouse,Adm-clerical,Wife,White,Female,7688,0,40,United-States,>50K.
30,Private,447739,Doctorate,16,Never-married,Prof-specialty,Not-in-family,White,Male,0,0,60,United-States,<=50K
90,Self-emp-not-inc,155981,Bachelors,13,Married-civ-spouse,Prof-specialty,Husband,White,Male,10566,0,50,United-States,<=50K
34,Private,143776,Masters,14,Never-married,Prof-specialty,Not-in-family,Black,Male,0,0,45,,>50K.
28,Private,278552,Assoc-voc,11,Never-married,Exec-managerial,Not-in-family,White,Male,0,0,60,United-States,>50K.
29,Private,176723,Some-college,10,Never-married,Sales,Unmarried,White,Female,0,0,25,United-States,<=50K
48,Private,355781,Bachelors,13,Married-civ-spouse,Prof-specialty,Husband,Asian-Pac-Islander,Male,0,0,40,India,>50K.
33,Self-emp-inc,154227,HS-grad,9,Married-civ-spouse,Sales,Husband,White,Male,0,0,50,United-States,>50K.
42,Federal-gov,88909,Bachelors,13,Married-civ-spouse,Exec-managerial,Husband,White,Male,0,0,40,United-States,>50K.
50,Private,180522,Some-college,10,Never-married,Handlers-cleaners,Not-in-family,White,Male,0,0,38,United-States,<=50K
31,Private,43819,Bachelors,13,Married-civ-spouse,Exec-managerial,Wife,White,Female,0,0,40,United-States,>50K.
36,Private,150104,Masters,14,Married-civ-spouse,Prof-specialty,Wife,White,Female,0,0,40,United-States,>50K.
20,Private,212668,Some-college,10,Never-married,Sales,Own-child,White,Female,0,0,30,United-States,<=50K
52,Local-gov,311569,Masters,14,Married-civ-spouse,Exec-managerial,Husband,White,Male,0,0,50,United-States,>50K.
47,Private,265275,Some-college,10,Never-married,Other-service,Own-child,White,Male,0,0,40,United-States,<=50K
90,Private,221832,Bachelors,13,Married-civ-spouse,Exec-managerial,Husband,White,Male,0,0,45,United-States,<=50K
54,Private,76344,Bachelors,13,Never-married,Other-service,Not-in-family,White,Female,0,0,50,United-States,<=50K
32,Private,130040,HS-grad,9,Divorced,Handlers-cleaners,Not-in-family,White,Male,0,0,40,United-States,<=50K
51,Private,53197,HS-grad,9,Married-civ-spouse,Craft-repair,Husband,White,Male,0,0,40,United-States,<=50K
51,Private,283314,Bachelors,13,Married-civ-spouse,Craft-repair,Husband,White,Male,15024,0,40,,>50K.
31,Private,61559,HS-grad,9,Never-married,Other-service,Not-in-family,White,Male,0,0,50,United-States,<=50K
40,Self-emp-inc,99185,Bachelors,13,Married-civ-spouse,Prof-specialty,Husband,White,Male,0,0,60,United-States,<=50K
36,Local-gov,139703,Masters,14,Never-married,Prof-specialty,Not-in-family,Black,Female,0,0,40,United-States,<=50K
39,Private,268258,Bachelors,13,Married-civ-spouse,Transport-moving,Husband,Black,Male,7688,0,50,United-States,>50K.
85,Self-emp-not-inc,166027,HS-grad,9,Widowed,Sales,Not-in-family,White,Female,0,0,50,United-States,<=50K
59,Private,192983,HS-grad,9,Separated,Other-service,Not-in-family,White,Female,0,0,40,United-States,<=50K
49,Private,452402,Some-college,10,Separated,Exec-managerial,Unmarried,Black,Female,0,0,60,United-States,<=50K
59,Private,109015,Some-college,10,Never-married,Prof-specialty,Not-in-family,White,Female,0,0,38,United-States,>50K.
44,Private,118059,Doctorate,16,Married-civ-spouse,Prof-specialty,Husband,White,Male,0,0,55,United-States,>50K.
33,Private,34574,HS-grad,9,Married-civ-spouse,Transport-moving,Husband,White,Male,0,0,43,United-States,<=50K
36,Self-emp-not-inc,60269,Bachelors,13,Married-civ-spouse,Sales,Husband,White,Male,0,0,40,United-States,>50K.
30,State-gov,184901,Bachelors,13,Married-civ-spouse,Exec-managerial,Husband,White,Male,0,0,40,United-States,>50K.
62,Private,26966,Some-college,10,Widowed,Adm-clerical,Not-in-family,White,Female,0,0,40,United-States,<=50K
34,State-gov,764638,Prof-school,15,Never-married,Prof-specialty,Not-in-family,White,Female,4787,0,47,United-States,>50K.
39,Private,248445,5th-6th,3,Married-civ-spouse,Handlers-cleaners,Husband,White,Male,0,0,40,Mexico,<=50K
39,Self-emp-not-inc,198841,Bachelors,13,Married-civ-spouse,Prof-specialty,Husband,White,Male,0,0,60,Canada,>50K.
58,Private,244605,Bachelors,13,Widowed,Craft-repair,Not-in-family,White,Male,0,0,40,United-States,>50K.
41,Private,118619,Bachelors,13,Married-civ-spouse,Exec-managerial,Husband,Black,Male,0,0,50,United-States,<=50K
28,Private,204074,Masters,14,Married-civ-spouse,Prof-specialty,Husband,White,Male,0,0,48,United-States,<=50K
25,Private,250038,HS-grad,9,Married-civ-spouse,Adm-clerical,Husband,White,Male,0,0,40,United-States,>50K.
31,Private,142038,HS-grad,9,Married-civ-spouse,Craft-repair,Wife,White,Female,0,0,45,United-States,<=50K
18,Private,99219,11th,7,Never-married,Sales,Own-child,White,Female,0,0,15,United-States,<=50K
37,Private,53232,Prof-school,15,Never-married,Prof-specialty,Not-in-family,Asian-Pac-Islander,Female,0,0,55,United-States,>50K.
31,Private,507875,9th,5,Married-civ-spouse,Machine-op-inspct,Husband,White,Male,0,0,43,United-States,<=50K
36,Private,109133,Bachelors,13,Married-civ-spouse,Sales,Husband,White,Male,0,0,50,United-States,>50K.
54,Federal-gov,28683,HS-grad,9,Married-civ-spouse,Adm-clerical,Husband,White,Male,4386,0,41,United-States,>50K.
36,Private,111545,Bachelors,13,Married-civ-spouse,Prof-specialty,Husband,White,Male,0,1902,40,United-States,>50K.
37,Private,189382,Assoc-voc,11,Never-married,Adm-clerical,Own-child,White,Female,0,0,38,United-States,<=50K
64,Local-gov,78866,HS-grad,9,Divorced,Adm-clerical,Not-in-family,White,Female,0,0,40,United-States,<=50K
49,Private,175109,HS-grad,9,Married-civ-spouse,Adm-clerical,Husband,White,Male,5178,0,40,United-States,>50K.
48,Private,165484,Bachelors,13,Separated,Sales,Not-in-family,White,Male,0,0,65,United-States,>50K.
49,Private,222829,Masters,14,Married-civ-spouse,Prof-specialty,Husband,White,Male,0,0,42,United-States,>50K.
45,Private,293628,Some-college,10,Married-civ-spouse,Prof-specialty,Husband,White,Male,0,0,50,Philippines,>50K.
49,?,171411,9th,5,Divorced,?,Not-in-family,White,Male,0,0,40,United-States,<=50K
65,?,192825,7th-8th,4,Married-civ-spouse,?,Husband,White,Male,0,0,25,United-States,<=50K
36,Private,66304,Some-college,10,Married-civ-spouse,Transport-moving,Husband,White,Male,0,0,45,United-States,<=50K
31,Private,143083,Masters,14,Married-civ-spouse,Exec-managerial,Wife,White,Female,0,0,40,United-States,>50K.
59,Federal-gov,134153,Bachelors,13,Married-civ-spouse,Adm-clerical,Husband,Black,Male,7298,0,38,United-States,>50K.
46,Self-emp-not-inc,246891,Prof-school,15,Never-married,Prof-specialty,Not-in-family,White,Male,0,0,99,United-States,>50K.
26,Private,459548,HS-grad,9,Never-married,Handlers-cleaners,Not-in-family,White,Male,0,0,20,Mexico,<=50K
37,Local-gov,97136,Some-college,10,Married-spouse-absent,Adm-clerical,Unmarried,Black,Female,0,0,40,United-States,<=50K
24,State-gov,330836,HS-grad,9,Married-civ-spouse,Protective-serv,Husband,White,Male,0,0,40,United-States,<=50K
37,Self-emp-not-inc,192251,10th,6,Married-civ-spouse,Other-service,Wife,White,Female,2635,0,40,United-States,<=50K
52,Self-emp-inc,230919,Bachelors,13,Married-civ-spouse,Sales,Husband,White,Male,0,0,60,United-States,>50K.
32,State-gov,110171,Some-college,10,Married-civ-spouse,Prof-specialty,Wife,White,Female,0,1902,40,United-States,>50K.
39,Private,269168,Bachelors,13,Married-civ-spouse,Prof-specialty,Husband,Asian-Pac-Islander,Male,0,0,45,China,>50K.
49,Private,227800,7th-8th,4,Married-civ-spouse,Prof-specialty,Husband,White,Male,0,0,32,United-States,<=50K
48,Federal-gov,42972,Doctorate,16,Married-civ-spouse,Prof-specialty,Wife,White,Female,0,0,40,United-States,>50K.
26,Private,343506,HS-grad,9,Never-married,Other-service,Own-child,Black,Female,0,0,40,United-States,<=50K
48,Private,149337,Some-college,10,Divorced,Machine-op-inspct,Not-in-family,White,Male,0,0,40,United-States,>50K.
65,Private,105116,Some-college,10,Widowed,Adm-clerical,Not-in-family,White,Female,2346,0,40,United-States,<=50K
49,Private,209057,Some-college,10,Divorced,Tech-support,Not-in-family,White,Male,0,0,40,United-States,<=50K
22,?,34506,Some-college,10,Separated,?,Unmarried,White,Female,0,0,25,United-States,<=50K
43,Private,233130,Some-college,10,Never-married,Adm-clerical,Not-in-family,White,Male,0,0,25,United-States,<=50K
24,Private,162282,HS-grad,9,Never-married,Craft-repair,Not-in-family,White,Male,0,0,40,United-States,<=50K
30,Private,203258,HS-grad,9,Never-married,Other-service,Not-in-family,White,Female,0,0,35,United-States,<=50K
64,Private,192596,HS-grad,9,Widowed,Adm-clerical,Not-in-family,White,Female,0,0,30,United-States,<=50K
29,Private,142760,HS-grad,9,Never-married,Handlers-cleaners,Not-in-family,Black,Male,0,0,40,United-States,<=50K
22,Federal-gov,209131,Assoc-acdm,12,Never-married,Other-service,Own-child,White,Male,0,0,20,United-States,<=50K
35,Private,259846,HS-grad,9,Married-civ-spouse,Craft-repair,Husband,White,Male,0,0,55,United-States,<=50K
27,State-gov,365916,Assoc-acdm,12,Never-married,Exec-managerial,Not-in-family,White,Female,0,0,58,United-States,<=50K
41,Private,192225,Bachelors,13,Married-civ-spouse,Exec-managerial,Husband,White,Male,0,0,40,United-States,>50K.
61,Federal-gov,95680,Assoc-acdm,12,Married-civ-spouse,Exec-managerial,Husband,Asian-Pac-Islander,Male,3103,0,40,United-States,>50K.
27,Private,230959,Bachelors,13,Never-married,Tech-support,Own-child,Asian-Pac-Islander,Female,0,0,40,Philippines,<=50K
50,Self-emp-not-inc,95949,Bachelors,13,Married-civ-spouse,Craft-repair,Husband,White,Male,0,0,50,United-States,<=50K
41,Private,101593,Bachelors,13,Married-civ-spouse,Exec-managerial,Husband,White,Male,0,0,60,United-States,>50K.
24,Private,456460,Assoc-acdm,12,Married-civ-spouse,Adm-clerical,Wife,White,Female,0,0,40,United-States,<=50K
31,State-gov,116677,HS-grad,9,Married-civ-spouse,Sales,Husband,White,Male,0,0,40,United-States,<=50K
48,Private,204629,Bachelors,13,Married-civ-spouse,Prof-specialty,Husband,White,Male,0,0,40,United-States,>50K.
53,Private,173630,HS-grad,9,Married-civ-spouse,Other-service,Husband,White,Male,0,0,40,United-States,>50K.
57,Private,125000,Some-college,10,Married-civ-spouse,Craft-repair,Husband,White,Male,0,0,40,United-States,>50K.
24,Private,141003,Some-college,10,Never-married,Exec-managerial,Own-child,White,Male,0,0,25,United-States,<=50K
52,Local-gov,181132,HS-grad,9,Married-civ-spouse,Adm-clerical,Husband,White,Male,0,1887,40,United-States,>50K.
28,State-gov,286310,HS-grad,9,Married-civ-spouse,Adm-clerical,Own-child,White,Female,0,0,40,United-States,<=50K
30,Self-emp-inc,132601,Bachelors,13,Married-civ-spouse,Craft-repair,Husband,White,Male,0,0,40,United-States,>50K.
48,Self-emp-inc,192755,Bachelors,13,Never-married,Exec-managerial,Not-in-family,White,Female,0,0,55,Canada,>50K.
63,?,156799,HS-grad,9,Widowed,?,Not-in-family,White,Female,0,0,4,United-States,<=50K
24,Private,94395,Some-college,10,Never-married,Craft-repair,Not-in-family,White,Male,0,0,40,United-States,<=50K
35,Private,240467,Some-college,10,Separated,Transport-moving,Not-in-family,Black,Female,0,0,40,United-States,>50K.
32,Private,355700,Prof-school,15,Married-AF-spouse,Prof-specialty,Wife,White,Female,99999,0,60,United-States,>50K.
45,Private,196707,Masters,14,Married-civ-spouse,Sales,Husband,White,Male,0,0,50,United-States,>50K.
29,Private,115677,Bachelors,13,Never-married,Prof-specialty,Not-in-family,White,Male,0,0,40,United-States,<=50K
20,Private,190963,Some-college,10,Never-married,Exec-managerial,Not-in-family,White,Female,0,0,30,United-States,<=50K
27,Local-gov,236472,Bachelors,13,Divorced,Prof-specialty,Other-relative,White,Female,0,0,40,United-States,<=50K
35,Private,40135,Some-college,10,Married-civ-spouse,Handlers-cleaners,Husband,White,Male,0,2042,40,United-States,<=50K
21,Private,201179,HS-grad,9,Never-married,Adm-clerical,Own-child,White,Male,0,0,40,United-States,<=50K
36,Private,169037,HS-grad,9,Never-married,Adm-clerical,Not-in-family,White,Female,0,0,40,United-States,<=50K
56,Private,165315,10th,6,Married-civ-spouse,Craft-repair,Husband,White,Male,0,0,70,?,<=50K
46,Self-emp-not-inc,245724,Some-college,10,Divorced,Exec-managerial,Not-in-family,White,Male,0,0,50,United-States,<=50K
43,Self-emp-not-inc,126320,HS-grad,9,Married-civ-spouse,Exec-managerial,Husband,Black,Male,0,0,40,United-States,>50K.
52,?,115209,Prof-school,15,Married-spouse-absent,?,Unmarried,Asian-Pac-Islander,Female,0,0,40,Vietnam,<=50K
52,Private,122412,Doctorate,16,Married-civ-spouse,Prof-specialty,Wife,White,Female,99999,0,35,United-States,>50K.
36,Self-emp-not-inc,188972,Doctorate,16,Separated,Prof-specialty,Unmarried,White,Female,0,0,10,Canada,<=50K
22,Private,256504,Bachelors,13,Never-married,Adm-clerical,Own-child,White,Female,0,0,40,United-States,<=50K
24,Private,96178,Bachelors,13,Never-married,Adm-clerical,Own-child,White,Female,0,0,40,United-States,<=50K
25,Private,252187,11th,7,Never-married,Handlers-cleaners,Not-in-family,White,Male,0,0,40,United-States,<=50K
45,Self-emp-inc,32356,Bachelors,13,Married-civ-spouse,Exec-managerial,Husband,White,Male,0,0,51,United-States,<=50K
63,Private,546118,Some-college,10,Married-civ-spouse,Exec-managerial,Husband,White,Male,0,0,35,United-States,>50K.
55,Self-emp-not-inc,422249,HS-grad,9,Married-civ-spouse,Craft-repair,Husband,White,Male,0,0,50,United-States,<=50K
74,Self-emp-not-inc,192413,Prof-school,15,Divorced,Prof-specialty,Other-relative,White,Male,0,0,40,United-States,<=50K
19,Private,351802,HS-grad,9,Never-married,Machine-op-inspct,Own-child,White,Male,0,0,35,United-States,<=50K
22,Private,239806,Assoc-voc,11,Never-married,Other-service,Other-relative,White,Female,0,0,40,Mexico,<=50K
57,Federal-gov,47534,Masters,14,Divorced,Exec-managerial,Not-in-family,White,Female,0,0,60,United-States,>50K.
41,Private,224799,Some-college,10,Married-civ-spouse,Craft-repair,Husband,White,Male,0,0,40,United-States,<=50K
48,Private,232840,Some-college,10,Widowed,Adm-clerical,Unmarried,White,Female,0,0,43,United-States,<=50K
32,Private,108247,Some-college,10,Married-civ-spouse,Craft-repair,Husband,White,Male,3103,0,40,United-States,>50K.
36,Private,349534,Assoc-acdm,12,Married-civ-spouse,Prof-specialty,Wife,White,Female,0,0,31,United-States,>50K.
33,Private,243266,Masters,14,Married-civ-spouse,Exec-managerial,Husband,White,Male,0,0,40,Dominican-Republic,>50K.
38,Private,304001,HS-grad,9,Married-civ-spouse,Craft-repair,Husband,White,Male,0,0,40,United-States,>50K.
46,Local-gov,364548,Masters,14,Married-civ-spouse,Prof-specialty,Husband,White,Male,0,1977,42,United-States,>50K.
30,Private,391114,HS-grad,9,Married-civ-spouse,Handlers-cleaners,Husband,White,Male,0,0,60,United-States,<=50K
37,Private,108366,Bachelors,13,Never-married,Transport-moving,Not-in-family,White,Male,0,0,46,United-States,<=50K
35,Self-emp-inc,182148,Bachelors,13,Married-civ-spouse,Exec-managerial,Husband,White,Male,0,0,60,United-States,>50K.
43,Private,361280,10th,6,Married-civ-spouse,Craft-repair,Husband,Asian-Pac-Islander,Male,0,0,42,China,<=50K
27,Private,173611,Assoc-acdm,12,Never-married,Sales,Not-in-family,White,Female,0,0,40,United-States,<=50K
23,Private,386019,9th,5,Never-married,Farming-fishing,Unmarried,White,Male,0,0,70,United-States,<=50K
46,Local-gov,93557,Bachelors,13,Married-civ-spouse,Prof-specialty,Husband,White,Male,3103,0,50,United-States,>50K.
48,Private,162236,Bachelors,13,Divorced,Exec-managerial,Not-in-family,White,Female,0,0,50,United-States,>50K.
20,?,216563,11th,7,Never-married,?,Other-relative,White,Male,0,0,40,United-States,<=50K
29,?,427965,HS-grad,9,Separated,?,Unmarried,Black,Female,0,0,20,United-States,<=50K
60,Self-emp-not-inc,123190,9th,5,Married-civ-spouse,Exec-managerial,Husband,White,Male,0,1887,67,United-States,>50K.
50,Private,113290,HS-grad,9,Married-civ-spouse,Sales,Wife,White,Female,0,0,15,United-States,<=50K
47,Private,22900,HS-grad,9,Divorced,Other-service,Not-in-family,White,Female,0,0,40,United-States,<=50K
36,Private,196123,Masters,14,Married-civ-spouse,Prof-specialty,Husband,White,Male,0,0,43,United-States,>50K.
53,Self-emp-inc,158294,Assoc-voc,11,Married-civ-spouse,Farming-fishing,Husband,White,Male,99999,0,75,United-States,>50K.
41,Self-emp-not-inc,171351,HS-grad,9,Married-civ-spouse,Craft-repair,Husband,White,Male,0,0,50,United-States,>50K.
46,Private,153536,Some-college,10,Married-civ-spouse,Exec-managerial,Husband,White,Male,3103,0,40,United-States,>50K.
29,Self-emp-inc,168221,Bachelors,13,Married-civ-spouse,Exec-managerial,Husband,White,Male,0,1740,70,United-States,<=50K
31,Self-emp-not-inc,162551,12th,8,Married-civ-spouse,Sales,Wife,Asian-Pac-Islander,Female,0,0,50,?,<=50K
48,Local-gov,273767,Masters,14,Married-civ-spouse,Exec-managerial,Wife,White,Female,7688,0,40,United-States,>50K.
43,Federal-gov,157237,Masters,14,Married-civ-spouse,Prof-specialty,Husband,White,Male,0,0,40,United-States,>50K.
49,Private,184285,HS-grad,9,Married-civ-spouse,Adm-clerical,Husband,White,Male,0,0,40,United-States,>50K.
46,Private,53540,Some-college,10,Divorced,Prof-specialty,Not-in-family,Black,Female,0,0,40,United-States,>50K.
49,Self-emp-not-inc,99335,Some-college,10,Married-civ-spouse,Sales,Husband,White,Male,0,0,50,United-States,<=50K
43,Private,191712,Bachelors,13,Never-married,Adm-clerical,Not-in-family,White,Male,0,1741,40,United-States,<=50K
35,Private,351772,Some-college,10,Married-civ-spouse,Sales,Husband,White,Male,0,0,60,United-States,>50K.
48,Private,172822,Some-college,10,Divorced,Craft-repair,Unmarried,White,Male,15020,0,48,United-States,>50K.
47,Private,151087,HS-grad,9,Separated,Prof-specialty,Other-relative,Other,Female,0,0,40,Puerto-Rico,<=50K
23,Private,276568,Some-college,10,Never-married,Sales,Own-child,White,Female,0,0,40,United-States,<=50K
38,Private,186376,Bachelors,13,Married-civ-spouse,Adm-clerical,Husband,Asian-Pac-Islander,Male,0,0,42,United-States,>50K.
38,Private,289448,Masters,14,Never-married,Prof-specialty,Unmarried,Asian-Pac-Islander,Female,0,0,40,China,>50K.
50,Self-emp-not-inc,165001,Prof-school,15,Married-civ-spouse,Prof-specialty,Husband,White,Male,99999,0,80,United-States,>50K.
49,Private,209146,HS-grad,9,Married-civ-spouse,Transport-moving,Husband,White,Male,0,0,40,United-States,<=50K
32,Private,176185,HS-grad,9,Never-married,Craft-repair,Not-in-family,White,Male,4787,0,40,United-States,>50K.
32,Private,132767,Bachelors,13,Married-civ-spouse,Sales,Husband,White,Male,0,0,50,United-States,>50K.
40,State-gov,177083,Masters,14,Never-married,Exec-managerial,Not-in-family,White,Female,0,0,35,United-States,<=50K
49,Private,146268,Some-college,10,Married-civ-spouse,Craft-repair,Husband,White,Male,0,0,40,United-States,<=50K
30,Private,363296,HS-grad,9,Never-married,Handlers-cleaners,Unmarried,Black,Male,0,0,72,United-States,<=50K
46,Private,265275,Masters,14,Married-civ-spouse,Prof-specialty,Husband,White,Male,0,0,60,United-States,<=50K
25,Private,117827,Some-college,10,Married-civ-spouse,Adm-clerical,Husband,White,Male,0,0,40,United-States,<=50K
19,Private,188669,Some-college,10,Never-married,Sales,Own-child,White,Female,0,0,25,United-States,<=50K
67,Private,188903,Bachelors,13,Married-civ-spouse,Prof-specialty,Husband,White,Male,0,0,40,United-States,>50K.
48,Private,370119,Bachelors,13,Married-civ-spouse,Sales,Husband,White,Male,0,2415,50,United-States,>50K.
41,Private,198196,Masters,14,Married-civ-spouse,Exec-managerial,Husband,White,Male,0,0,45,United-States,>50K.
43,Private,316820,Assoc-acdm,12,Married-civ-spouse,Exec-managerial,Husband,White,Male,7688,0,40,United-States,>50K.
60,State-gov,113544,Bachelors,13,Married-civ-spouse,Exec-managerial,Husband,White,Male,0,0,50,United-States,>50K.
38,Self-emp-not-inc,67317,Bachelors,13,Married-civ-spouse,Farming-fishing,Husband,White,Male,0,0,60,United-States,<=50K
28,Private,122037,Bachelors,13,Married-civ-spouse,Prof-specialty,Husband,White,Male,0,0,55,United-States,>50K.
38,Private,277347,HS-grad,9,Married-civ-spouse,Craft-repair,Husband,White,Male,0,0,50,United-States,<=50K
21,Private,136610,12th,8,Never-married,Handlers-cleaners,Own-child,White,Male,0,0,32,United-States,<=50K
37,Self-emp-not-inc,156897,Prof-school,15,Never-married,Prof-specialty,Own-child,White,Male,0,1564,55,United-States,>50K.
40,Private,76625,HS-grad,9,Divorced,Craft-repair,Unmarried,White,Male,0,0,40,United-States,<=50K
48,Federal-gov,102359,Bachelors,13,Married-civ-spouse,Exec-managerial,Husband,White,Male,7688,0,40,United-States,>50K.
29,Private,118478,Some-college,10,Married-civ-spouse,Adm-clerical,Wife,White,Female,7298,0,50,United-States,>50K.
35,Self-emp-not-inc,103323,Some-college,10,Married-civ-spouse,Craft-repair,Husband,White,Male,0,0,40,United-States,>50K.
41,Private,257758,12th,8,Married-civ-spouse,Craft-repair,Husband,White,Male,0,0,40,United-States,>50K.
66,Private,33619,HS-grad,9,Married-civ-spouse,Other-service,Husband,Black,Male,0,0,4,United-States,<=50K
49,Local-gov,193249,Assoc-acdm,12,Married-civ-spouse,Adm-clerical,Husband,White,Male,0,0,40,United-States,<=50K
49,Private,101320,Bachelors,13,Never-married,Tech-support,Not-in-family,White,Female,0,1564,40,Canada,>50K.
27,Private,209205,Bachelors,13,Never-married,Tech-support,Own-child,White,Male,0,0,40,United-States,<=50K
52,Private,123989,Bachelors,13,Married-civ-spouse,Exec-managerial,Husband,White,Male,0,0,40,United-States,>50K.
46,Private,189680,Masters,14,Married-civ-spouse,Sales,Husband,White,Male,0,0,40,United-States,>50K.
53,Local-gov,196395,Bachelors,13,Married-civ-spouse,Prof-specialty,Husband,Black,Male,0,0,40,United-States,>50K.
43,Private,224998,Bachelors,13,Married-civ-spouse,Exec-managerial,Husband,Black,Male,0,1977,40,United-States,>50K.
27,Private,138269,HS-grad,9,Married-civ-spouse,Exec-managerial,Husband,White,Male,0,0,45,United-States,>50K.
54,Federal-gov,21698,Bachelors,13,Divorced,Exec-managerial,Unmarried,White,Female,0,0,40,United-States,<=50K
41,Private,90021,HS-grad,9,Married-civ-spouse,Handlers-cleaners,Husband,White,Male,0,0,40,?,<=50K
41,Private,30126,Bachelors,13,Divorced,Exec-managerial,Not-in-family,White,Female,0,0,45,United-States,>50K.
38,Self-emp-not-inc,248919,Bachelors,13,Divorced,Prof-specialty,Not-in-family,White,Male,27828,0,35,United-States,>50K.
20,Private,280714,Some-college,10,Never-married,Other-service,Own-child,White,Male,0,0,40,United-States,<=50K
56,Private,98418,HS-grad,9,Divorced,Transport-moving,Not-in-family,White,Male,0,0,30,United-States,<=50K
53,Federal-gov,439263,Bachelors,13,Married-civ-spouse,Adm-clerical,Husband,Black,Male,0,0,40,United-States,>50K.
26,Private,245465,Assoc-acdm,12,Never-married,Sales,Own-child,White,Male,0,0,30,United-States,<=50K
57,Private,113090,HS-grad,9,Married-civ-spouse,Adm-clerical,Husband,White,Male,0,0,40,United-States,>50K.
54,Self-emp-not-inc,72257,HS-grad,9,Married-civ-spouse,Sales,Husband,White,Male,0,0,50,United-States,>50K.
31,Private,114937,Bachelors,13,Married-civ-spouse,Prof-specialty,Husband,White,Male,0,0,35,United-States,<=50K
50,Private,110327,HS-grad,9,Married-civ-spouse,Sales,Husband,White,Male,0,0,50,United-States,>50K.
26,Private,196805,Some-college,10,Married-civ-spouse,Transport-moving,Husband,Black,Male,0,0,65,United-States,<=50K
35,Private,189922,HS-grad,9,Married-civ-spouse,Craft-repair,Husband,White,Male,0,0,40,United-States,<=50K
38,State-gov,34180,Some-college,10,Married-civ-spouse,Exec-managerial,Husband,White,Male,0,0,40,United-States,<=50K
54,Private,259323,Some-college,10,Married-civ-spouse,Prof-specialty,Husband,White,Male,0,0,40,United-States,>50K.
58,Self-emp-inc,204021,Bachelors,13,Married-civ-spouse,Craft-repair,Husband,White,Male,15024,0,50,United-States,>50K.
30,Private,171876,Prof-school,15,Never-married,Prof-specialty,Not-in-family,White,Female,0,0,45,United-States,<=50K
35,Private,168675,HS-grad,9,Separated,Transport-moving,Own-child,White,Male,0,0,50,United-States,<=50K
46,Local-gov,195418,Bachelors,13,Married-civ-spouse,Prof-specialty,Husband,Black,Male,0,0,40,United-States,>50K.
33,Self-emp-not-inc,48520,Some-college,10,Married-civ-spouse,Craft-repair,Husband,White,Male,0,0,40,United-States,>50K.
41,Private,483201,Bachelors,13,Married-civ-spouse,Sales,Husband,White,Male,0,0,40,United-States,>50K.
19,Private,208513,HS-grad,9,Never-married,Craft-repair,Other-relative,White,Male,0,0,40,United-States,<=50K
32,Private,180871,11th,7,Married-civ-spouse,Craft-repair,Husband,White,Male,0,0,40,United-States,>50K.
39,Private,433592,HS-grad,9,Married-civ-spouse,Transport-moving,Husband,Black,Male,0,0,45,United-States,>50K.
41,Private,256647,HS-grad,9,Married-civ-spouse,Machine-op-inspct,Husband,Black,Male,0,0,40,United-States,<=50K
61,Private,162432,HS-grad,9,Widowed,Exec-managerial,Not-in-family,White,Female,0,0,40,United-States,<=50K
29,Private,405177,10th,6,Separated,Sales,Unmarried,White,Female,0,0,40,United-States,<=50K
48,Federal-gov,55377,HS-grad,9,Married-civ-spouse,Transport-moving,Husband,Black,Male,0,0,55,Jamaica,>50K.
29,Private,111900,Some-college,10,Married-civ-spouse,Farming-fishing,Husband,White,Male,0,0,40,United-States,<=50K
43,Federal-gov,77370,HS-grad,9,Married-civ-spouse,Transport-moving,Husband,White,Male,0,0,40,United-States,<=50K
59,Private,220896,Prof-school,15,Divorced,Other-service,Not-in-family,White,Male,27828,0,60,United-States,>50K.
39,Private,301070,Bachelors,13,Married-civ-spouse,Exec-managerial,Husband,White,Male,0,0,70,United-States,>50K.
19,Private,304469,10th,6,Never-married,Farming-fishing,Own-child,White,Male,0,0,25,United-States,<=50K
26,Private,292803,Some-college,10,Never-married,Other-service,Own-child,White,Female,0,0,24,United-States,<=50K
60,Self-emp-not-inc,525878,HS-grad,9,Married-civ-spouse,Exec-managerial,Husband,Black,Male,0,0,40,United-States,<=50K
39,Private,30875,Bachelors,13,Divorced,Sales,Unmarried,White,Female,0,0,40,United-States,>50K.
36,Private,69481,Prof-school,15,Married-civ-spouse,Prof-specialty,Husband,White,Male,0,0,55,United-States,>50K.
37,Self-emp-not-inc,68899,HS-grad,9,Married-civ-spouse,Transport-moving,Husband,White,Male,0,0,60,United-States,>50K.
23,Private,147253,Assoc-acdm,12,Never-married,Sales,Not-in-family,White,Male,0,0,40,United-States,<=50K
46,Private,205816,Assoc-voc,11,Married-civ-spouse,Prof-specialty,Wife,White,Female,0,0,40,United-States,>50K.
42,Private,222756,Bachelors,13,Divorced,Prof-specialty,Unmarried,White,Male,7430,0,40,United-States,>50K.
45,Private,178416,Assoc-voc,11,Divorced,Handlers-cleaners,Not-in-family,White,Female,0,0,40,United-States,<=50K
43,Private,188291,1st-4th,2,Never-married,Sales,Own-child,White,Male,0,0,40,United-States,<=50K
34,Private,190228,Some-college,10,Never-married,Adm-clerical,Own-child,White,Male,0,0,40,United-States,>50K.
46,Private,249935,Doctorate,16,Married-civ-spouse,Prof-specialty,Husband,White,Male,0,0,70,United-States,<=50K
46,Local-gov,174361,Masters,14,Married-civ-spouse,Prof-specialty,Husband,White,Male,0,0,40,United-States,>50K.
47,Private,101299,Bachelors,13,Married-civ-spouse,Exec-managerial,Husband,White,Male,0,0,50,United-States,>50K.
57,Self-emp-not-inc,264148,HS-grad,9,Married-civ-spouse,Farming-fishing,Husband,White,Male,0,0,45,United-States,<=50K
34,State-gov,154246,Bachelors,13,Divorced,Prof-specialty,Not-in-family,White,Male,4865,0,55,United-States,<=50K
56,Private,82050,11th,7,Married-civ-spouse,Machine-op-inspct,Husband,White,Male,7298,0,40,United-States,>50K.
58,Private,196502,Some-college,10,Married-civ-spouse,Sales,Husband,White,Male,0,0,60,United-States,>50K.
24,Private,217602,HS-grad,9,Married-civ-spouse,Farming-fishing,Husband,White,Male,0,0,60,United-States,<=50K
21,Private,115420,HS-grad,9,Married-civ-spouse,Craft-repair,Husband,White,Male,0,0,50,United-States,<=50K
27,Private,225291,Some-college,10,Never-married,Adm-clerical,Not-in-family,White,Female,0,0,40,United-States,<=50K
21,Private,334113,HS-grad,9,Never-married,Machine-op-inspct,Own-child,White,Male,0,0,40,United-States,<=50K
24,Private,314823,HS-grad,9,Never-married,Sales,Own-child,White,Male,0,0,40,Dominican-Republic,<=50K
75,Private,186808,11th,7,Married-civ-spouse,Protective-serv,Husband,Black,Male,6418,0,50,United-States,>50K.
60,Private,178312,11th,7,Married-civ-spouse,Sales,Husband,White,Male,0,1902,70,United-States,>50K.
40,Private,173001,Some-college,10,Married-civ-spouse,Tech-support,Own-child,White,Female,0,1902,40,United-States,>50K.
75,?,260543,10th,6,Widowed,?,Other-relative,Asian-Pac-Islander,Female,0,0,1,China,<=50K
57,Private,94156,Masters,14,Married-civ-spouse,Prof-specialty,Husband,White,Male,7688,0,84,United-States,>50K.
22,Private,32616,Some-college,10,Never-married,Other-service,Not-in-family,White,Female,0,0,30,United-States,<=50K
56,Private,182062,HS-grad,9,Married-civ-spouse,Transport-moving,Husband,White,Male,0,0,48,United-States,>50K.
51,Local-gov,142801,Masters,14,Widowed,Prof-specialty,Not-in-family,Black,Female,0,0,40,United-States,>50K.
47,Self-emp-inc,193960,Some-college,10,Married-civ-spouse,Sales,Husband,White,Male,7298,0,45,United-States,>50K.
59,Private,380357,Bachelors,13,Divorced,Exec-managerial,Not-in-family,White,Male,0,0,40,United-States,<=50K
33,Private,277455,Masters,14,Never-married,Prof-specialty,Not-in-family,White,Male,0,0,40,United-States,<=50K
57,State-gov,132145,Masters,14,Married-civ-spouse,Exec-managerial,Husband,White,Male,7298,0,45,United-States,>50K.
23,Private,111450,Some-college,10,Never-married,Adm-clerical,Other-relative,Black,Male,0,0,22,United-States,<=50K
63,Private,275034,Bachelors,13,Married-civ-spouse,Sales,Husband,White,Male,0,1740,35,United-States,<=50K
44,Self-emp-inc,171615,Prof-school,15,Married-civ-spouse,Prof-specialty,Husband,White,Male,0,0,55,United-States,>50K.
34,State-gov,137900,Bachelors,13,Never-married,Prof-specialty,Not-in-family,White,Female,0,0,48,United-States,>50K.
28,Private,142764,Assoc-voc,11,Married-civ-spouse,Craft-repair,Husband,White,Male,7688,0,45,United-States,>50K.
48,Private,233511,HS-grad,9,Married-civ-spouse,Craft-repair,Husband,White,Male,0,0,40,United-States,>50K.
44,Private,107584,Masters,14,Married-civ-spouse,Adm-clerical,Husband,White,Male,3908,0,50,United-States,<=50K
20,Private,116666,Some-college,10,Never-married,Sales,Own-child,Asian-Pac-Islander,Male,0,0,8,India,<=50K
32,Self-emp-inc,124052,HS-grad,9,Married-civ-spouse,Sales,Husband,White,Male,0,0,50,United-States,<=50K
19,Private,101509,Some-college,10,Never-married,Prof-specialty,Own-child,White,Male,0,0,32,United-States,<=50K
27,Private,211570,11th,7,Never-married,Handlers-cleaners,Other-relative,Black,Male,0,0,40,United-States,<=50K
32,Self-emp-inc,144949,Bachelors,13,Married-civ-spouse,Sales,Husband,White,Male,0,0,70,United-States,>50K.
46,Private,278322,Doctorate,16,Married-civ-spouse,Sales,Husband,White,Male,0,0,40,United-States,>50K.
29,Private,271710,Bachelors,13,Married-civ-spouse,Prof-specialty,Husband,White,Male,0,0,50,United-States,>50K.
41,Private,127314,HS-grad,9,Married-civ-spouse,Craft-repair,Husband,White,Male,5178,0,40,United-States,>50K.
31,Self-emp-not-inc,283587,HS-grad,9,Married-civ-spouse,Exec-managerial,Husband,White,Male,0,0,50,United-States,>50K.
41,Self-emp-inc,214247,Prof-school,15,Married-civ-spouse,Prof-specialty,Husband,White,Male,0,2415,60,United-States,>50K.
44,Private,45363,Some-college,10,Married-civ-spouse,Tech-support,Husband,White,Male,0,0,44,United-States,>50K.
34,Private,94235,Bachelors,13,Never-married,Craft-repair,Unmarried,White,Male,0,0,40,United-States,<=50K
39,Private,141748,HS-grad,9,Married-civ-spouse,Transport-moving,Husband,White,Male,0,1887,40,United-States,>50K.
45,Private,174794,Bachelors,13,Separated,Prof-specialty,Unmarried,White,Female,0,0,56,Germany,<=50K
44,Self-emp-not-inc,90021,HS-grad,9,Married-civ-spouse,Craft-repair,Husband,White,Male,0,0,30,United-States,<=50K
49,Private,209739,Assoc-voc,11,Married-civ-spouse,Exec-managerial,Husband,White,Male,7688,0,60,United-States,>50K.
63,Self-emp-not-inc,175177,Prof-school,15,Married-civ-spouse,Prof-specialty,Husband,White,Male,0,0,35,United-States,>50K.
22,Private,401762,HS-grad,9,Never-married,Adm-clerical,Not-in-family,White,Female,0,0,55,United-States,<=50K
34,Private,46492,HS-grad,9,Married-civ-spouse,Craft-repair,Husband,White,Male,0,0,50,United-States,>50K.
22,?,148955,Some-college,10,Never-married,?,Own-child,Asian-Pac-Islander,Female,0,0,15,South,<=50K
53,Self-emp-inc,69372,Doctorate,16,Married-civ-spouse,Sales,Husband,Asian-Pac-Islander,Male,0,0,40,India,>50K.
74,Private,147558,Some-college,10,Divorced,Sales,Not-in-family,White,Female,7262,0,30,United-States,>50K.
61,Private,166789,Masters,14,Married-civ-spouse,Exec-managerial,Husband,White,Male,0,2246,50,United-States,>50K.
24,Private,182504,Some-college,10,Never-married,Other-service,Own-child,White,Female,0,0,25,United-States,<=50K
30,Private,226696,Bachelors,13,Married-civ-spouse,Sales,Husband,White,Male,0,0,40,United-States,>50K.
29,Local-gov,187649,HS-grad,9,Separated,Protective-serv,Other-relative,White,Female,0,0,40,United-States,<=50K
48,Private,107231,Bachelors,13,Married-civ-spouse,Exec-managerial,Husband,White,Male,0,0,55,United-States,>50K.
47,Self-emp-not-inc,185859,HS-grad,9,Married-civ-spouse,Farming-fishing,Husband,White,Male,3103,0,60,United-States,>50K.
37,Self-emp-inc,132879,Some-college,10,Married-civ-spouse,Transport-moving,Husband,White,Male,0,0,50,United-States,>50K.
51,Local-gov,43705,Masters,14,Married-civ-spouse,Prof-specialty,Husband,White,Male,0,0,54,United-States,>50K.
40,Private,76487,HS-grad,9,Married-civ-spouse,Machine-op-inspct,Husband,White,Male,0,0,40,United-States,<=50K
32,Private,176992,10th,6,Never-married,Craft-repair,Unmarried,White,Male,0,0,40,United-States,<=50K
30,Private,297155,Some-college,10,Divorced,Adm-clerical,Unmarried,Black,Female,0,0,40,United-States,<=50K
51,State-gov,166459,Masters,14,Married-civ-spouse,Exec-managerial,Husband,White,Male,0,0,40,United-States,>50K.
49,Private,194962,11th,7,Married-civ-spouse,Other-service,Wife,White,Female,0,0,6,United-States,<=50K
19,Private,136866,HS-grad,9,Never-married,Craft-repair,Own-child,White,Male,0,0,45,United-States,<=50K
35,Local-gov,226311,Some-college,10,Divorced,Adm-clerical,Own-child,White,Female,0,0,38,United-States,<=50K
32,Private,147654,HS-grad,9,Married-civ-spouse,Craft-repair,Husband,White,Male,0,1902,40,United-States,>50K.
25,Private,210794,Bachelors,13,Never-married,Prof-specialty,Own-child,White,Female,0,0,40,United-States,<=50K
46,Self-emp-inc,167882,Assoc-voc,11,Divorced,Exec-managerial,Not-in-family,White,Female,8614,0,70,United-States,>50K.
20,Private,262749,Some-college,10,Never-married,Other-service,Own-child,White,Male,0,0,35,United-States,<=50K
39,Private,497788,Assoc-acdm,12,Married-civ-spouse,Sales,Husband,White,Male,0,0,50,United-States,>50K.
40,Private,171305,Bachelors,13,Married-civ-spouse,Adm-clerical,Husband,Black,Male,0,0,60,United-States,>50K.
36,Private,269042,HS-grad,9,Married-civ-spouse,Machine-op-inspct,Husband,Asian-Pac-Islander,Male,0,0,40,Laos,<=50K
51,Private,182740,HS-grad,9,Divorced,Prof-specialty,Unmarried,White,Male,0,0,40,United-States,<=50K
36,Private,48972,Some-college,10,Divorced,Adm-clerical,Unmarried,White,Female,0,0,40,United-States,<=50K
43,Private,214781,Some-college,10,Never-married,Adm-clerical,Unmarried,White,Male,0,0,38,United-States,>50K.
41,Private,220109,Bachelors,13,Married-civ-spouse,Exec-managerial,Husband,White,Male,0,0,55,United-States,>50K.
43,Private,158177,Some-college,10,Divorced,Adm-clerical,Unmarried,Black,Female,0,0,35,United-States,<=50K
50,Local-gov,270221,Some-college,10,Divorced,Adm-clerical,Own-child,White,Male,0,0,43,United-States,>50K.
28,Private,181008,Bachelors,13,Married-civ-spouse,Exec-managerial,Husband,White,Male,0,0,50,England,>50K.
54,Self-emp-not-inc,399705,Some-college,10,Married-civ-spouse,Sales,Husband,White,Male,0,0,55,United-States,>50K.
42,Local-gov,226902,HS-grad,9,Married-civ-spouse,Protective-serv,Husband,White,Male,0,0,40,United-States,>50K.
57,Private,335605,Some-college,10,Married-civ-spouse,Prof-specialty,Husband,White,Male,0,0,40,United-States,>50K.
27,Local-gov,289039,Some-college,10,Never-married,Protective-serv,Unmarried,Asian-Pac-Islander,Female,0,0,40,United-States,<=50K
53,Self-emp-not-inc,187830,Masters,14,Married-civ-spouse,Exec-managerial,Husband,White,Male,7688,0,35,United-States,>50K.
57,Private,204209,7th-8th,4,Married-civ-spouse,Craft-repair,Husband,White,Male,3103,0,40,United-States,>50K.
36,Self-emp-inc,141609,Some-college,10,Married-civ-spouse,Prof-specialty,Husband,White,Male,0,0,50,United-States,>50K.
65,Private,222810,Assoc-voc,11,Divorced,Exec-managerial,Not-in-family,White,Female,0,0,40,United-States,<=50K
30,Private,399088,Some-college,10,Divorced,Adm-clerical,Not-in-family,White,Female,0,0,45,United-States,<=50K
38,Private,415578,10th,6,Married-civ-spouse,Craft-repair,Husband,White,Male,0,0,40,United-States,>50K.
37,Private,220585,HS-grad,9,Never-married,Adm-clerical,Not-in-family,White,Male,0,0,40,United-States,<=50K
52,Self-emp-inc,29887,Prof-school,15,Married-civ-spouse,Prof-specialty,Husband,White,Male,0,0,60,United-States,>50K.
28,Private,102533,Some-college,10,Separated,Handlers-cleaners,Not-in-family,Black,Male,0,0,40,United-States,<=50K
33,Private,232356,11th,7,Married-civ-spouse,Craft-repair,Husband,White,Male,0,0,45,United-States,>50K.
48,Private,168038,Some-college,10,Divorced,Exec-managerial,Not-in-family,White,Male,0,1564,50,United-States,>50K.
61,Private,173866,10th,6,Married-civ-spouse,Machine-op-inspct,Husband,White,Male,0,0,45,United-States,>50K.
27,Private,85625,Some-college,10,Never-married,Sales,Not-in-family,White,Male,0,0,20,United-States,<=50K
55,Private,380357,Bachelors,13,Married-civ-spouse,Sales,Husband,White,Male,0,0,60,,>50K.
44,Private,116632,Bachelors,13,Married-civ-spouse,Exec-managerial,Husband,White,Male,0,0,35,United-States,>50K.
31,Private,173495,HS-grad,9,Never-married,Other-service,Own-child,White,Male,0,0,35,United-States,<=50K
28,Private,108706,HS-grad,9,Married-civ-spouse,Tech-support,Wife,White,Female,0,0,40,United-States,>50K.
22,Private,208946,Some-college,10,Never-married,Machine-op-inspct,Not-in-family,White,Male,0,0,40,United-States,<=50K
61,State-gov,162678,5th-6th,3,Married-civ-spouse,Transport-moving,Husband,White,Male,0,0,40,United-States,<=50K
60,Private,39952,9th,5,Married-civ-spouse,Machine-op-inspct,Husband,White,Male,2228,0,37,United-States,<=50K
50,Self-emp-not-inc,118058,Bachelors,13,Married-civ-spouse,Exec-managerial,Husband,White,Male,15024,0,55,United-States,>50K.
36,Private,30509,Some-college,10,Divorced,Prof-specialty,Unmarried,White,Female,0,0,45,United-States,<=50K
41,Local-gov,120277,Bachelors,13,Married-civ-spouse,Prof-specialty,Husband,White,Male,0,0,35,United-States,>50K.
25,Private,189775,Some-college,10,Married-spouse-absent,Adm-clerical,Own-child,Black,Female,0,0,20,United-States,<=50K
40,Private,219869,HS-grad,9,Married-civ-spouse,Farming-fishing,Husband,White,Male,99999,0,75,United-States,>50K.
39,Federal-gov,193583,Bachelors,13,Divorced,Prof-specialty,Unmarried,White,Female,5455,0,60,United-States,<=50K
50,Local-gov,139347,Masters,14,Married-civ-spouse,Prof-specialty,Wife,White,Female,0,0,40,,>50K.
42,Local-gov,150533,Masters,14,Married-civ-spouse,Protective-serv,Husband,White,Male,7688,0,35,United-States,>50K.
37,Private,194004,11th,7,Married-civ-spouse,Craft-repair,Husband,White,Male,0,0,25,United-States,<=50K
28,Private,429507,Assoc-acdm,12,Married-civ-spouse,Handlers-cleaners,Husband,Black,Male,0,0,40,United-States,<=50K
24,Private,174461,Assoc-acdm,12,Divorced,Other-service,Not-in-family,White,Female,0,0,22,United-States,<=50K
23,Private,140414,HS-grad,9,Married-civ-spouse,Craft-repair,Husband,White,Male,0,0,40,United-States,<=50K
25,Private,248313,Assoc-voc,11,Never-married,Adm-clerical,Not-in-family,White,Female,0,0,40,United-States,<=50K
45,Private,200363,Assoc-voc,11,Divorced,Exec-managerial,Not-in-family,White,Female,0,0,44,United-States,<=50K
30,Local-gov,339388,Some-college,10,Married-civ-spouse,Tech-support,Husband,White,Male,0,0,72,United-States,>50K.
48,Private,213140,Assoc-acdm,12,Married-civ-spouse,Sales,Husband,White,Male,0,0,60,United-States,>50K.
34,Federal-gov,168931,Bachelors,13,Married-civ-spouse,Exec-managerial,Wife,Other,Female,0,0,40,United-States,>50K.
46,Local-gov,141058,HS-grad,9,Married-civ-spouse,Exec-managerial,Husband,White,Male,0,0,65,United-States,<=50K
30,Federal-gov,48458,Some-college,10,Never-married,Adm-clerical,Own-child,Black,Female,0,0,40,United-States,<=50K
56,State-gov,83696,Bachelors,13,Separated,Prof-specialty,Not-in-family,White,Female,0,0,38,?,<=50K
66,Self-emp-not-inc,37170,HS-grad,9,Married-civ-spouse,Adm-clerical,Husband,White,Male,0,0,42,United-States,>50K.
26,Private,143068,Some-college,10,Married-civ-spouse,Exec-managerial,Husband,White,Male,2407,0,50,United-States,<=50K
49,Self-emp-inc,131826,Prof-school,15,Widowed,Prof-specialty,Unmarried,White,Male,99999,0,50,United-States,>50K.
42,Private,32878,Bachelors,13,Married-civ-spouse,Prof-specialty,Husband,White,Male,99999,0,42,United-States,>50K.
71,Self-emp-not-inc,494223,Some-college,10,Separated,Sales,Unmarried,Black,Male,0,1816,2,United-States,<=50K
40,Self-emp-inc,188615,11th,7,Married-civ-spouse,Exec-managerial,Husband,White,Male,15024,0,20,United-States,>50K.
29,Private,194200,Some-college,10,Never-married,Machine-op-inspct,Own-child,White,Male,0,0,45,United-States,<=50K
38,Private,109594,Bachelors,13,Divorced,Sales,Not-in-family,White,Female,0,0,70,United-States,>50K.
63,Private,162772,HS-grad,9,Married-civ-spouse,Transport-moving,Husband,White,Male,0,0,35,United-States,>50K.
40,Self-emp-not-inc,151504,Some-college,10,Married-civ-spouse,Craft-repair,Husband,White,Male,0,0,60,United-States,>50K.
26,Private,132661,HS-grad,9,Married-civ-spouse,Exec-managerial,Wife,White,Female,5013,0,40,United-States,<=50K
40,Private,191196,Masters,14,Never-married,Exec-managerial,Not-in-family,White,Male,0,0,40,United-States,<=50K
64,Self-emp-not-inc,169604,HS-grad,9,Married-civ-spouse,Craft-repair,Husband,White,Male,0,0,30,United-States,>50K.
40,Private,146906,Masters,14,Married-civ-spouse,Exec-managerial,Husband,White,Male,0,0,50,United-States,>50K.
51,Private,79324,Some-college,10,Married-civ-spouse,Sales,Husband,White,Male,0,0,40,United-States,<=50K
37,Private,99374,10th,6,Married-civ-spouse,Transport-moving,Husband,White,Male,0,0,55,United-States,<=50K
36,Private,182074,HS-grad,9,Never-married,Adm-clerical,Other-relative,White,Male,0,0,40,United-States,<=50K
32,Private,105749,Prof-school,15,Married-civ-spouse,Prof-specialty,Husband,White,Male,0,0,40,United-States,>50K.
60,Federal-gov,67320,HS-grad,9,Never-married,Adm-clerical,Not-in-family,Black,Female,0,0,40,United-States,<=50K
32,Private,73585,Assoc-voc,11,Married-civ-spouse,Craft-repair,Husband,White,Male,0,0,40,United-States,<=50K
71,Private,180117,10th,6,Married-civ-spouse,Machine-op-inspct,Husband,White,Male,0,0,40,United-States,<=50K
38,Private,229180,Bachelors,13,Never-married,Exec-managerial,Unmarried,White,Female,0,0,40,Cuba,<=50K
43,Self-emp-not-inc,315971,Masters,14,Never-married,Exec-managerial,Not-in-family,White,Female,0,0,40,United-States,<=50K
55,Private,148773,10th,6,Married-civ-spouse,Machine-op-inspct,Husband,White,Male,0,0,40,United-States,<=50K
55,Private,288907,HS-grad,9,Divorced,Craft-repair,Not-in-family,White,Male,4787,0,40,United-States,>50K.
39,Private,61518,Some-college,10,Married-civ-spouse,Exec-managerial,Husband,White,Male,0,0,50,United-States,>50K.
26,Local-gov,166295,Bachelors,13,Married-civ-spouse,Adm-clerical,Husband,White,Male,0,0,41,United-States,<=50K
38,Self-emp-not-inc,166497,Prof-school,15,Never-married,Prof-specialty,Not-in-family,White,Male,0,0,60,United-States,>50K.
33,Private,408813,Bachelors,13,Never-married,Adm-clerical,Not-in-family,White,Female,0,0,50,United-States,<=50K
44,Private,13769,Some-college,10,Married-civ-spouse,Exec-managerial,Husband,Amer-Indian-Eskimo,Male,0,0,40,United-States,>50K.
23,Private,444554,HS-grad,9,Never-married,Handlers-cleaners,Own-child,White,Male,0,0,50,United-States,<=50K
37,Self-emp-inc,198841,Bachelors,13,Married-civ-spouse,Sales,Husband,White,Male,0,0,50,United-States,>50K.
36,Private,272950,Bachelors,13,Married-civ-spouse,Sales,Husband,White,Male,0,0,50,United-States,>50K.
23,Private,32950,Some-college,10,Never-married,Transport-moving,Not-in-family,White,Male,4101,0,40,United-States,<=50K
29,Private,173944,Bachelors,13,Married-civ-spouse,Sales,Husband,White,Male,0,0,40,United-States,>50K.
42,Private,212894,Bachelors,13,Married-civ-spouse,Sales,Husband,White,Male,0,0,70,United-States,>50K.
62,Private,176839,Doctorate,16,Never-married,Exec-managerial,Not-in-family,White,Male,0,0,50,United-States,>50K.
42,Private,56072,Assoc-acdm,12,Married-civ-spouse,Sales,Husband,White,Male,0,0,45,United-States,>50K.
29,Private,255412,Some-college,10,Married-civ-spouse,Handlers-cleaners,Husband,White,Male,3103,0,40,United-States,>50K.
38,Private,324053,Bachelors,13,Married-civ-spouse,Sales,Husband,White,Male,0,0,40,United-States,>50K.
45,Local-gov,148222,HS-grad,9,Never-married,Adm-clerical,Not-in-family,Black,Female,0,0,40,United-States,<=50K
49,Self-emp-not-inc,77404,Some-college,10,Married-civ-spouse,Sales,Husband,White,Male,0,0,44,,>50K.
28,Local-gov,336951,Assoc-acdm,12,Married-civ-spouse,Protective-serv,Husband,White,Male,0,0,40,United-States,>50K.
50,State-gov,322840,Assoc-voc,11,Married-civ-spouse,Protective-serv,Husband,White,Male,0,0,40,Poland,>50K.
59,Self-emp-inc,132559,Doctorate,16,Married-civ-spouse,Craft-repair,Husband,White,Male,0,1977,55,United-States,>50K.
49,Self-emp-not-inc,233059,HS-grad,9,Married-civ-spouse,Craft-repair,Husband,White,Male,0,0,60,United-States,<=50K
44,Private,351262,Some-college,10,Married-civ-spouse,Craft-repair,Husband,Black,Male,0,0,38,United-States,>50K.
43,Private,174196,HS-grad,9,Never-married,Other-service,Unmarried,Black,Female,0,0,40,United-States,<=50K
50,Private,275181,5th-6th,3,Divorced,Other-service,Not-in-family,White,Male,0,0,37,Cuba,<=50K
38,Private,187870,Bachelors,13,Married-civ-spouse,Craft-repair,Husband,White,Male,0,0,40,United-States,>50K.
34,Local-gov,191957,Bachelors,13,Married-civ-spouse,Craft-repair,Husband,Black,Male,0,0,45,United-States,>50K.
35,Private,185084,HS-grad,9,Married-civ-spouse,Handlers-cleaners,Husband,White,Male,0,0,48,United-States,>50K.
38,Private,49115,HS-grad,9,Married-civ-spouse,Machine-op-inspct,Husband,White,Male,0,0,40,United-States,>50K.
61,Private,161472,HS-grad,9,Married-civ-spouse,Craft-repair,Husband,White,Male,0,0,40,United-States,>50K.
20,?,133061,9th,5,Never-married,?,Own-child,White,Male,0,0,40,United-States,<=50K
30,Private,207172,Bachelors,13,Married-civ-spouse,Adm-clerical,Wife,White,Female,0,0,40,Mexico,<=50K
19,Private,63363,Some-college,10,Never-married,Sales,Own-child,White,Female,0,0,30,United-States,<=50K
46,Private,148738,HS-grad,9,Married-civ-spouse,Handlers-cleaners,Husband,White,Male,0,1740,35,United-States,<=50K
44,Private,121130,HS-grad,9,Divorced,Other-service,Unmarried,White,Female,0,0,40,United-States,<=50K
31,Private,197860,Some-college,10,Married-civ-spouse,Handlers-cleaners,Husband,White,Male,0,0,40,United-States,<=50K
47,Private,162187,Bachelors,13,Married-civ-spouse,Sales,Husband,White,Male,0,0,45,United-States,>50K.
37,State-gov,150566,HS-grad,9,Separated,Craft-repair,Not-in-family,White,Male,0,0,44,United-States,<=50K
46,Private,165468,Some-college,10,Married-civ-spouse,Craft-repair,Husband,White,Male,0,0,50,United-States,>50K.
52,Self-emp-not-inc,175029,10th,6,Married-civ-spouse,Craft-repair,Husband,White,Male,0,0,35,United-States,<=50K
63,Self-emp-not-inc,33487,7th-8th,4,Married-civ-spouse,Farming-fishing,Husband,White,Male,0,0,70,United-States,>50K.
32,Private,340917,Masters,14,Married-civ-spouse,Prof-specialty,Husband,White,Male,0,1848,60,,>50K.
32,Private,182323,HS-grad,9,Married-civ-spouse,Prof-specialty,Husband,White,Male,7688,0,40,United-States,>50K.
45,Local-gov,149337,Masters,14,Married-civ-spouse,Prof-specialty,Husband,White,Male,0,0,40,Italy,>50K.
41,State-gov,170924,Masters,14,Married-civ-spouse,Prof-specialty,Husband,White,Male,0,0,40,United-States,<=50K
40,Private,34987,Bachelors,13,Never-married,Sales,Not-in-family,White,Male,0,0,53,United-States,<=50K
45,Private,98092,HS-grad,9,Married-civ-spouse,Sales,Husband,White,Male,0,0,60,United-States,<=50K
19,Private,162621,Some-college,10,Never-married,Tech-support,Own-child,White,Male,0,0,14,United-States,<=50K
18,Private,301867,HS-grad,9,Never-married,Sales,Own-child,Amer-Indian-Eskimo,Female,0,0,20,United-States,<=50K
57,Private,190488,11th,7,Married-civ-spouse,Craft-repair,Husband,White,Male,0,0,40,United-States,>50K.
52,State-gov,21764,Some-college,10,Married-civ-spouse,Exec-managerial,Husband,White,Male,0,0,60,United-States,>50K.
49,Self-emp-inc,120121,Bachelors,13,Married-civ-spouse,Exec-managerial,Husband,White,Male,0,0,50,United-States,>50K.
48,Private,368561,Bachelors,13,Married-civ-spouse,Sales,Husband,White,Male,0,1902,37,United-States,>50K.
38,Self-emp-inc,257250,HS-grad,9,Never-married,Farming-fishing,Not-in-family,White,Male,0,0,50,United-States,<=50K
43,Private,301007,Masters,14,Married-civ-spouse,Exec-managerial,Husband,White,Male,7298,0,50,United-States,>50K.
51,Private,133461,Some-college,10,Married-civ-spouse,Exec-managerial,Husband,White,Male,0,0,40,United-States,<=50K
73,Private,153127,Some-college,10,Widowed,Priv-house-serv,Unmarried,White,Female,0,0,10,United-States,<=50K
50,Private,44116,HS-grad,9,Divorced,Craft-repair,Unmarried,White,Female,0,0,40,United-States,<=50K
30,Private,149531,Some-college,10,Married-civ-spouse,Sales,Husband,White,Male,0,0,40,United-States,<=50K
35,Self-emp-inc,237713,Prof-school,15,Married-civ-spouse,Prof-specialty,Husband,White,Male,0,0,50,United-States,>50K.
46,Local-gov,200727,Masters,14,Married-civ-spouse,Prof-specialty,Husband,White,Male,0,0,50,United-States,>50K.
42,Self-emp-inc,190044,Assoc-voc,11,Married-civ-spouse,Exec-managerial,Husband,White,Male,7298,0,52,United-States,>50K.
55,Private,201112,HS-grad,9,Divorced,Prof-specialty,Unmarried,Black,Female,0,0,40,United-States,<=50K
20,Private,281356,HS-grad,9,Married-civ-spouse,Handlers-cleaners,Husband,Other,Male,0,0,40,United-States,<=50K
22,Private,204226,HS-grad,9,Never-married,Exec-managerial,Own-child,White,Female,0,0,40,United-States,<=50K
36,Private,101192,HS-grad,9,Married-civ-spouse,Craft-repair,Husband,White,Male,0,0,40,United-States,>50K.
19,Private,183258,Some-college,10,Never-married,Adm-clerical,Own-child,White,Male,0,0,40,United-States,<=50K
52,Federal-gov,125796,HS-grad,9,Never-married,Adm-clerical,Not-in-family,Black,Male,0,0,40,United-States,<=50K
62,Local-gov,33365,HS-grad,9,Widowed,Other-service,Not-in-family,White,Female,0,0,40,Canada,<=50K
47,Self-emp-not-inc,148738,7th-8th,4,Married-civ-spouse,Farming-fishing,Husband,White,Male,0,0,72,United-States,>50K.
18,?,279288,10th,6,Never-married,?,Other-relative,White,Female,0,0,30,United-States,<=50K
29,Private,334221,Some-college,10,Never-married,Other-service,Not-in-family,White,Female,0,0,18,United-States,<=50K
47,Private,73064,7th-8th,4,Married-civ-spouse,Machine-op-inspct,Wife,Black,Female,0,0,35,United-States,<=50K
51,Self-emp-inc,254230,Some-college,10,Married-civ-spouse,Exec-managerial,Husband,White,Male,0,1977,58,United-States,>50K.
49,Self-emp-not-inc,393691,Some-college,10,Married-civ-spouse,Prof-specialty,Husband,White,Male,0,0,40,United-States,>50K.
32,Private,360689,Bachelors,13,Married-civ-spouse,Prof-specialty,Husband,White,Male,0,0,40,United-States,>50K.
54,Private,286989,Preschool,1,Married-civ-spouse,Farming-fishing,Husband,White,Male,0,0,60,United-States,<=50K
51,Private,138852,HS-grad,9,Married-civ-spouse,Tech-support,Husband,White,Male,0,0,40,United-States,<=50K
58,Private,101338,HS-grad,9,Married-civ-spouse,Craft-repair,Husband,White,Male,0,0,40,Greece,>50K.
52,Private,169182,9th,5,Widowed,Other-service,Not-in-family,White,Female,0,0,25,Puerto-Rico,<=50K
24,Private,169532,Assoc-acdm,12,Never-married,Adm-clerical,Own-child,White,Female,0,0,15,United-States,<=50K
37,Private,184556,Some-college,10,Divorced,Tech-support,Unmarried,White,Female,0,0,40,United-States,<=50K
35,Local-gov,191779,Some-college,10,Married-civ-spouse,Craft-repair,Husband,White,Male,0,0,40,United-States,>50K.
25,Private,178025,Masters,14,Married-civ-spouse,Prof-specialty,Husband,White,Male,0,0,40,United-States,<=50K
55,Private,179534,11th,7,Widowed,Handlers-cleaners,Unmarried,White,Female,0,0,40,United-States,<=50K
43,Private,236936,HS-grad,9,Divorced,Exec-managerial,Unmarried,White,Female,0,0,47,United-States,>50K.
52,Private,176240,Bachelors,13,Married-civ-spouse,Exec-managerial,Husband,White,Male,0,0,40,United-States,>50K.
37,Local-gov,156261,Masters,14,Married-civ-spouse,Prof-specialty,Wife,White,Female,0,0,50,United-States,>50K.
34,Private,169583,Masters,14,Never-married,Exec-managerial,Not-in-family,White,Female,0,0,50,United-States,>50K.
59,Private,194573,12th,8,Married-civ-spouse,Machine-op-inspct,Husband,Black,Male,0,0,40,United-States,>50K.
18,Self-emp-not-inc,132986,HS-grad,9,Never-married,Farming-fishing,Own-child,White,Male,0,0,40,United-States,<=50K
26,Private,82488,Masters,14,Never-married,Prof-specialty,Own-child,Asian-Pac-Islander,Female,0,0,40,Philippines,>50K.
30,Private,342709,HS-grad,9,Married-spouse-absent,Craft-repair,Other-relative,White,Male,0,0,40,United-States,<=50K
43,Private,162003,Some-college,10,Divorced,Machine-op-inspct,Not-in-family,White,Male,0,0,40,United-States,<=50K
36,Private,31438,HS-grad,9,Divorced,Transport-moving,Unmarried,White,Male,0,0,43,?,<=50K
35,Private,165007,Assoc-voc,11,Married-civ-spouse,Craft-repair,Husband,White,Male,4386,0,42,United-States,>50K.
33,State-gov,150688,Doctorate,16,Married-civ-spouse,Prof-specialty,Husband,Asian-Pac-Islander,Male,0,0,50,India,>50K.
27,Private,178564,Some-college,10,Never-married,Adm-clerical,Own-child,White,Male,0,0,30,United-States,<=50K
46,Private,59287,Some-college,10,Married-civ-spouse,Craft-repair,Husband,White,Male,0,0,40,United-States,<=50K
29,Private,393829,HS-grad,9,Married-civ-spouse,Craft-repair,Husband,White,Male,0,0,50,United-States,>50K.
43,Local-gov,212206,Assoc-voc,11,Married-civ-spouse,Adm-clerical,Wife,White,Female,0,0,40,United-States,>50K.
29,Private,244246,Bachelors,13,Never-married,Sales,Not-in-family,White,Male,8614,0,50,United-States,>50K.
63,Private,298699,Assoc-acdm,12,Married-civ-spouse,Exec-managerial,Husband,White,Male,0,0,40,United-States,>50K.
45,?,28359,HS-grad,9,Separated,?,Unmarried,White,Female,0,0,10,United-States,<=50K
53,Private,168723,Assoc-acdm,12,Married-civ-spouse,Tech-support,Husband,White,Male,0,0,40,United-States,>50K.
46,Private,165402,HS-grad,9,Married-civ-spouse,Craft-repair,Wife,White,Female,5178,0,40,United-States,>50K.
51,Private,88856,Masters,14,Married-civ-spouse,Exec-managerial,Husband,White,Male,0,2415,40,United-States,>50K.
45,Private,343377,Some-college,10,Married-civ-spouse,Adm-clerical,Husband,White,Male,0,0,40,United-States,<=50K
35,Private,179481,Bachelors,13,Married-civ-spouse,Exec-managerial,Husband,White,Male,0,0,60,United-States,>50K.
41,Private,115411,Some-college,10,Divorced,Sales,Own-child,White,Male,2174,0,45,United-States,<=50K
30,State-gov,107142,Bachelors,13,Married-civ-spouse,Prof-specialty,Husband,White,Male,0,0,37,United-States,>50K.
23,Private,56774,HS-grad,9,Never-married,Craft-repair,Own-child,White,Male,0,0,40,United-States,<=50K
31,Private,441949,Some-college,10,Married-civ-spouse,Tech-support,Husband,White,Male,0,0,40,Mexico,>50K.
30,Private,145714,Assoc-voc,11,Never-married,Prof-specialty,Not-in-family,White,Male,0,0,40,United-States,<=50K
24,Private,157894,Some-college,10,Never-married,Handlers-cleaners,Own-child,Black,Male,0,0,40,United-States,<=50K
50,Private,185846,HS-grad,9,Married-civ-spouse,Sales,Husband,White,Male,0,0,40,United-States,<=50K
49,Private,28171,HS-grad,9,Divorced,Tech-support,Not-in-family,White,Male,4787,0,40,United-States,>50K.
42,Private,256813,Some-college,10,Never-married,Exec-managerial,Not-in-family,White,Male,0,0,40,United-States,>50K.
28,Self-emp-not-inc,38079,Some-college,10,Married-civ-spouse,Farming-fishing,Husband,White,Male,0,0,55,United-States,<=50K
28,Private,101774,Some-college,10,Married-civ-spouse,Exec-managerial,Husband,White,Male,0,1848,50,United-States,>50K.
53,Self-emp-inc,233149,Assoc-acdm,12,Married-civ-spouse,Transport-moving,Husband,White,Male,0,0,45,United-States,>50K.
47,Private,159550,HS-grad,9,Divorced,Adm-clerical,Not-in-family,Black,Female,0,0,40,United-States,<=50K
17,Private,205726,11th,7,Never-married,Sales,Own-child,White,Female,0,0,15,United-States,<=50K
51,Private,178693,Bachelors,13,Married-civ-spouse,Sales,Husband,White,Male,0,0,50,United-States,>50K.
39,Private,161295,Assoc-acdm,12,Divorced,Adm-clerical,Unmarried,White,Female,0,0,40,United-States,>50K.
20,?,162667,11th,7,Never-married,?,Unmarried,White,Male,0,0,40,El-Salvador,<=50K
39,Private,312271,Some-college,10,Married-civ-spouse,Exec-managerial,Husband,White,Male,0,0,50,United-States,>50K.
45,Self-emp-not-inc,114396,Bachelors,13,Divorced,Prof-specialty,Not-in-family,White,Male,0,0,35,United-States,<=50K
49,Private,174426,Some-college,10,Married-civ-spouse,Sales,Husband,White,Male,0,1977,50,United-States,>50K.
37,Private,193855,HS-grad,9,Married-civ-spouse,Transport-moving,Husband,White,Male,0,0,45,United-States,<=50K
36,Private,389725,Bachelors,13,Married-civ-spouse,Tech-support,Husband,White,Male,7298,0,40,Germany,>50K.
58,Private,179715,Bachelors,13,Married-civ-spouse,Prof-specialty,Husband,White,Male,0,0,47,United-States,>50K.
55,Self-emp-inc,183884,HS-grad,9,Married-civ-spouse,Exec-managerial,Husband,White,Male,0,0,50,United-States,>50K.
33,Private,278736,Assoc-voc,11,Married-civ-spouse,Machine-op-inspct,Husband,White,Male,0,0,50,United-States,<=50K
63,Private,76286,Masters,14,Married-civ-spouse,Prof-specialty,Husband,Other,Male,0,0,40,India,>50K.
19,Self-emp-not-inc,67929,Some-college,10,Never-married,Farming-fishing,Own-child,White,Male,0,0,50,United-States,<=50K
20,?,210781,Some-college,10,Never-married,?,Own-child,White,Female,0,0,10,United-States,<=50K
34,Private,182177,HS-grad,9,Divorced,Craft-repair,Not-in-family,White,Male,3325,0,35,United-States,<=50K
56,Private,364899,Doctorate,16,Married-civ-spouse,Prof-specialty,Husband,White,Male,7688,0,65,United-States,>50K.
32,Federal-gov,97614,Some-college,10,Never-married,Exec-managerial,Not-in-family,White,Male,0,0,40,United-States,<=50K
26,Private,193304,HS-grad,9,Married-civ-spouse,Craft-repair,Husband,White,Male,0,0,40,United-States,<=50K
67,Private,197816,Some-college,10,Married-civ-spouse,Sales,Husband,White,Male,0,1844,70,United-States,<=50K
43,Local-gov,67243,Bachelors,13,Married-civ-spouse,Protective-serv,Husband,White,Male,0,0,45,United-States,>50K.
35,Private,152375,HS-grad,9,Never-married,Sales,Not-in-family,White,Male,0,0,45,United-States,<=50K
35,?,333305,Some-college,10,Married-civ-spouse,?,Own-child,White,Female,0,0,40,United-States,<=50K
59,Federal-gov,101626,HS-grad,9,Married-civ-spouse,Adm-clerical,Husband,White,Male,0,0,45,United-States,>50K.
60,Local-gov,232769,11th,7,Married-civ-spouse,Transport-moving,Husband,White,Male,0,0,20,United-States,<=50K
20,Private,122649,HS-grad,9,Never-married,Other-service,Not-in-family,White,Female,0,0,30,United-States,<=50K
50,Local-gov,145879,Masters,14,Married-civ-spouse,Prof-specialty,Husband,White,Male,7688,0,40,United-States,>50K.
38,Private,203836,Assoc-voc,11,Married-civ-spouse,Handlers-cleaners,Husband,White,Male,0,0,48,United-States,>50K.
71,Self-emp-not-inc,139889,11th,7,Married-civ-spouse,Exec-managerial,Husband,White,Male,0,0,75,United-States,>50K.
51,Private,171924,HS-grad,9,Married-civ-spouse,Craft-repair,Husband,White,Male,7688,0,50,United-States,>50K.
58,Private,206814,Bachelors,13,Married-civ-spouse,Adm-clerical,Husband,White,Male,7688,0,50,United-States,>50K.
30,Private,35644,11th,7,Married-civ-spouse,Handlers-cleaners,Husband,White,Male,0,0,50,United-States,<=50K
50,Private,178946,Masters,14,Married-civ-spouse,Prof-specialty,Husband,White,Male,0,0,50,United-States,>50K.
54,Private,192226,Bachelors,13,Married-civ-spouse,Exec-managerial,Husband,White,Male,0,0,55,United-States,>50K.
26,Private,118497,HS-grad,9,Married-civ-spouse,Transport-moving,Husband,White,Male,0,0,50,United-States,<=50K
36,Private,174242,Prof-school,15,Married-civ-spouse,Prof-specialty,Husband,White,Male,7298,0,50,United-States,>50K.
38,Self-emp-inc,188069,Bachelors,13,Married-civ-spouse,Sales,Husband,White,Male,15024,0,40,United-States,>50K.
38,Private,234962,HS-grad,9,Married-civ-spouse,Handlers-cleaners,Husband,White,Male,2829,0,30,Mexico,<=50K
47,Private,172155,Some-college,10,Married-civ-spouse,Exec-managerial,Husband,White,Male,0,0,37,Ecuador,>50K.
31,Private,369825,7th-8th,4,Never-married,Handlers-cleaners,Other-relative,White,Male,0,0,25,United-States,<=50K
36,Private,273604,Bachelors,13,Never-married,Other-service,Not-in-family,White,Female,0,0,40,United-States,<=50K
37,State-gov,46814,Bachelors,13,Never-married,Prof-specialty,Not-in-family,White,Male,0,0,38,United-States,<=50K
47,Local-gov,97419,Bachelors,13,Divorced,Prof-specialty,Not-in-family,Black,Female,0,0,40,United-States,<=50K
63,Self-emp-not-inc,124015,Masters,14,Separated,Prof-specialty,Not-in-family,White,Male,0,0,40,United-States,>50K.
36,?,28160,HS-grad,9,Divorced,?,Not-in-family,White,Female,0,0,40,United-States,<=50K
33,Local-gov,119829,HS-grad,9,Married-civ-spouse,Adm-clerical,Wife,White,Female,0,0,60,United-States,<=50K
47,Private,184169,Masters,14,Divorced,Prof-specialty,Unmarried,White,Female,0,0,40,United-States,>50K.
50,?,156008,11th,7,Married-civ-spouse,?,Own-child,Black,Female,0,0,40,United-States,<=50K
48,Federal-gov,277946,Some-college,10,Married-civ-spouse,Craft-repair,Husband,White,Male,0,0,40,United-States,>50K.
46,,427055,Some-college,10,Divorced,,Not-in-family,White,Male,0,0,40,United-States,>50K.
44,Private,96129,Bachelors,13,Married-civ-spouse,Exec-managerial,Husband,White,Male,0,0,40,United-States,>50K.
51,Private,76044,Masters,14,Divorced,Prof-specialty,Unmarried,Other,Male,4787,0,35,Mexico,>50K.
51,Private,91506,HS-grad,9,Married-civ-spouse,Transport-moving,Husband,White,Male,7688,0,40,United-States,>50K.
31,Private,364657,Some-college,10,Married-civ-spouse,Adm-clerical,Husband,White,Male,0,0,45,United-States,>50K.
38,Local-gov,316470,Bachelors,13,Married-civ-spouse,Prof-specialty,Husband,White,Male,0,0,40,United-States,>50K.
27,Private,213225,Bachelors,13,Married-civ-spouse,Prof-specialty,Wife,White,Female,7298,0,45,England,>50K.
36,Private,218542,HS-grad,9,Separated,Adm-clerical,Unmarried,Black,Female,0,0,40,United-States,<=50K
38,Private,53930,10th,6,Never-married,Craft-repair,Not-in-family,Black,Male,0,0,40,?,<=50K
41,Private,324629,Bachelors,13,Married-civ-spouse,Exec-managerial,Husband,White,Male,0,0,40,Yugoslavia,<=50K
52,Private,102828,Bachelors,13,Married-civ-spouse,Exec-managerial,Husband,White,Male,0,0,40,United-States,>50K.
33,Private,188352,Masters,14,Never-married,Prof-specialty,Not-in-family,Black,Male,0,0,50,United-States,<=50K
21,?,140012,Some-college,10,Never-married,?,Own-child,White,Male,0,0,20,United-States,<=50K
21,Private,335570,Some-college,10,Never-married,Machine-op-inspct,Own-child,White,Male,0,0,30,?,<=50K
32,Private,53373,Some-college,10,Married-civ-spouse,Craft-repair,Husband,White,Male,0,0,36,United-States,<=50K
20,Private,243178,HS-grad,9,Never-married,Handlers-cleaners,Own-child,White,Male,0,0,28,United-States,<=50K
49,Self-emp-not-inc,59612,10th,6,Divorced,Farming-fishing,Unmarried,White,Male,0,0,70,United-States,<=50K
57,Private,144012,Bachelors,13,Married-civ-spouse,Exec-managerial,Husband,White,Male,0,0,40,United-States,>50K.
42,Private,388725,Masters,14,Divorced,Sales,Not-in-family,White,Male,0,0,50,United-States,>50K.
55,Private,322691,Masters,14,Widowed,Exec-managerial,Own-child,White,Male,0,0,62,United-States,>50K.
36,Private,292570,11th,7,Never-married,Machine-op-inspct,Unmarried,White,Female,0,0,40,United-States,<=50K
77,Private,142646,7th-8th,4,Widowed,Priv-house-serv,Unmarried,White,Female,0,0,23,United-States,<=50K
35,Private,100375,Assoc-acdm,12,Married-civ-spouse,Sales,Husband,White,Male,0,1887,45,United-States,>50K.
53,Private,95864,HS-grad,9,Never-married,Adm-clerical,Other-relative,White,Male,0,0,35,United-States,<=50K
51,Private,179646,HS-grad,9,Divorced,Adm-clerical,Unmarried,White,Female,0,0,40,United-States,<=50K
35,Self-emp-inc,189404,Some-college,10,Married-civ-spouse,Sales,Husband,White,Male,0,1740,40,United-States,<=50K
39,State-gov,141420,Some-college,10,Married-civ-spouse,Protective-serv,Husband,White,Male,0,0,40,United-States,<=50K
40,Private,52849,Bachelors,13,Married-civ-spouse,Exec-managerial,Husband,White,Male,0,0,50,,>50K.
44,Private,151294,Some-college,10,Widowed,Sales,Not-in-family,White,Female,0,0,25,United-States,<=50K
38,Private,31603,Bachelors,13,Married-civ-spouse,Craft-repair,Wife,White,Female,0,0,40,United-States,<=50K
51,Private,335997,HS-grad,9,Married-civ-spouse,Craft-repair,Husband,White,Male,0,1902,40,United-States,>50K.
36,Private,218729,Some-college,10,Married-civ-spouse,Adm-clerical,Own-child,White,Female,0,0,30,United-States,>50K.
36,Private,49115,Assoc-acdm,12,Married-civ-spouse,Exec-managerial,Husband,White,Male,7688,0,44,United-States,>50K.
49,Private,144396,11th,7,Divorced,Exec-managerial,Not-in-family,White,Female,0,0,38,United-States,<=50K
35,Private,250988,Bachelors,13,Married-civ-spouse,Sales,Husband,White,Male,0,0,40,United-States,>50K.
32,State-gov,316589,Masters,14,Married-civ-spouse,Exec-managerial,Husband,White,Male,0,0,40,United-States,>50K.
23,Private,216639,Bachelors,13,Never-married,Tech-support,Not-in-family,White,Female,0,0,40,United-States,<=50K
24,Private,450695,Some-college,10,Never-married,Sales,Own-child,White,Male,0,0,35,United-States,<=50K
40,Private,85019,Doctorate,16,Married-civ-spouse,Prof-specialty,Husband,Asian-Pac-Islander,Male,0,0,45,,>50K.
57,Private,250201,11th,7,Married-civ-spouse,Other-service,Husband,White,Male,0,0,52,United-States,<=50K
43,Private,243476,HS-grad,9,Divorced,Tech-support,Not-in-family,White,Female,0,0,40,United-States,<=50K
75,Self-emp-not-inc,165968,Assoc-voc,11,Widowed,Exec-managerial,Not-in-family,White,Female,0,0,30,United-States,<=50K
57,Self-emp-inc,212600,Bachelors,13,Married-civ-spouse,Exec-managerial,Husband,White,Male,0,1977,40,United-States,>50K.
36,Self-emp-inc,192251,Some-college,10,Married-civ-spouse,Sales,Wife,White,Female,0,1902,15,United-States,>50K.
25,State-gov,218184,Bachelors,13,Never-married,Protective-serv,Not-in-family,Black,Female,0,0,40,United-States,<=50K
59,Self-emp-inc,110457,Bachelors,13,Married-civ-spouse,Exec-managerial,Husband,White,Male,0,0,50,United-States,>50K.
42,Self-emp-inc,204033,Bachelors,13,Married-civ-spouse,Adm-clerical,Wife,White,Female,0,0,35,?,<=50K
37,Federal-gov,254202,Masters,14,Never-married,Exec-managerial,Not-in-family,White,Female,27828,0,50,United-States,>50K.
28,Private,261278,Assoc-voc,11,Never-married,Tech-support,Not-in-family,Black,Female,0,0,40,United-States,<=50K
53,Private,203967,Prof-school,15,Married-civ-spouse,Prof-specialty,Husband,White,Male,0,1887,40,United-States,>50K.
38,Self-emp-not-inc,217054,Some-college,10,Divorced,Farming-fishing,Not-in-family,White,Male,0,0,40,United-States,<=50K
30,?,205418,HS-grad,9,Married-civ-spouse,?,Wife,White,Female,0,0,20,United-States,<=50K
63,Private,134699,HS-grad,9,Widowed,Prof-specialty,Not-in-family,White,Female,0,0,25,United-States,<=50K
34,State-gov,49325,Bachelors,13,Married-civ-spouse,Prof-specialty,Husband,White,Male,0,0,40,United-States,>50K.
28,Private,115677,Bachelors,13,Married-civ-spouse,Sales,Husband,White,Male,7688,0,40,United-States,>50K.
36,Private,119957,Bachelors,13,Separated,Other-service,Unmarried,Black,Female,0,0,35,United-States,<=50K
27,Private,183639,HS-grad,9,Never-married,Transport-moving,Own-child,White,Male,0,0,40,United-States,<=50K
32,Private,235847,Some-college,10,Never-married,Exec-managerial,Other-relative,White,Female,0,0,50,United-States,<=50K
34,Private,245211,Masters,14,Married-civ-spouse,Machine-op-inspct,Husband,White,Male,0,0,40,Poland,>50K.
27,Private,410351,HS-grad,9,Married-civ-spouse,Craft-repair,Husband,White,Male,0,0,40,United-States,<=50K
44,Private,110028,HS-grad,9,Divorced,Sales,Not-in-family,White,Male,27828,0,60,United-States,>50K.
50,Private,158284,Some-college,10,Married-civ-spouse,Machine-op-inspct,Husband,White,Male,0,0,40,United-States,<=50K
56,Private,105281,HS-grad,9,Widowed,Sales,Not-in-family,White,Female,0,1974,40,United-States,<=50K
34,Private,154120,Masters,14,Married-civ-spouse,Exec-managerial,Husband,White,Male,15024,0,60,United-States,>50K.
48,Federal-gov,33084,Bachelors,13,Married-civ-spouse,Protective-serv,Husband,White,Male,0,0,50,United-States,>50K.
60,?,290593,Masters,14,Married-civ-spouse,?,Husband,White,Male,0,0,40,United-States,<=50K
72,?,188009,7th-8th,4,Divorced,?,Not-in-family,White,Male,0,0,30,United-States,<=50K
37,Private,167482,10th,6,Never-married,Craft-repair,Own-child,White,Male,0,0,35,United-States,<=50K
47,Federal-gov,382532,Some-college,10,Married-civ-spouse,Craft-repair,Husband,White,Male,0,1887,40,United-States,>50K.
34,Private,212064,HS-grad,9,Separated,Adm-clerical,Unmarried,White,Female,7443,0,35,United-States,<=50K
24,Private,215712,Some-college,10,Never-married,Other-service,Not-in-family,White,Male,0,0,35,United-States,<=50K
45,Self-emp-inc,192835,Bachelors,13,Married-civ-spouse,Exec-managerial,Husband,White,Male,0,0,45,United-States,>50K.
38,Private,289653,Bachelors,13,Divorced,Sales,Unmarried,White,Male,0,0,45,United-States,>50K.
22,Private,446140,HS-grad,9,Never-married,Sales,Own-child,White,Male,0,0,55,United-States,<=50K
43,Private,62857,Some-college,10,Married-civ-spouse,Craft-repair,Husband,White,Male,0,0,60,United-States,<=50K
29,Private,116613,Bachelors,13,Never-married,Adm-clerical,Own-child,White,Female,0,0,40,Portugal,<=50K
33,Private,309582,Some-college,10,Married-civ-spouse,Transport-moving,Husband,Black,Male,7298,0,50,United-States,>50K.
51,Private,197600,Bachelors,13,Married-civ-spouse,Exec-managerial,Husband,White,Male,0,0,50,United-States,>50K.
29,Local-gov,273771,Masters,14,Never-married,Prof-specialty,Not-in-family,White,Male,0,0,45,United-States,<=50K
37,Private,426350,Bachelors,13,Married-civ-spouse,Sales,Husband,White,Male,15024,0,40,United-States,>50K.
27,Private,240172,Bachelors,13,Married-spouse-absent,Adm-clerical,Not-in-family,White,Male,0,0,40,United-States,<=50K
34,Private,100882,Bachelors,13,Married-civ-spouse,Sales,Husband,White,Male,0,0,47,United-States,>50K.
55,Private,53481,Bachelors,13,Married-civ-spouse,Sales,Husband,White,Male,0,0,15,United-States,>50K.
38,Self-emp-inc,148287,Masters,14,Married-civ-spouse,Exec-managerial,Husband,White,Male,0,0,60,United-States,>50K.
59,Private,159770,Assoc-acdm,12,Married-civ-spouse,Exec-managerial,Husband,White,Male,0,0,40,United-States,>50K.
47,Private,169180,Masters,14,Never-married,Prof-specialty,Not-in-family,White,Female,0,0,35,United-States,<=50K
24,Private,186221,11th,7,Divorced,Sales,Unmarried,White,Female,0,0,35,United-States,<=50K
45,Local-gov,308275,Bachelors,13,Married-civ-spouse,Exec-managerial,Husband,Black,Male,7688,0,65,United-States,>50K.
52,Private,210736,HS-grad,9,Married-civ-spouse,Tech-support,Husband,White,Male,0,0,40,United-States,>50K.
31,Private,87535,Some-college,10,Never-married,Machine-op-inspct,Not-in-family,White,Female,0,0,25,United-States,<=50K
56,Private,258579,Masters,14,Married-civ-spouse,Exec-managerial,Husband,White,Male,0,0,50,United-States,>50K.
50,Local-gov,24013,Masters,14,Married-civ-spouse,Exec-managerial,Husband,White,Male,0,0,55,United-States,>50K.
36,Private,33157,Some-college,10,Married-civ-spouse,Exec-managerial,Husband,White,Male,0,0,50,United-States,>50K.
42,Private,32016,Assoc-voc,11,Married-civ-spouse,Tech-support,Husband,White,Male,7298,0,40,United-States,>50K.
27,Private,236246,Assoc-acdm,12,Married-civ-spouse,Exec-managerial,Husband,White,Male,0,0,40,United-States,<=50K
34,Private,101709,HS-grad,9,Separated,Transport-moving,Not-in-family,Asian-Pac-Islander,Male,0,0,40,United-States,<=50K
51,Private,110458,Bachelors,13,Separated,Prof-specialty,Not-in-family,White,Male,0,0,40,United-States,<=50K
64,Private,240357,HS-grad,9,Widowed,Adm-clerical,Not-in-family,White,Female,0,0,40,United-States,>50K.
57,Private,81973,Bachelors,13,Married-civ-spouse,Sales,Husband,Asian-Pac-Islander,Male,15024,0,45,United-States,>50K.
28,Private,221452,HS-grad,9,Never-married,Adm-clerical,Not-in-family,White,Male,0,0,40,United-States,<=50K
27,Private,91501,HS-grad,9,Married-civ-spouse,Tech-support,Wife,White,Female,0,0,40,United-States,<=50K
55,Private,173832,Masters,14,Divorced,Sales,Not-in-family,White,Male,10520,0,40,United-States,>50K.
29,Private,199411,Assoc-voc,11,Married-civ-spouse,Prof-specialty,Husband,White,Male,0,0,40,United-States,>50K.
38,Private,296999,Bachelors,13,Never-married,Exec-managerial,Not-in-family,White,Female,0,0,70,United-States,<=50K
34,Private,108837,Bachelors,13,Married-civ-spouse,Tech-support,Husband,White,Male,0,0,48,United-States,>50K.
38,Private,44780,Bachelors,13,Married-civ-spouse,Sales,Wife,White,Female,0,0,8,United-States,>50K.
36,Private,151764,Some-college,10,Married-civ-spouse,Sales,Husband,White,Male,5178,0,40,United-States,>50K.
73,Private,35370,Bachelors,13,Divorced,Exec-managerial,Unmarried,White,Female,0,0,40,United-States,>50K.
46,Private,180505,HS-grad,9,Married-civ-spouse,Machine-op-inspct,Husband,Black,Male,0,0,40,United-States,<=50K
32,Private,302845,HS-grad,9,Married-civ-spouse,Exec-managerial,Wife,White,Female,0,0,48,United-States,<=50K
43,Self-emp-inc,342510,Bachelors,13,Married-civ-spouse,Farming-fishing,Wife,White,Female,0,0,60,United-States,>50K.
37,Private,116960,HS-grad,9,Married-civ-spouse,Protective-serv,Husband,White,Male,0,0,40,United-States,>50K.
44,Private,230478,Assoc-acdm,12,Divorced,Exec-managerial,Not-in-family,White,Male,0,0,60,United-States,>50K.
50,State-gov,137815,Bachelors,13,Married-civ-spouse,Craft-repair,Husband,White,Male,0,0,40,United-States,>50K.
37,Private,468713,Some-college,10,Married-civ-spouse,Adm-clerical,Husband,White,Male,0,0,40,United-States,<=50K
40,Private,199303,HS-grad,9,Married-civ-spouse,Adm-clerical,Husband,White,Male,0,0,40,United-States,<=50K
54,Local-gov,217210,Masters,14,Married-civ-spouse,Prof-specialty,Wife,Black,Female,0,1887,38,United-States,>50K.
24,Private,122166,Some-college,10,Never-married,Adm-clerical,Own-child,White,Female,0,0,40,Iran,<=50K
62,?,139391,Some-college,10,Married-civ-spouse,?,Husband,White,Male,0,0,24,United-States,<=50K
47,Private,209212,9th,5,Married-civ-spouse,Machine-op-inspct,Husband,Black,Male,0,0,56,?,<=50K
46,Private,168441,Some-college,10,Married-civ-spouse,Craft-repair,Husband,White,Male,0,0,45,United-States,>50K.
56,Private,284701,Bachelors,13,Married-civ-spouse,Adm-clerical,Wife,White,Female,0,0,40,United-States,>50K.
42,Private,111895,Some-college,10,Married-civ-spouse,Craft-repair,Husband,White,Male,0,1887,40,United-States,>50K.
23,Private,220168,HS-grad,9,Never-married,Sales,Other-relative,Black,Female,0,0,25,Jamaica,<=50K
48,Private,336540,HS-grad,9,Married-civ-spouse,Sales,Husband,White,Male,0,0,40,United-States,<=50K
40,Private,198270,Some-college,10,Divorced,Other-service,Not-in-family,White,Female,0,0,40,United-States,<=50K
26,Local-gov,176756,HS-grad,9,Married-civ-spouse,Tech-support,Husband,White,Male,0,0,75,United-States,>50K.
36,Private,423711,HS-grad,9,Married-civ-spouse,Machine-op-inspct,Husband,White,Male,0,0,45,United-States,<=50K
43,Private,119721,Bachelors,13,Married-civ-spouse,Exec-managerial,Husband,White,Male,0,0,40,United-States,<=50K
40,Private,55567,Bachelors,13,Married-civ-spouse,Prof-specialty,Wife,White,Female,0,0,40,United-States,>50K.
35,Private,67728,Some-college,10,Married-civ-spouse,Craft-repair,Husband,White,Male,0,2051,45,United-States,<=50K
56,Self-emp-not-inc,78090,Some-college,10,Divorced,Sales,Unmarried,White,Female,0,0,48,United-States,<=50K
67,Private,126361,11th,7,Married-civ-spouse,Other-service,Husband,Black,Male,0,0,9,United-States,>50K.
40,Private,182140,HS-grad,9,Separated,Transport-moving,Unmarried,Black,Male,0,0,40,United-States,<=50K
28,Private,134890,HS-grad,9,Married-civ-spouse,Craft-repair,Husband,White,Male,0,0,40,United-States,>50K.
48,State-gov,77102,Doctorate,16,Married-civ-spouse,Prof-specialty,Husband,White,Male,0,0,45,United-States,>50K.
35,Private,407068,1st-4th,2,Married-spouse-absent,Other-service,Not-in-family,White,Male,0,0,40,Guatemala,<=50K
26,Private,365289,HS-grad,9,Divorced,Machine-op-inspct,Not-in-family,White,Male,0,0,40,United-States,<=50K
43,Private,227065,HS-grad,9,Never-married,Prof-specialty,Not-in-family,White,Male,4650,0,40,United-States,<=50K
37,State-gov,241633,Bachelors,13,Married-civ-spouse,Adm-clerical,Wife,Black,Female,0,0,45,United-States,>50K.
21,Private,56520,Some-college,10,Never-married,Adm-clerical,Own-child,White,Male,0,0,40,United-States,<=50K
24,State-gov,147253,Some-college,10,Never-married,Tech-support,Not-in-family,White,Male,0,0,50,United-States,<=50K
37,Private,38948,HS-grad,9,Married-civ-spouse,Machine-op-inspct,Husband,White,Male,0,0,40,United-States,>50K.
53,Private,178356,Assoc-acdm,12,Married-civ-spouse,Exec-managerial,Husband,White,Male,2407,0,99,United-States,<=50K
42,Private,143069,HS-grad,9,Married-civ-spouse,Craft-repair,Husband,White,Male,0,0,60,United-States,>50K.
41,Private,115323,Some-college,10,Married-civ-spouse,Sales,Husband,White,Male,0,0,40,United-States,>50K.
51,Private,229259,Bachelors,13,Married-civ-spouse,Exec-managerial,Husband,White,Male,0,0,45,United-States,>50K.
36,Private,186819,Assoc-acdm,12,Married-civ-spouse,Tech-support,Husband,White,Male,0,0,40,United-States,>50K.
52,Local-gov,182856,Masters,14,Never-married,Prof-specialty,Not-in-family,White,Male,10520,0,45,United-States,>50K.
59,Private,193895,Some-college,10,Widowed,Adm-clerical,Not-in-family,White,Female,0,0,35,United-States,<=50K
50,Private,113176,HS-grad,9,Divorced,Adm-clerical,Not-in-family,White,Female,0,0,40,United-States,<=50K
34,Private,511361,Some-college,10,Never-married,Other-service,Own-child,Black,Male,0,0,40,United-States,<=50K
55,Self-emp-inc,147098,HS-grad,9,Divorced,Exec-managerial,Unmarried,White,Male,0,2444,60,United-States,>50K.
32,Private,358655,Masters,14,Divorced,Sales,Not-in-family,White,Female,0,0,50,United-States,>50K.
35,Private,153535,HS-grad,9,Divorced,Handlers-cleaners,Unmarried,Black,Female,0,0,36,United-States,<=50K
47,Private,150429,Some-college,10,Married-civ-spouse,Craft-repair,Husband,Amer-Indian-Eskimo,Male,0,0,50,United-States,>50K.
28,Private,125527,Some-college,10,Never-married,Sales,Not-in-family,White,Male,0,0,50,United-States,<=50K
53,Local-gov,222381,Masters,14,Married-civ-spouse,Exec-managerial,Husband,White,Male,0,0,40,United-States,>50K.
58,Private,106740,HS-grad,9,Married-civ-spouse,Craft-repair,Husband,White,Male,0,0,40,United-States,>50K.
59,Private,176118,Masters,14,Married-civ-spouse,Prof-specialty,Husband,White,Male,0,0,7,United-States,>50K.
26,Private,210812,Some-college,10,Divorced,Craft-repair,Not-in-family,White,Male,0,0,43,United-States,<=50K
37,Private,225504,Masters,14,Never-married,Sales,Not-in-family,White,Male,0,0,50,United-States,<=50K
36,Private,295706,Masters,14,Married-civ-spouse,Exec-managerial,Husband,White,Male,0,0,70,United-States,>50K.
17,Private,34019,11th,7,Never-married,Other-service,Own-child,White,Male,0,0,20,United-States,<=50K
36,Private,131808,HS-grad,9,Married-civ-spouse,Machine-op-inspct,Husband,White,Male,4386,0,40,United-States,>50K.
22,Private,205940,Bachelors,13,Never-married,Exec-managerial,Not-in-family,White,Female,0,0,40,United-States,<=50K
54,Private,266598,Bachelors,13,Married-civ-spouse,Craft-repair,Husband,White,Male,0,0,40,United-States,>50K.
32,State-gov,253354,Masters,14,Married-civ-spouse,Prof-specialty,Husband,White,Male,0,0,50,United-States,<=50K
63,Private,181153,HS-grad,9,Married-civ-spouse,Sales,Husband,White,Male,0,0,50,,>50K.
21,Private,50341,Some-college,10,Never-married,Adm-clerical,Not-in-family,White,Female,0,0,38,United-States,<=50K
47,Private,137354,Some-college,10,Married-civ-spouse,Craft-repair,Husband,Amer-Indian-Eskimo,Male,0,0,40,United-States,<=50K
53,Self-emp-inc,188067,Some-college,10,Widowed,Sales,Unmarried,White,Female,0,0,40,United-States,<=50K
50,Private,183638,HS-grad,9,Widowed,Sales,Unmarried,White,Female,0,0,40,United-States,<=50K
49,Federal-gov,175428,Some-college,10,Married-civ-spouse,Adm-clerical,Husband,White,Male,0,0,40,United-States,>50K.
54,Self-emp-not-inc,99902,Some-college,10,Married-civ-spouse,Craft-repair,Husband,White,Male,0,0,40,Ireland,>50K.
65,Self-emp-not-inc,225473,Some-college,10,Widowed,Craft-repair,Not-in-family,White,Female,0,0,35,United-States,<=50K
47,Private,71221,HS-grad,9,Divorced,Machine-op-inspct,Unmarried,White,Female,0,0,60,United-States,<=50K
49,Self-emp-not-inc,181717,Bachelors,13,Married-civ-spouse,Exec-managerial,Wife,White,Female,0,0,7,United-States,>50K.
40,Private,110862,Bachelors,13,Married-civ-spouse,Sales,Husband,White,Male,0,0,50,United-States,>50K.
40,Private,122215,Assoc-acdm,12,Married-civ-spouse,Sales,Husband,White,Male,0,0,40,United-States,>50K.
23,Private,161708,Assoc-acdm,12,Never-married,Other-service,Own-child,White,Female,0,0,20,United-States,<=50K
50,Private,106422,HS-grad,9,Married-civ-spouse,Sales,Wife,Black,Female,0,1485,37,United-States,>50K.
35,Private,107160,12th,8,Separated,Other-service,Not-in-family,White,Female,0,0,30,United-States,<=50K
31,Private,31600,Bachelors,13,Never-married,Prof-specialty,Not-in-family,White,Female,0,0,40,United-States,<=50K
47,Private,85109,Some-college,10,Never-married,Sales,Not-in-family,White,Male,13550,0,45,United-States,>50K.
25,Local-gov,176162,Assoc-voc,11,Never-married,Protective-serv,Own-child,White,Male,0,0,30,United-States,<=50K
58,Self-emp-not-inc,290670,Bachelors,13,Married-civ-spouse,Exec-managerial,Husband,White,Male,0,0,55,United-States,>50K.
57,Local-gov,199546,Masters,14,Divorced,Other-service,Unmarried,Black,Female,0,0,40,United-States,<=50K
51,Federal-gov,163671,Bachelors,13,Married-civ-spouse,Exec-managerial,Husband,White,Male,0,1902,40,United-States,<=50K
32,Private,116539,Some-college,10,Married-civ-spouse,Craft-repair,Husband,White,Male,0,0,40,United-States,>50K.
45,Private,213140,Masters,14,Married-civ-spouse,Prof-specialty,Husband,White,Male,0,1977,52,United-States,>50K.
30,Private,209768,Assoc-voc,11,Married-civ-spouse,Machine-op-inspct,Husband,White,Male,0,0,40,United-States,>50K.
33,Private,101562,Masters,14,Never-married,Exec-managerial,Not-in-family,White,Female,0,0,40,United-States,<=50K
58,Self-emp-not-inc,203039,9th,5,Separated,Craft-repair,Not-in-family,White,Male,0,0,40,United-States,<=50K
46,Private,28074,Some-college,10,Married-civ-spouse,Craft-repair,Husband,White,Male,0,0,89,United-States,>50K.
23,Private,388811,HS-grad,9,Never-married,Adm-clerical,Own-child,White,Female,0,0,40,United-States,<=50K
57,Private,154368,Bachelors,13,Married-civ-spouse,Exec-managerial,Husband,White,Male,0,0,50,United-States,>50K.
61,?,203849,Some-college,10,Divorced,?,Not-in-family,White,Female,0,0,40,United-States,<=50K
57,Self-emp-not-inc,192869,HS-grad,9,Married-civ-spouse,Farming-fishing,Husband,White,Male,0,0,72,United-States,<=50K
25,Private,122999,HS-grad,9,Never-married,Craft-repair,Other-relative,White,Male,0,0,40,United-States,<=50K
48,Private,205100,Bachelors,13,Married-civ-spouse,Sales,Husband,White,Male,99999,0,80,United-States,>50K.
45,Private,77764,Assoc-acdm,12,Married-civ-spouse,Craft-repair,Husband,White,Male,0,0,40,United-States,<=50K
56,Private,116878,5th-6th,3,Married-civ-spouse,Machine-op-inspct,Husband,White,Male,0,0,40,Portugal,>50K.
46,Private,41223,Some-college,10,Married-civ-spouse,Adm-clerical,Husband,White,Male,0,0,40,United-States,>50K.
53,Private,239284,HS-grad,9,Divorced,Adm-clerical,Unmarried,White,Female,0,0,40,United-States,<=50K
28,Private,118089,HS-grad,9,Married-civ-spouse,Exec-managerial,Husband,White,Male,4386,0,45,United-States,>50K.
25,Private,397962,HS-grad,9,Never-married,Adm-clerical,Other-relative,Black,Female,0,0,40,United-States,<=50K
69,Self-emp-not-inc,89477,Some-college,10,Widowed,Farming-fishing,Not-in-family,White,Female,0,0,14,United-States,<=50K
35,Private,230054,7th-8th,4,Married-civ-spouse,Machine-op-inspct,Husband,White,Male,0,0,40,Mexico,<=50K
22,Private,125010,Assoc-voc,11,Never-married,Priv-house-serv,Not-in-family,White,Female,0,0,30,United-States,<=50K
44,Local-gov,32627,Masters,14,Married-civ-spouse,Exec-managerial,Husband,White,Male,0,1887,60,United-States,>50K.
55,Self-emp-not-inc,204387,Bachelors,13,Married-civ-spouse,Sales,Husband,White,Male,0,0,40,United-States,>50K.
34,Private,131552,HS-grad,9,Never-married,Other-service,Own-child,White,Female,0,0,40,United-States,<=50K
33,Private,116508,10th,6,Married-civ-spouse,Craft-repair,Husband,White,Male,0,0,40,United-States,<=50K
43,Self-emp-not-inc,37869,Bachelors,13,Married-civ-spouse,Prof-specialty,Husband,White,Male,0,1977,40,United-States,>50K.
67,?,37170,7th-8th,4,Divorced,?,Not-in-family,White,Male,0,0,3,United-States,<=50K
32,Private,45796,Some-college,10,Married-civ-spouse,Farming-fishing,Husband,White,Male,0,0,60,United-States,<=50K
20,Private,304710,Some-college,10,Never-married,Sales,Own-child,Asian-Pac-Islander,Female,0,0,20,United-States,<=50K
35,Private,81259,Bachelors,13,Never-married,Adm-clerical,Not-in-family,White,Female,0,0,43,United-States,<=50K
39,Self-emp-inc,210610,Prof-school,15,Married-civ-spouse,Prof-specialty,Husband,White,Male,0,0,31,Cuba,>50K.
43,Local-gov,98130,Bachelors,13,Divorced,Prof-specialty,Own-child,White,Female,0,0,39,United-States,<=50K
45,Local-gov,213620,Bachelors,13,Divorced,Prof-specialty,Not-in-family,White,Female,0,0,50,United-States,>50K.
17,Private,143331,11th,7,Never-married,Sales,Own-child,White,Male,0,0,20,United-States,<=50K
66,?,170617,Masters,14,Widowed,?,Not-in-family,White,Male,0,0,6,United-States,<=50K
64,?,187656,1st-4th,2,Divorced,?,Not-in-family,White,Male,0,0,40,United-States,<=50K
40,Private,339814,Some-college,10,Married-civ-spouse,Exec-managerial,Husband,White,Male,0,0,40,United-States,>50K.
39,Self-emp-inc,172927,Assoc-acdm,12,Married-civ-spouse,Prof-specialty,Husband,White,Male,15024,0,50,United-States,>50K.
29,Self-emp-not-inc,102326,Bachelors,13,Married-civ-spouse,Exec-managerial,Husband,White,Male,0,0,40,United-States,>50K.
43,Self-emp-inc,210013,Some-college,10,Never-married,Exec-managerial,Not-in-family,White,Male,0,0,50,United-States,>50K.
32,Private,114288,HS-grad,9,Divorced,Prof-specialty,Own-child,White,Female,0,0,40,United-States,<=50K
26,Private,164018,Bachelors,13,Married-civ-spouse,Sales,Husband,White,Male,4064,0,50,United-States,<=50K
45,State-gov,149640,Bachelors,13,Married-civ-spouse,Adm-clerical,Husband,White,Male,0,0,38,United-States,>50K.
23,?,134997,Some-college,10,Separated,?,Unmarried,White,Female,0,0,20,United-States,<=50K
43,State-gov,135060,Masters,14,Married-civ-spouse,Exec-managerial,Husband,White,Male,0,0,50,,>50K.
76,Self-emp-inc,99328,Bachelors,13,Married-civ-spouse,Farming-fishing,Husband,White,Male,6514,0,40,United-States,>50K.
56,Private,287833,Some-college,10,Married-civ-spouse,Adm-clerical,Wife,White,Female,0,0,35,United-States,>50K.
41,State-gov,342834,Some-college,10,Divorced,Adm-clerical,Not-in-family,White,Female,0,0,40,United-States,<=50K
41,Private,104892,Some-college,10,Married-civ-spouse,Adm-clerical,Husband,White,Male,2829,0,40,United-States,<=50K
24,Private,205844,Bachelors,13,Never-married,Exec-managerial,Own-child,Black,Female,0,0,65,United-States,<=50K
24,Self-emp-not-inc,143062,HS-grad,9,Never-married,Other-service,Own-child,White,Male,0,0,30,United-States,<=50K
35,Self-emp-not-inc,135020,Some-college,10,Married-civ-spouse,Sales,Husband,White,Male,0,0,75,United-States,>50K.
70,Private,170428,Bachelors,13,Widowed,Prof-specialty,Unmarried,White,Female,0,0,20,Puerto-Rico,<=50K
31,Private,117659,11th,7,Married-civ-spouse,Transport-moving,Husband,White,Male,0,0,40,United-States,>50K.
35,Private,351772,Bachelors,13,Married-civ-spouse,Exec-managerial,Husband,White,Male,15024,0,45,United-States,>50K.
49,Private,176341,Bachelors,13,Never-married,Tech-support,Unmarried,Asian-Pac-Islander,Female,0,0,40,India,<=50K
39,Private,189404,Bachelors,13,Married-civ-spouse,Tech-support,Husband,White,Male,0,0,40,United-States,>50K.
36,Private,321733,Bachelors,13,Divorced,Exec-managerial,Not-in-family,White,Male,0,1741,40,United-States,<=50K
23,Private,193586,Some-college,10,Separated,Farming-fishing,Other-relative,White,Female,0,0,40,United-States,<=50K
53,Private,117674,Some-college,10,Married-civ-spouse,Craft-repair,Husband,White,Male,7298,0,40,United-States,>50K.
31,Private,289731,Some-college,10,Married-civ-spouse,Craft-repair,Husband,White,Male,0,0,40,United-States,<=50K
47,Local-gov,209968,Bachelors,13,Married-civ-spouse,Prof-specialty,Husband,White,Male,7298,0,40,United-States,>50K.
76,Private,316185,7th-8th,4,Widowed,Protective-serv,Not-in-family,White,Female,0,0,12,United-States,<=50K
40,Private,199191,Masters,14,Divorced,Exec-managerial,Not-in-family,White,Female,0,0,50,England,>50K.
31,Private,140092,Bachelors,13,Married-civ-spouse,Prof-specialty,Husband,White,Male,0,0,40,United-States,>50K.
33,Private,204780,Some-college,10,Married-civ-spouse,Adm-clerical,Wife,White,Female,15024,0,40,United-States,>50K.
27,State-gov,192257,HS-grad,9,Never-married,Protective-serv,Own-child,White,Male,2174,0,40,United-States,<=50K
40,Private,369781,HS-grad,9,Married-civ-spouse,Handlers-cleaners,Husband,White,Male,15024,0,45,United-States,>50K.
55,State-gov,136819,Some-college,10,Married-civ-spouse,Craft-repair,Husband,White,Male,0,0,43,United-States,>50K.
26,Private,224361,Some-college,10,Married-civ-spouse,Craft-repair,Husband,White,Male,0,0,40,United-States,<=50K
28,Private,196564,HS-grad,9,Married-civ-spouse,Craft-repair,Husband,White,Male,0,0,45,United-States,<=50K
66,Private,147766,HS-grad,9,Married-civ-spouse,Craft-repair,Husband,White,Male,0,0,40,United-States,>50K.
31,Private,46807,Bachelors,13,Never-married,Tech-support,Not-in-family,White,Male,0,0,40,United-States,<=50K
45,Private,165822,Bachelors,13,Married-civ-spouse,Exec-managerial,Husband,White,Male,0,0,50,United-States,>50K.
20,Private,211293,Some-college,10,Never-married,Sales,Own-child,Black,Female,0,0,14,United-States,<=50K
30,Private,174704,11th,7,Married-civ-spouse,Machine-op-inspct,Husband,Black,Male,0,0,40,United-States,<=50K
41,Private,247081,Some-college,10,Married-civ-spouse,Adm-clerical,Husband,White,Male,0,0,40,United-States,>50K.
41,State-gov,363591,Assoc-voc,11,Married-civ-spouse,Exec-managerial,Husband,White,Male,0,0,40,United-States,<=50K
65,Private,136384,Masters,14,Married-civ-spouse,Prof-specialty,Husband,White,Male,0,0,50,United-States,>50K.
46,Local-gov,247053,Masters,14,Married-civ-spouse,Prof-specialty,Husband,White,Male,0,0,40,United-States,>50K.
25,Private,255474,Bachelors,13,Never-married,Adm-clerical,Not-in-family,White,Female,0,0,40,United-States,<=50K
22,State-gov,121471,Bachelors,13,Never-married,Prof-specialty,Not-in-family,White,Female,0,0,40,United-States,<=50K
30,Private,212064,Bachelors,13,Never-married,Prof-specialty,Own-child,White,Female,0,0,40,United-States,<=50K
21,Private,231573,Some-college,10,Never-married,Other-service,Not-in-family,White,Female,0,0,40,United-States,<=50K
60,Private,224277,Bachelors,13,Divorced,Exec-managerial,Unmarried,White,Female,0,0,40,United-States,>50K.
47,Private,201127,Some-college,10,Married-civ-spouse,Transport-moving,Husband,White,Male,0,0,50,United-States,<=50K
42,Private,50018,HS-grad,9,Married-civ-spouse,Other-service,Husband,White,Male,0,0,40,?,<=50K
18,Private,127273,11th,7,Never-married,Other-service,Other-relative,White,Male,0,0,20,United-States,<=50K
47,Self-emp-not-inc,199083,Masters,14,Divorced,Transport-moving,Not-in-family,White,Male,0,2258,50,United-States,>50K.
40,Local-gov,241851,Prof-school,15,Married-civ-spouse,Exec-managerial,Husband,White,Male,0,0,50,United-States,>50K.
42,Private,311920,Bachelors,13,Married-civ-spouse,Exec-managerial,Wife,White,Female,0,1485,17,United-States,>50K.
51,Local-gov,193720,HS-grad,9,Married-spouse-absent,Handlers-cleaners,Unmarried,White,Male,0,0,40,United-States,<=50K
20,Private,94364,Some-college,10,Never-married,Prof-specialty,Not-in-family,Other,Female,0,0,20,United-States,<=50K
33,Private,229716,HS-grad,9,Divorced,Adm-clerical,Not-in-family,White,Male,0,0,38,United-States,<=50K
75,Private,314209,Assoc-voc,11,Widowed,Adm-clerical,Not-in-family,White,Female,0,0,20,Columbia,<=50K
37,State-gov,122493,HS-grad,9,Married-civ-spouse,Protective-serv,Husband,White,Male,0,0,55,United-States,>50K.
47,Private,145636,HS-grad,9,Married-civ-spouse,Machine-op-inspct,Husband,White,Male,0,0,40,United-States,>50K.
29,Private,183523,Masters,14,Married-civ-spouse,Prof-specialty,Husband,White,Male,0,1977,40,United-States,>50K.
55,Private,123515,HS-grad,9,Divorced,Adm-clerical,Not-in-family,White,Female,0,0,40,United-States,<=50K
55,State-gov,337599,Some-college,10,Divorced,Adm-clerical,Not-in-family,White,Male,0,0,40,United-States,<=50K
36,Private,251091,Bachelors,13,Married-civ-spouse,Prof-specialty,Husband,White,Male,0,0,60,United-States,>50K.
31,Private,185216,Bachelors,13,Married-civ-spouse,Exec-managerial,Husband,White,Male,0,0,40,United-States,>50K.
43,Private,211580,Some-college,10,Married-civ-spouse,Prof-specialty,Husband,White,Male,0,0,40,United-States,>50K.
59,Local-gov,221417,HS-grad,9,Married-civ-spouse,Protective-serv,Husband,White,Male,0,0,40,United-States,>50K.
34,Private,233729,Assoc-acdm,12,Married-civ-spouse,Prof-specialty,Husband,Black,Male,0,0,50,United-States,>50K.
23,Private,237720,Bachelors,13,Never-married,Prof-specialty,Not-in-family,White,Male,0,0,38,United-States,<=50K
47,Private,214702,HS-grad,9,Divorced,Other-service,Unmarried,White,Female,0,0,37,Puerto-Rico,<=50K
59,Private,272087,HS-grad,9,Married-civ-spouse,Transport-moving,Husband,White,Male,0,0,40,United-States,>50K.
50,Private,114758,HS-grad,9,Married-civ-spouse,Craft-repair,Husband,White,Male,0,0,40,United-States,>50K.
42,Private,202872,HS-grad,9,Married-civ-spouse,Adm-clerical,Wife,White,Female,0,0,36,United-States,>50K.
46,Private,220979,Some-college,10,Divorced,Tech-support,Not-in-family,Amer-Indian-Eskimo,Male,13550,0,40,United-States,>50K.
50,Private,355954,Bachelors,13,Married-civ-spouse,Exec-managerial,Husband,White,Male,0,0,50,United-States,>50K.
25,Private,108301,HS-grad,9,Separated,Other-service,Unmarried,White,Female,0,0,20,United-States,<=50K
59,Private,170148,Some-college,10,Divorced,Other-service,Unmarried,White,Female,0,0,32,United-States,<=50K
27,Self-emp-not-inc,328518,Assoc-voc,11,Never-married,Prof-specialty,Other-relative,White,Male,0,0,30,United-States,<=50K
62,Private,200922,7th-8th,4,Widowed,Machine-op-inspct,Not-in-family,White,Female,0,0,40,United-States,<=50K
53,Private,152810,Bachelors,13,Married-civ-spouse,Prof-specialty,Husband,White,Male,0,0,40,United-States,>50K.
44,Private,328581,Bachelors,13,Married-civ-spouse,Sales,Husband,White,Male,0,0,50,United-States,>50K.
33,Private,177727,HS-grad,9,Married-civ-spouse,Sales,Husband,White,Male,0,0,40,United-States,>50K.
38,Private,412296,HS-grad,9,Divorced,Craft-repair,Own-child,White,Male,0,0,28,United-States,<=50K
50,Self-emp-inc,193720,HS-grad,9,Married-civ-spouse,Exec-managerial,Husband,White,Male,0,0,70,Greece,>50K.
54,Private,257869,Some-college,10,Separated,Other-service,Not-in-family,White,Male,0,0,28,Columbia,<=50K
35,Private,102178,Some-college,10,Married-civ-spouse,Sales,Husband,White,Male,0,0,48,United-States,>50K.
42,Local-gov,247082,Bachelors,13,Married-civ-spouse,Prof-specialty,Husband,White,Male,3103,0,50,United-States,>50K.
44,Private,235182,Some-college,10,Married-civ-spouse,Craft-repair,Husband,White,Male,0,0,50,United-States,>50K.
38,Federal-gov,143123,Masters,14,Married-civ-spouse,Exec-managerial,Husband,White,Male,0,0,40,United-States,>50K.
46,Private,282538,Assoc-voc,11,Separated,Machine-op-inspct,Not-in-family,Black,Female,0,0,40,United-States,<=50K
33,Private,175856,Bachelors,13,Married-civ-spouse,Exec-managerial,Husband,White,Male,0,0,50,United-States,>50K.
39,Self-emp-inc,122353,Bachelors,13,Married-civ-spouse,Exec-managerial,Husband,White,Male,7688,0,50,United-States,>50K.
28,Self-emp-inc,114053,Some-college,10,Never-married,Exec-managerial,Not-in-family,White,Male,0,0,30,United-States,<=50K
46,Private,37718,Assoc-acdm,12,Married-civ-spouse,Tech-support,Husband,White,Male,0,1977,50,United-States,>50K.
47,State-gov,29023,Doctorate,16,Married-civ-spouse,Prof-specialty,Husband,Asian-Pac-Islander,Male,0,0,40,India,>50K.
43,Private,115562,Bachelors,13,Married-civ-spouse,Exec-managerial,Husband,White,Male,99999,0,50,United-States,>50K.
23,Local-gov,314819,HS-grad,9,Never-married,Transport-moving,Own-child,White,Male,0,0,40,United-States,<=50K
17,Private,148522,11th,7,Never-married,Other-service,Own-child,White,Male,0,1721,15,United-States,<=50K
23,Private,205865,Bachelors,13,Never-married,Exec-managerial,Own-child,White,Male,0,0,28,United-States,<=50K
36,Private,321274,Some-college,10,Married-civ-spouse,Craft-repair,Husband,White,Male,0,0,40,United-States,>50K.
19,Private,170800,HS-grad,9,Never-married,Craft-repair,Own-child,White,Male,0,0,60,United-States,<=50K
44,Private,97159,Bachelors,13,Married-civ-spouse,Craft-repair,Husband,White,Male,0,0,40,United-States,>50K.
36,Private,115336,Assoc-voc,11,Married-civ-spouse,Prof-specialty,Wife,White,Female,0,0,50,United-States,>50K.
54,Private,409173,HS-grad,9,Married-civ-spouse,Tech-support,Husband,Black,Male,0,0,50,Puerto-Rico,>50K.
31,Private,204752,Bachelors,13,Never-married,Exec-managerial,Not-in-family,White,Male,0,0,50,United-States,<=50K
44,Private,188615,HS-grad,9,Married-civ-spouse,Sales,Husband,White,Male,0,0,60,United-States,>50K.
54,State-gov,258735,Some-college,10,Married-civ-spouse,Exec-managerial,Husband,White,Male,0,0,40,United-States,>50K.
28,Private,23324,Some-college,10,Never-married,Handlers-cleaners,Not-in-family,White,Male,0,0,40,United-States,<=50K
36,Private,139364,Bachelors,13,Married-spouse-absent,Exec-managerial,Not-in-family,White,Male,10520,0,40,Ireland,>50K.
48,Private,359808,HS-grad,9,Never-married,Handlers-cleaners,Not-in-family,White,Male,0,0,40,United-States,>50K.
19,Private,292583,HS-grad,9,Never-married,Other-service,Own-child,White,Female,0,0,30,United-States,<=50K
23,?,146399,Bachelors,13,Never-married,?,Not-in-family,White,Male,0,0,55,United-States,<=50K
21,Private,184135,HS-grad,9,Never-married,Machine-op-inspct,Own-child,Black,Male,0,0,1,United-States,<=50K
57,,182836,Some-college,10,Married-civ-spouse,,Wife,White,Female,3103,0,40,United-States,>50K.
42,Private,201495,Bachelors,13,Married-civ-spouse,Exec-managerial,Husband,White,Male,0,0,40,United-States,<=50K
23,Private,190483,Bachelors,13,Never-married,Sales,Own-child,White,Female,0,0,20,United-States,<=50K
37,Private,385251,HS-grad,9,Married-civ-spouse,Exec-managerial,Husband,White,Male,0,0,40,United-States,>50K.
18,Private,83451,HS-grad,9,Never-married,Other-service,Own-child,White,Female,0,0,30,United-States,<=50K
37,Private,106043,HS-grad,9,Married-civ-spouse,Sales,Husband,Black,Male,0,0,40,United-States,>50K.
34,Private,48014,Bachelors,13,Separated,Exec-managerial,Not-in-family,White,Female,0,0,35,United-States,<=50K
38,Private,237713,Bachelors,13,Married-civ-spouse,Exec-managerial,Husband,White,Male,0,0,60,United-States,<=50K
29,Private,251694,Bachelors,13,Never-married,Farming-fishing,Own-child,White,Male,0,0,50,United-States,<=50K
39,Private,346478,HS-grad,9,Married-civ-spouse,Sales,Husband,White,Male,0,0,40,United-States,>50K.
28,Private,72443,Some-college,10,Never-married,Exec-managerial,Not-in-family,White,Male,0,1669,60,United-States,<=50K
47,Private,101299,HS-grad,9,Married-civ-spouse,Craft-repair,Husband,White,Male,0,0,40,United-States,<=50K
41,Private,207685,Some-college,10,Divorced,Other-service,Not-in-family,White,Male,0,0,21,United-States,<=50K
50,Private,44942,HS-grad,9,Married-civ-spouse,Machine-op-inspct,Husband,White,Male,0,1848,48,United-States,>50K.
27,Private,218785,HS-grad,9,Married-civ-spouse,Exec-managerial,Wife,White,Female,0,0,40,United-States,<=50K
57,Private,195820,HS-grad,9,Married-civ-spouse,Machine-op-inspct,Husband,White,Male,0,0,40,United-States,>50K.
31,Private,242984,Some-college,10,Separated,Handlers-cleaners,Not-in-family,White,Male,0,0,40,United-States,<=50K
64,Private,239450,Masters,14,Married-civ-spouse,Prof-specialty,Husband,White,Male,0,0,45,United-States,>50K.
44,Local-gov,207685,Masters,14,Never-married,Prof-specialty,Not-in-family,White,Male,8614,0,33,United-States,>50K.
68,Self-emp-not-inc,450580,HS-grad,9,Married-civ-spouse,Farming-fishing,Husband,White,Male,0,0,20,United-States,<=50K
59,Private,87510,HS-grad,9,Divorced,Craft-repair,Not-in-family,White,Male,0,0,40,United-States,<=50K
43,Self-emp-not-inc,136986,Bachelors,13,Married-civ-spouse,Exec-managerial,Husband,White,Male,7298,0,50,United-States,>50K.
55,Private,204816,Some-college,10,Married-civ-spouse,Exec-managerial,Husband,White,Male,0,0,40,United-States,>50K.
55,Local-gov,258121,Prof-school,15,Married-civ-spouse,Prof-specialty,Husband,White,Male,0,1902,40,United-States,>50K.
35,Private,210310,HS-grad,9,Married-civ-spouse,Sales,Husband,White,Male,0,0,55,United-States,>50K.
23,Private,259496,HS-grad,9,Never-married,Machine-op-inspct,Own-child,White,Female,0,0,40,United-States,<=50K
82,?,42435,10th,6,Widowed,?,Not-in-family,White,Male,0,0,20,United-States,<=50K
37,Local-gov,177277,Masters,14,Married-civ-spouse,Prof-specialty,Husband,White,Male,0,0,40,United-States,>50K.
26,Private,102476,Bachelors,13,Married-civ-spouse,Tech-support,Husband,White,Male,0,0,40,United-States,>50K.
34,Private,183811,Some-college,10,Never-married,Handlers-cleaners,Not-in-family,White,Male,0,0,40,United-States,<=50K
22,Private,214134,10th,6,Never-married,Transport-moving,Not-in-family,Amer-Indian-Eskimo,Male,0,0,84,United-States,<=50K
41,Private,143046,Masters,14,Never-married,Adm-clerical,Not-in-family,White,Female,0,0,40,United-States,<=50K
17,Private,138293,11th,7,Never-married,Handlers-cleaners,Own-child,White,Male,0,0,15,United-States,<=50K
18,Private,120283,12th,8,Never-married,Sales,Own-child,White,Female,0,0,24,United-States,<=50K
28,Private,66893,Bachelors,13,Never-married,Prof-specialty,Not-in-family,White,Male,0,1564,50,United-States,>50K.
27,Private,189565,Doctorate,16,Married-civ-spouse,Prof-specialty,Husband,White,Male,0,0,40,United-States,>50K.
53,Private,548361,HS-grad,9,Married-civ-spouse,Craft-repair,Husband,White,Male,0,0,40,United-States,<=50K
24,Private,145111,HS-grad,9,Never-married,Machine-op-inspct,Not-in-family,White,Male,0,0,45,United-States,<=50K
43,Local-gov,37937,Assoc-acdm,12,Married-civ-spouse,Tech-support,Husband,White,Male,0,0,43,United-States,<=50K
22,Private,170800,Assoc-voc,11,Never-married,Other-service,Own-child,White,Female,0,0,12,United-States,<=50K
67,Local-gov,233681,Assoc-acdm,12,Married-civ-spouse,Exec-managerial,Husband,White,Male,0,0,35,United-States,<=50K
39,Private,182189,HS-grad,9,Married-civ-spouse,Craft-repair,Husband,White,Male,0,1887,65,United-States,>50K.
32,Self-emp-inc,169152,Assoc-voc,11,Divorced,Exec-managerial,Not-in-family,White,Female,10520,0,80,Greece,>50K.
62,Self-emp-not-inc,243733,Masters,14,Married-civ-spouse,Prof-specialty,Husband,White,Male,7298,0,70,United-States,>50K.
45,Private,89325,Masters,14,Divorced,Prof-specialty,Not-in-family,White,Male,0,0,45,United-States,<=50K
63,State-gov,89451,Prof-school,15,Married-civ-spouse,Prof-specialty,Husband,White,Male,0,0,40,United-States,>50K.
22,Private,171176,HS-grad,9,Never-married,Other-service,Not-in-family,White,Female,0,0,48,?,<=50K
30,Private,504725,10th,6,Never-married,Sales,Other-relative,White,Male,0,0,18,Guatemala,<=50K
21,Private,387335,Some-college,10,Never-married,Tech-support,Own-child,White,Female,0,1719,9,United-States,<=50K
33,Private,182246,HS-grad,9,Never-married,Prof-specialty,Not-in-family,White,Male,0,0,40,United-States,<=50K
41,Private,207685,HS-grad,9,Married-civ-spouse,Transport-moving,Husband,White,Male,0,0,45,?,<=50K
46,Self-emp-not-inc,346783,Prof-school,15,Married-civ-spouse,Prof-specialty,Husband,White,Male,15024,0,35,Cuba,>50K.
23,Private,151888,Some-college,10,Never-married,Sales,Own-child,White,Male,0,0,40,United-States,<=50K
44,Private,136986,Doctorate,16,Married-civ-spouse,Prof-specialty,Husband,White,Male,0,0,50,United-States,>50K.
59,Private,135617,11th,7,Married-civ-spouse,Craft-repair,Husband,White,Male,0,0,40,United-States,<=50K
39,,105044,HS-grad,9,Married-civ-spouse,,Husband,White,Male,7298,0,40,United-States,>50K.
47,Private,212944,HS-grad,9,Married-civ-spouse,Transport-moving,Husband,White,Male,0,0,70,United-States,>50K.
45,Self-emp-not-inc,49595,Some-college,10,Married-civ-spouse,Exec-managerial,Husband,White,Male,0,0,80,United-States,<=50K
41,Private,94113,HS-grad,9,Married-civ-spouse,Craft-repair,Husband,White,Male,99999,0,60,United-States,>50K.
62,Private,190491,Doctorate,16,Married-civ-spouse,Prof-specialty,Husband,White,Male,15024,0,45,United-States,>50K.
58,Private,142326,Bachelors,13,Divorced,Prof-specialty,Not-in-family,White,Female,0,0,50,United-States,<=50K
25,Local-gov,109526,HS-grad,9,Married-civ-spouse,Craft-repair,Husband,White,Male,0,0,38,United-States,<=50K
24,Private,33088,11th,7,Never-married,Handlers-cleaners,Not-in-family,White,Male,0,0,40,United-States,<=50K
36,State-gov,21798,Bachelors,13,Married-civ-spouse,Protective-serv,Husband,White,Male,15024,0,40,Germany,>50K.
26,Private,211231,Bachelors,13,Married-civ-spouse,Prof-specialty,Wife,White,Female,0,0,40,United-States,>50K.
49,Federal-gov,61885,Bachelors,13,Married-civ-spouse,Exec-managerial,Husband,White,Male,0,0,45,United-States,>50K.
45,Self-emp-inc,61885,Bachelors,13,Married-civ-spouse,Exec-managerial,Husband,White,Male,15024,0,48,United-States,>50K.
61,Private,54373,Some-college,10,Married-civ-spouse,Sales,Husband,White,Male,0,0,40,United-States,<=50K
46,Private,129232,Bachelors,13,Married-civ-spouse,Sales,Husband,White,Male,0,0,55,United-States,>50K.
32,Private,140092,11th,7,Married-civ-spouse,Craft-repair,Husband,White,Male,0,0,40,United-States,<=50K
59,Private,70857,HS-grad,9,Married-civ-spouse,Machine-op-inspct,Husband,White,Male,0,0,40,United-States,>50K.
28,Self-emp-not-inc,146735,Doctorate,16,Married-civ-spouse,Prof-specialty,Husband,White,Male,0,0,50,United-States,>50K.
29,Private,262208,Some-college,10,Never-married,Other-service,Not-in-family,Black,Female,0,0,30,Jamaica,<=50K
33,Private,69748,HS-grad,9,Married-civ-spouse,Exec-managerial,Wife,White,Female,0,0,40,United-States,<=50K
63,Private,86108,HS-grad,9,Widowed,Farming-fishing,Not-in-family,White,Male,0,0,6,United-States,<=50K
60,Private,169408,Bachelors,13,Married-civ-spouse,Exec-managerial,Husband,White,Male,7298,0,40,United-States,>50K.
21,Private,213015,HS-grad,9,Never-married,Handlers-cleaners,Other-relative,Black,Male,2176,0,40,United-States,<=50K
28,Private,227840,HS-grad,9,Never-married,Transport-moving,Not-in-family,White,Female,0,0,40,United-States,<=50K
44,Private,201495,Assoc-acdm,12,Married-civ-spouse,Exec-managerial,Husband,White,Male,0,1977,50,United-States,>50K.
57,Private,175942,Bachelors,13,Married-civ-spouse,Prof-specialty,Husband,White,Male,0,0,40,,>50K.
38,Federal-gov,122240,HS-grad,9,Married-civ-spouse,Adm-clerical,Husband,White,Male,0,0,55,United-States,>50K.
29,Private,193152,Doctorate,16,Married-civ-spouse,Prof-specialty,Husband,White,Male,0,0,45,United-States,>50K.
32,Private,290964,Bachelors,13,Never-married,Sales,Not-in-family,White,Female,0,1590,40,United-States,<=50K
29,Private,253003,Some-college,10,Never-married,Craft-repair,Not-in-family,White,Male,0,2258,45,United-States,>50K.
61,Private,197286,Bachelors,13,Married-civ-spouse,Machine-op-inspct,Husband,White,Male,0,0,40,United-States,>50K.
41,Private,279297,HS-grad,9,Never-married,Sales,Not-in-family,Black,Female,0,0,60,United-States,<=50K
41,Private,373403,Bachelors,13,Married-civ-spouse,Prof-specialty,Husband,White,Male,0,0,40,United-States,>50K.
58,Private,144092,Masters,14,Married-civ-spouse,Prof-specialty,Husband,White,Male,0,0,35,United-States,>50K.
43,Private,193882,Some-college,10,Never-married,Adm-clerical,Not-in-family,White,Male,0,0,55,United-States,<=50K
35,Private,312232,HS-grad,9,Separated,Craft-repair,Not-in-family,White,Male,0,0,50,United-States,<=50K
27,Private,130807,Assoc-acdm,12,Married-civ-spouse,Tech-support,Husband,White,Male,0,0,40,United-States,<=50K
33,Private,160634,HS-grad,9,Married-civ-spouse,Machine-op-inspct,Husband,White,Male,0,0,50,United-States,>50K.
45,Private,145637,Assoc-voc,11,Never-married,Sales,Not-in-family,White,Female,14344,0,48,United-States,>50K.
35,Private,144401,Bachelors,13,Married-civ-spouse,Prof-specialty,Wife,Asian-Pac-Islander,Female,0,0,40,Philippines,>50K.
50,Self-emp-inc,288630,Masters,14,Married-civ-spouse,Exec-managerial,Husband,White,Male,0,0,50,United-States,>50K.
28,Private,116531,HS-grad,9,Never-married,Adm-clerical,Not-in-family,White,Female,0,0,40,United-States,<=50K
76,Private,328227,Bachelors,13,Married-civ-spouse,Adm-clerical,Husband,White,Male,5556,0,13,United-States,>50K.
41,Private,207335,Bachelors,13,Divorced,Prof-specialty,Not-in-family,White,Male,0,0,45,United-States,>50K.
36,Private,212433,HS-grad,9,Never-married,Craft-repair,Own-child,Black,Male,0,0,40,United-States,<=50K
25,Private,367306,Some-college,10,Never-married,Adm-clerical,Own-child,White,Female,0,0,40,United-States,<=50K
25,State-gov,77661,Bachelors,13,Never-married,Exec-managerial,Not-in-family,White,Female,0,2444,40,United-States,>50K.
52,Private,101113,HS-grad,9,Married-civ-spouse,Transport-moving,Husband,White,Male,0,0,66,United-States,>50K.
38,Private,305597,HS-grad,9,Never-married,Transport-moving,Unmarried,White,Male,0,0,40,United-States,<=50K
33,Private,205649,Assoc-acdm,12,Married-spouse-absent,Craft-repair,Not-in-family,White,Male,0,0,20,United-States,<=50K
36,Private,106471,Bachelors,13,Married-civ-spouse,Prof-specialty,Husband,White,Male,0,0,40,United-States,>50K.
29,Private,188401,HS-grad,9,Divorced,Farming-fishing,Not-in-family,White,Male,0,0,40,United-States,<=50K
23,Private,308647,Assoc-voc,11,Married-civ-spouse,Tech-support,Husband,White,Male,0,1887,40,United-States,>50K.
39,Private,188069,Masters,14,Married-civ-spouse,Tech-support,Husband,White,Male,15024,0,50,United-States,>50K.
27,Local-gov,24988,Assoc-voc,11,Never-married,Tech-support,Not-in-family,White,Female,0,1564,72,United-States,>50K.
48,Private,322183,HS-grad,9,Married-civ-spouse,Handlers-cleaners,Husband,White,Male,0,0,35,United-States,>50K.
20,?,210029,Some-college,10,Never-married,?,Own-child,White,Female,0,0,40,United-States,<=50K
53,Local-gov,229259,Assoc-acdm,12,Married-civ-spouse,Tech-support,Husband,White,Male,0,0,45,United-States,>50K.
23,Private,160951,HS-grad,9,Never-married,Craft-repair,Own-child,Black,Male,2597,0,40,United-States,<=50K
73,Private,220019,9th,5,Widowed,Other-service,Unmarried,White,Female,0,0,9,United-States,<=50K
60,Private,80927,7th-8th,4,Married-civ-spouse,Transport-moving,Husband,White,Male,0,0,50,United-States,>50K.
26,Local-gov,265230,Bachelors,13,Never-married,Prof-specialty,Not-in-family,Black,Female,0,0,40,United-States,<=50K
42,Private,265698,Masters,14,Divorced,Prof-specialty,Unmarried,White,Female,0,0,40,United-States,<=50K
55,Private,314164,Prof-school,15,Married-civ-spouse,Prof-specialty,Husband,White,Male,0,0,40,United-States,>50K.
22,Private,204935,HS-grad,9,Never-married,Machine-op-inspct,Own-child,White,Male,0,0,40,United-States,<=50K
48,Private,146497,Bachelors,13,Married-civ-spouse,Adm-clerical,Wife,White,Female,0,0,50,United-States,>50K.
26,Private,31558,Bachelors,13,Married-civ-spouse,Prof-specialty,Husband,White,Male,0,0,90,United-States,>50K.
36,Private,188800,HS-grad,9,Married-civ-spouse,Sales,Husband,White,Male,0,0,40,United-States,>50K.
23,Private,239539,Some-college,10,Never-married,Craft-repair,Own-child,Asian-Pac-Islander,Male,0,0,40,,>50K.
36,Self-emp-not-inc,166213,HS-grad,9,Married-civ-spouse,Transport-moving,Husband,White,Male,0,0,40,United-States,>50K.
39,Federal-gov,178877,HS-grad,9,Married-civ-spouse,Tech-support,Husband,White,Male,0,0,40,United-States,>50K.
44,Private,212888,Bachelors,13,Divorced,Exec-managerial,Unmarried,White,Female,0,0,45,United-States,<=50K
53,State-gov,41021,Masters,14,Never-married,Prof-specialty,Not-in-family,White,Female,0,0,46,United-States,>50K.
61,Private,194956,HS-grad,9,Married-civ-spouse,Machine-op-inspct,Husband,White,Male,0,0,40,United-States,>50K.
41,Self-emp-inc,244172,Some-college,10,Married-civ-spouse,Craft-repair,Husband,White,Male,0,0,40,,>50K.
34,Private,509364,HS-grad,9,Married-civ-spouse,Craft-repair,Husband,White,Male,0,0,40,United-States,<=50K
41,Self-emp-not-inc,193459,Some-college,10,Married-civ-spouse,Craft-repair,Husband,White,Male,0,0,50,United-States,<=50K
59,Private,188872,HS-grad,9,Married-civ-spouse,Tech-support,Husband,White,Male,0,0,40,United-States,>50K.
34,Private,260560,HS-grad,9,Married-civ-spouse,Craft-repair,Husband,White,Male,0,0,55,United-States,>50K.
52,Local-gov,149508,Some-college,10,Married-civ-spouse,Protective-serv,Husband,White,Male,0,0,40,United-States,>50K.
47,Private,64563,Some-college,10,Married-civ-spouse,Adm-clerical,Husband,White,Male,7688,0,42,United-States,>50K.
58,Private,259014,Some-college,10,Never-married,Transport-moving,Not-in-family,White,Male,0,0,20,United-States,<=50K
34,Private,231238,9th,5,Separated,Farming-fishing,Unmarried,Black,Male,0,0,40,United-States,<=50K
90,Private,149069,Assoc-acdm,12,Married-civ-spouse,Sales,Husband,White,Male,0,1825,50,United-States,>50K.
48,Self-emp-inc,341762,Some-college,10,Married-civ-spouse,Exec-managerial,Husband,White,Male,0,0,50,United-States,>50K.
42,Federal-gov,348059,Assoc-acdm,12,Separated,Prof-specialty,Unmarried,White,Female,0,0,40,United-States,>50K.
53,Private,98561,HS-grad,9,Widowed,Tech-support,Not-in-family,White,Male,0,0,39,United-States,>50K.
38,Private,296317,HS-grad,9,Married-civ-spouse,Machine-op-inspct,Husband,White,Male,0,0,40,Mexico,<=50K
82,Private,152148,7th-8th,4,Married-civ-spouse,Handlers-cleaners,Husband,White,Male,0,0,2,United-States,<=50K
42,Private,111483,Bachelors,13,Married-civ-spouse,Sales,Husband,White,Male,0,0,60,United-States,>50K.
68,?,191288,7th-8th,4,Widowed,?,Not-in-family,White,Female,0,0,15,United-States,<=50K
74,Private,84197,Masters,14,Divorced,Sales,Not-in-family,White,Female,0,0,10,United-States,<=50K
67,Self-emp-not-inc,40021,HS-grad,9,Married-civ-spouse,Farming-fishing,Husband,White,Male,0,0,35,United-States,<=50K
46,?,443179,Bachelors,13,Divorced,?,Not-in-family,White,Female,0,0,8,United-States,<=50K
38,Private,65390,Assoc-acdm,12,Married-civ-spouse,Craft-repair,Husband,White,Male,0,0,45,United-States,<=50K
35,Private,234962,HS-grad,9,Never-married,Machine-op-inspct,Other-relative,White,Male,0,0,40,Mexico,<=50K
41,Self-emp-not-inc,344329,HS-grad,9,Married-civ-spouse,Other-service,Husband,White,Male,0,0,10,United-States,<=50K
19,Private,164395,HS-grad,9,Never-married,Adm-clerical,Own-child,White,Female,0,0,25,United-States,<=50K
45,Private,185385,HS-grad,9,Married-civ-spouse,Machine-op-inspct,Husband,White,Male,0,0,40,United-States,<=50K
44,Self-emp-inc,60087,HS-grad,9,Married-civ-spouse,Craft-repair,Husband,White,Male,0,0,45,United-States,>50K.
53,Private,31909,Assoc-voc,11,Married-civ-spouse,Adm-clerical,Husband,White,Male,0,0,45,United-States,>50K.
44,Self-emp-not-inc,185057,Bachelors,13,Divorced,Exec-managerial,Not-in-family,White,Female,3325,0,40,United-States,<=50K
25,Private,211424,Bachelors,13,Never-married,Exec-managerial,Own-child,White,Male,0,0,40,United-States,<=50K
72,Private,497280,9th,5,Widowed,Other-service,Unmarried,Black,Female,0,0,20,United-States,<=50K
30,Private,143766,Bachelors,13,Married-civ-spouse,Prof-specialty,Husband,White,Male,0,0,40,United-States,>50K.
25,Private,632834,HS-grad,9,Never-married,Craft-repair,Own-child,Black,Male,0,0,40,United-States,<=50K
33,Private,323069,Assoc-voc,11,Divorced,Other-service,Unmarried,White,Female,0,0,40,United-States,<=50K
42,Private,100800,HS-grad,9,Never-married,Craft-repair,Not-in-family,White,Male,0,0,40,United-States,<=50K
44,State-gov,115932,Masters,14,Married-civ-spouse,Exec-managerial,Husband,White,Male,0,0,40,United-States,<=50K
25,State-gov,120268,Some-college,10,Married-civ-spouse,Craft-repair,Own-child,White,Male,0,0,50,United-States,>50K.
39,Self-emp-not-inc,185366,Assoc-acdm,12,Married-civ-spouse,Craft-repair,Husband,White,Male,0,0,35,United-States,>50K.
33,Private,578701,Bachelors,13,Married-civ-spouse,Exec-managerial,Husband,Black,Male,0,0,40,?,<=50K
26,Self-emp-not-inc,201138,Assoc-voc,11,Never-married,Other-service,Not-in-family,White,Female,0,0,35,United-States,<=50K
43,Private,156745,Some-college,10,Married-civ-spouse,Craft-repair,Husband,Black,Male,0,0,40,United-States,<=50K
30,Private,149427,9th,5,Never-married,Craft-repair,Own-child,White,Male,0,0,45,United-States,<=50K
35,?,119006,HS-grad,9,Widowed,?,Own-child,White,Female,0,0,38,United-States,<=50K
46,Private,117849,Masters,14,Married-civ-spouse,Exec-managerial,Husband,White,Male,99999,0,50,United-States,>50K.
37,Federal-gov,408229,HS-grad,9,Divorced,Tech-support,Unmarried,White,Female,0,0,40,United-States,<=50K
50,State-gov,78923,HS-grad,9,Married-civ-spouse,Craft-repair,Husband,White,Male,0,1485,40,United-States,>50K.
31,Federal-gov,101345,HS-grad,9,Never-married,Handlers-cleaners,Own-child,White,Female,0,0,40,United-States,<=50K
43,Private,191982,Assoc-voc,11,Never-married,Adm-clerical,Own-child,White,Female,0,0,55,United-States,<=50K
56,Self-emp-inc,321529,Some-college,10,Married-civ-spouse,Exec-managerial,Husband,White,Male,15024,0,40,United-States,>50K.
42,Private,339814,Bachelors,13,Married-civ-spouse,Prof-specialty,Husband,White,Male,0,0,40,United-States,>50K.
38,Private,206535,Some-college,10,Divorced,Tech-support,Unmarried,White,Female,0,0,50,United-States,<=50K
34,Local-gov,169708,Bachelors,13,Married-civ-spouse,Prof-specialty,Wife,White,Female,0,0,40,United-States,>50K.
45,Private,103331,Some-college,10,Married-civ-spouse,Other-service,Husband,White,Male,15024,0,44,United-States,>50K.
32,State-gov,59083,HS-grad,9,Married-civ-spouse,Exec-managerial,Husband,White,Male,0,0,60,United-States,>50K.
50,Private,138852,Some-college,10,Divorced,Craft-repair,Not-in-family,White,Male,4650,0,22,United-States,<=50K
25,Private,189219,Bachelors,13,Never-married,Tech-support,Own-child,White,Female,0,0,16,United-States,<=50K
61,Private,224699,Bachelors,13,Married-civ-spouse,Exec-managerial,Wife,White,Female,0,0,30,United-States,>50K.
40,Self-emp-inc,214781,Some-college,10,Married-civ-spouse,Exec-managerial,Husband,White,Male,7298,0,65,United-States,>50K.
41,Private,176716,Bachelors,13,Married-civ-spouse,Prof-specialty,Husband,White,Male,0,1902,40,United-States,>50K.
57,Local-gov,212303,Masters,14,Married-civ-spouse,Exec-managerial,Husband,White,Male,0,0,40,United-States,>50K.
57,Private,301514,HS-grad,9,Married-civ-spouse,Sales,Husband,White,Male,0,0,40,United-States,<=50K
28,Private,134890,Bachelors,13,Never-married,Exec-managerial,Own-child,White,Male,0,0,40,United-States,<=50K
23,Private,117480,10th,6,Never-married,Craft-repair,Own-child,White,Male,0,0,44,United-States,<=50K
25,Private,259505,HS-grad,9,Never-married,Tech-support,Not-in-family,White,Male,0,0,40,United-States,<=50K
57,State-gov,39380,HS-grad,9,Separated,Other-service,Not-in-family,White,Female,0,0,35,United-States,<=50K
25,Private,241025,Bachelors,13,Never-married,Other-service,Own-child,White,Male,0,0,18,United-States,<=50K
19,Private,206399,HS-grad,9,Never-married,Machine-op-inspct,Own-child,Black,Female,0,0,40,United-States,<=50K
20,Private,56322,Some-college,10,Never-married,Other-service,Own-child,White,Male,2176,0,25,United-States,<=50K
35,Private,170195,Some-college,10,Married-civ-spouse,Tech-support,Husband,White,Male,0,0,40,United-States,>50K.
54,Private,155737,Bachelors,13,Divorced,Sales,Not-in-family,White,Female,8614,0,40,United-States,>50K.
44,Private,164678,Masters,14,Married-civ-spouse,Prof-specialty,Wife,White,Female,0,0,45,United-States,<=50K
35,Local-gov,177305,Some-college,10,Married-civ-spouse,Exec-managerial,Husband,White,Male,0,2377,40,United-States,<=50K
30,?,157289,11th,7,Never-married,?,Unmarried,White,Male,0,0,40,United-States,<=50K
62,Self-emp-inc,163234,Bachelors,13,Married-civ-spouse,Exec-managerial,Husband,White,Male,0,1902,55,United-States,>50K.
21,Private,283969,HS-grad,9,Never-married,Craft-repair,Own-child,White,Male,0,0,40,Mexico,<=50K
47,Private,349151,Assoc-voc,11,Married-civ-spouse,Machine-op-inspct,Husband,White,Male,0,0,45,United-States,>50K.
59,Self-emp-not-inc,198145,Prof-school,15,Married-civ-spouse,Prof-specialty,Husband,White,Male,0,0,35,United-States,>50K.
64,State-gov,417543,Doctorate,16,Widowed,Prof-specialty,Not-in-family,Black,Male,8614,0,50,United-States,>50K.
29,Private,413227,Bachelors,13,Never-married,Other-service,Not-in-family,White,Male,0,0,35,United-States,<=50K
43,Self-emp-not-inc,52131,Prof-school,15,Married-civ-spouse,Prof-specialty,Husband,White,Male,0,1902,50,United-States,>50K.
51,Self-emp-inc,110327,11th,7,Married-civ-spouse,Craft-repair,Husband,White,Male,0,0,60,United-States,>50K.
26,Private,289980,5th-6th,3,Married-civ-spouse,Farming-fishing,Husband,White,Male,0,0,30,Mexico,<=50K
40,Private,56651,HS-grad,9,Married-civ-spouse,Machine-op-inspct,Husband,White,Male,0,0,40,United-States,<=50K
26,Private,284343,Bachelors,13,Never-married,Prof-specialty,Not-in-family,White,Male,0,0,50,United-States,<=50K
62,State-gov,200916,Bachelors,13,Married-civ-spouse,Exec-managerial,Husband,White,Male,0,0,40,United-States,>50K.
30,Local-gov,170449,Masters,14,Married-civ-spouse,Prof-specialty,Husband,Asian-Pac-Islander,Male,0,0,40,United-States,>50K.
46,Private,141221,Bachelors,13,Married-civ-spouse,Adm-clerical,Husband,Asian-Pac-Islander,Male,0,0,40,Philippines,>50K.
42,Private,166740,Bachelors,13,Married-civ-spouse,Sales,Husband,White,Male,0,1887,50,United-States,>50K.
30,Private,257849,7th-8th,4,Married-civ-spouse,Craft-repair,Husband,White,Male,0,0,48,United-States,<=50K
20,Private,250630,Some-college,10,Never-married,Sales,Not-in-family,White,Female,0,0,20,United-States,<=50K
48,Private,318331,HS-grad,9,Never-married,Sales,Own-child,White,Male,0,0,40,United-States,<=50K
45,Private,111994,Some-college,10,Divorced,Sales,Not-in-family,White,Male,4650,0,40,United-States,<=50K
29,Private,132874,HS-grad,9,Married-civ-spouse,Craft-repair,Husband,White,Male,0,0,40,United-States,<=50K
45,Local-gov,187715,HS-grad,9,Married-civ-spouse,Protective-serv,Husband,White,Male,0,0,40,United-States,>50K.
53,Private,449376,HS-grad,9,Married-civ-spouse,Protective-serv,Husband,Black,Male,0,0,40,United-States,>50K.
33,Private,317660,Some-college,10,Married-civ-spouse,Craft-repair,Husband,White,Male,0,0,40,United-States,>50K.
60,Federal-gov,142769,Some-college,10,Married-civ-spouse,Craft-repair,Husband,White,Male,0,0,40,United-States,>50K.
32,Private,176998,Bachelors,13,Married-civ-spouse,Exec-managerial,Husband,White,Male,0,0,40,United-States,<=50K
29,Self-emp-not-inc,267661,HS-grad,9,Married-civ-spouse,Farming-fishing,Husband,White,Male,0,0,70,United-States,<=50K
32,Private,296466,HS-grad,9,Married-civ-spouse,Machine-op-inspct,Husband,White,Male,0,0,50,United-States,>50K.
57,Private,322691,Assoc-voc,11,Married-civ-spouse,Craft-repair,Husband,White,Male,0,0,40,United-States,>50K.
64,Private,183513,HS-grad,9,Never-married,Adm-clerical,Not-in-family,White,Female,0,0,25,United-States,<=50K
39,Private,114942,Some-college,10,Married-civ-spouse,Transport-moving,Husband,White,Male,0,0,43,United-States,>50K.
35,State-gov,154410,Some-college,10,Never-married,Farming-fishing,Own-child,White,Male,0,0,40,United-States,<=50K
26,Private,50053,Bachelors,13,Married-civ-spouse,Exec-managerial,Husband,White,Male,0,0,55,United-States,<=50K
59,Private,159048,HS-grad,9,Divorced,Other-service,Not-in-family,White,Female,0,0,40,United-States,<=50K
43,Self-emp-not-inc,116632,Assoc-voc,11,Married-civ-spouse,Sales,Husband,White,Male,0,1887,45,United-States,>50K.
45,Private,355781,Bachelors,13,Married-civ-spouse,Exec-managerial,Husband,Asian-Pac-Islander,Male,0,0,45,Japan,>50K.
56,Federal-gov,187873,Masters,14,Divorced,Adm-clerical,Unmarried,White,Female,0,0,40,United-States,<=50K
88,Self-emp-not-inc,263569,11th,7,Married-civ-spouse,Farming-fishing,Husband,White,Male,6418,0,40,United-States,>50K.
49,Private,196360,Some-college,10,Married-civ-spouse,Exec-managerial,Husband,White,Male,0,0,46,United-States,>50K.
27,Private,69132,Bachelors,13,Never-married,Prof-specialty,Not-in-family,White,Male,0,0,40,United-States,<=50K
43,Private,266439,HS-grad,9,Divorced,Machine-op-inspct,Not-in-family,White,Male,0,0,45,United-States,<=50K
32,Local-gov,247156,HS-grad,9,Married-civ-spouse,Other-service,Husband,Black,Male,3103,0,38,United-States,>50K.
52,Private,95704,9th,5,Married-civ-spouse,Handlers-cleaners,Husband,White,Male,0,0,40,United-States,<=50K
53,Federal-gov,172898,Prof-school,15,Married-civ-spouse,Prof-specialty,Husband,White,Male,0,0,60,United-States,>50K.
38,Self-emp-inc,125645,Some-college,10,Married-civ-spouse,Sales,Husband,White,Male,0,0,50,United-States,>50K.
30,Private,213226,Bachelors,13,Divorced,Sales,Not-in-family,White,Male,27828,0,40,United-States,>50K.
49,Private,328776,HS-grad,9,Divorced,Exec-managerial,Unmarried,White,Female,0,0,40,United-States,<=50K
43,State-gov,157999,Bachelors,13,Married-civ-spouse,Prof-specialty,Wife,White,Female,0,0,40,United-States,>50K.
55,Private,217802,Some-college,10,Married-civ-spouse,Adm-clerical,Husband,Black,Male,0,0,25,United-States,<=50K
51,Private,245356,Some-college,10,Married-civ-spouse,Exec-managerial,Husband,White,Male,7298,0,55,United-States,>50K.
30,Private,84119,HS-grad,9,Married-civ-spouse,Exec-managerial,Husband,White,Male,0,0,65,United-States,>50K.
45,Self-emp-not-inc,390746,HS-grad,9,Married-civ-spouse,Prof-specialty,Husband,White,Male,0,0,40,United-States,>50K.
39,Private,329980,Some-college,10,Married-civ-spouse,Craft-repair,Husband,White,Male,0,0,40,United-States,>50K.
45,State-gov,207847,Some-college,10,Never-married,Adm-clerical,Unmarried,White,Female,0,0,40,United-States,<=50K
54,State-gov,276005,Prof-school,15,Married-civ-spouse,Prof-specialty,Husband,White,Male,0,0,40,United-States,>50K.
21,Private,410439,Some-college,10,Never-married,Sales,Own-child,White,Male,0,0,24,United-States,<=50K
53,Private,167033,Some-college,10,Never-married,Exec-managerial,Not-in-family,Black,Female,0,0,40,United-States,<=50K
22,Private,416165,Some-college,10,Never-married,Sales,Unmarried,White,Female,0,0,32,United-States,<=50K
36,Self-emp-not-inc,52870,Bachelors,13,Married-civ-spouse,Exec-managerial,Husband,White,Male,4386,0,50,United-States,>50K.
32,Private,263908,Bachelors,13,Married-civ-spouse,Prof-specialty,Husband,White,Male,0,0,40,United-States,<=50K
57,State-gov,283635,Some-college,10,Divorced,Craft-repair,Not-in-family,White,Female,0,0,40,United-States,<=50K
36,Private,130589,Some-college,10,Divorced,Exec-managerial,Not-in-family,White,Male,0,0,45,United-States,<=50K
26,Private,76491,Masters,14,Married-civ-spouse,Prof-specialty,Husband,White,Male,0,0,20,United-States,<=50K
20,Self-emp-not-inc,54152,Some-college,10,Never-married,Craft-repair,Not-in-family,White,Female,0,0,35,United-States,<=50K
50,Federal-gov,176969,HS-grad,9,Divorced,Prof-specialty,Not-in-family,White,Male,0,1590,40,United-States,<=50K
50,Private,123374,Bachelors,13,Married-civ-spouse,Prof-specialty,Husband,White,Male,0,0,50,United-States,>50K.
47,Private,274883,HS-grad,9,Married-civ-spouse,Transport-moving,Husband,White,Male,0,0,65,United-States,>50K.
18,Private,118376,Some-college,10,Never-married,Sales,Own-child,White,Female,0,0,15,United-States,<=50K
48,Private,250648,Masters,14,Married-civ-spouse,Prof-specialty,Husband,White,Male,0,0,35,United-States,>50K.
46,Self-emp-inc,211020,Bachelors,13,Married-civ-spouse,Exec-managerial,Husband,White,Male,15024,0,60,Germany,>50K.
28,Federal-gov,214858,HS-grad,9,Never-married,Machine-op-inspct,Own-child,White,Male,0,0,48,United-States,<=50K
33,Private,228931,Bachelors,13,Married-civ-spouse,Prof-specialty,Husband,White,Male,7298,0,40,United-States,>50K.
22,State-gov,156773,Some-college,10,Never-married,Prof-specialty,Not-in-family,White,Male,0,0,15,?,<=50K
47,Private,168262,Some-college,10,Married-civ-spouse,Exec-managerial,Husband,White,Male,0,0,60,United-States,>50K.
30,Private,159589,Bachelors,13,Married-civ-spouse,Exec-managerial,Husband,White,Male,0,1848,50,United-States,>50K.
37,Private,21798,HS-grad,9,Married-civ-spouse,Craft-repair,Husband,White,Male,0,0,45,United-States,>50K.
40,Private,202168,Prof-school,15,Married-civ-spouse,Prof-specialty,Husband,White,Male,15024,0,55,United-States,>50K.
46,Private,234690,Bachelors,13,Married-civ-spouse,Adm-clerical,Husband,White,Male,0,0,40,Cuba,>50K.
30,Private,144064,HS-grad,9,Married-civ-spouse,Exec-managerial,Husband,White,Male,0,0,62,United-States,<=50K
47,Local-gov,188537,Masters,14,Married-civ-spouse,Prof-specialty,Wife,White,Female,0,0,60,United-States,>50K.
48,Private,377401,Some-college,10,Divorced,Sales,Not-in-family,White,Male,0,0,40,United-States,>50K.
30,Private,167476,Some-college,10,Married-civ-spouse,Transport-moving,Husband,White,Male,0,0,60,United-States,<=50K
40,Private,277256,Bachelors,13,Divorced,Exec-managerial,Not-in-family,White,Male,0,2559,55,United-States,>50K.
22,Private,232985,HS-grad,9,Never-married,Handlers-cleaners,Other-relative,White,Male,0,0,20,United-States,<=50K
36,Private,167691,Some-college,10,Married-civ-spouse,Exec-managerial,Wife,White,Female,0,0,40,United-States,>50K.
26,State-gov,175044,Some-college,10,Never-married,Protective-serv,Own-child,White,Male,0,0,40,United-States,<=50K
26,Self-emp-not-inc,117125,9th,5,Married-civ-spouse,Craft-repair,Husband,White,Male,0,0,40,Portugal,<=50K
34,Self-emp-not-inc,24961,HS-grad,9,Married-civ-spouse,Farming-fishing,Husband,White,Male,0,0,80,United-States,<=50K
27,Self-emp-not-inc,243569,HS-grad,9,Married-civ-spouse,Sales,Husband,White,Male,0,0,40,United-States,<=50K
43,Local-gov,256253,Bachelors,13,Married-civ-spouse,Prof-specialty,Husband,White,Male,0,0,55,United-States,>50K.
47,Private,145290,HS-grad,9,Married-civ-spouse,Machine-op-inspct,Husband,White,Male,0,0,45,United-States,<=50K
41,Private,338740,Bachelors,13,Married-civ-spouse,Craft-repair,Husband,White,Male,0,0,50,United-States,>50K.
59,Private,105745,Assoc-voc,11,Married-civ-spouse,Machine-op-inspct,Husband,White,Male,0,0,45,United-States,>50K.
40,State-gov,114714,Doctorate,16,Married-civ-spouse,Exec-managerial,Husband,Asian-Pac-Islander,Male,0,0,40,Taiwan,>50K.
45,Private,217953,HS-grad,9,Married-civ-spouse,Craft-repair,Husband,Other,Male,0,0,40,Mexico,<=50K
46,Private,312088,Bachelors,13,Married-civ-spouse,Prof-specialty,Husband,White,Male,15024,0,38,United-States,>50K.
50,Private,115284,Masters,14,Married-civ-spouse,Craft-repair,Husband,White,Male,0,0,40,United-States,>50K.
24,Private,249351,HS-grad,9,Married-civ-spouse,Machine-op-inspct,Wife,White,Female,0,0,40,United-States,<=50K
37,Local-gov,176949,Masters,14,Married-civ-spouse,Exec-managerial,Husband,White,Male,7688,0,55,United-States,>50K.
59,Local-gov,435836,10th,6,Married-civ-spouse,Other-service,Wife,White,Female,0,0,30,United-States,>50K.
27,Private,394927,Bachelors,13,Married-civ-spouse,Sales,Husband,White,Male,0,0,55,United-States,<=50K
45,Private,226081,Assoc-voc,11,Married-civ-spouse,Craft-repair,Husband,White,Male,0,0,40,United-States,>50K.
29,Private,114158,Bachelors,13,Never-married,Exec-managerial,Own-child,White,Female,3325,0,10,United-States,<=50K
34,Private,121321,HS-grad,9,Married-civ-spouse,Transport-moving,Husband,White,Male,0,0,50,United-States,>50K.
38,Private,698363,HS-grad,9,Married-civ-spouse,Craft-repair,Husband,White,Male,0,0,40,United-States,<=50K
32,Self-emp-not-inc,24529,Some-college,10,Never-married,Craft-repair,Not-in-family,White,Male,0,0,50,United-States,>50K.
30,Private,225243,Masters,14,Married-civ-spouse,Prof-specialty,Husband,White,Male,0,0,47,United-States,>50K.
19,Private,243941,Some-college,10,Never-married,Sales,Own-child,Amer-Indian-Eskimo,Female,0,1721,25,United-States,<=50K
59,Private,153484,Some-college,10,Married-civ-spouse,Craft-repair,Husband,White,Male,0,0,40,United-States,>50K.
28,Private,126060,HS-grad,9,Married-civ-spouse,Adm-clerical,Wife,White,Female,99999,0,36,United-States,>50K.
54,Private,96710,HS-grad,9,Married-civ-spouse,Priv-house-serv,Other-relative,Black,Female,0,0,20,United-States,<=50K
21,Private,344891,Some-college,10,Never-married,Adm-clerical,Own-child,Asian-Pac-Islander,Male,0,0,20,United-States,<=50K
28,Private,31801,Bachelors,13,Married-civ-spouse,Craft-repair,Husband,White,Male,0,1887,50,United-States,>50K.
39,Private,168894,Some-college,10,Never-married,Adm-clerical,Not-in-family,White,Female,0,0,40,United-States,<=50K
30,Private,236543,9th,5,Married-civ-spouse,Other-service,Husband,White,Male,0,0,32,El-Salvador,>50K.
28,Private,153546,11th,7,Divorced,Other-service,Unmarried,White,Female,0,0,40,United-States,<=50K
70,Private,102610,10th,6,Married-civ-spouse,Handlers-cleaners,Husband,White,Male,0,0,32,United-States,<=50K
46,State-gov,106444,Some-college,10,Married-civ-spouse,Exec-managerial,Husband,Black,Male,7688,0,38,United-States,>50K.
38,Local-gov,218184,5th-6th,3,Married-civ-spouse,Handlers-cleaners,Other-relative,White,Male,0,0,40,Mexico,<=50K
48,Private,268022,Assoc-acdm,12,Married-civ-spouse,Exec-managerial,Husband,White,Male,7298,0,55,United-States,>50K.
25,Private,133373,Bachelors,13,Never-married,Sales,Own-child,White,Male,0,0,40,United-States,>50K.
42,Self-emp-inc,125846,1st-4th,2,Married-civ-spouse,Sales,Husband,White,Male,0,0,60,?,<=50K
25,Local-gov,170070,Bachelors,13,Never-married,Prof-specialty,Not-in-family,White,Female,0,0,50,United-States,>50K.
32,Self-emp-not-inc,38158,Assoc-voc,11,Married-civ-spouse,Farming-fishing,Husband,White,Male,7298,0,70,United-States,>50K.
57,Private,143266,Bachelors,13,Married-civ-spouse,Exec-managerial,Husband,White,Male,7298,0,60,,>50K.
30,Local-gov,44566,Bachelors,13,Married-civ-spouse,Prof-specialty,Husband,White,Male,0,0,80,United-States,<=50K
63,Private,195338,Bachelors,13,Married-civ-spouse,Exec-managerial,Husband,White,Male,15024,0,45,United-States,>50K.
54,Private,197975,5th-6th,3,Married-civ-spouse,Sales,Husband,White,Male,0,0,51,United-States,<=50K
20,Private,223515,Some-college,10,Never-married,Other-service,Own-child,White,Male,0,0,40,United-States,<=50K
38,Private,425502,9th,5,Married-civ-spouse,Craft-repair,Husband,White,Male,0,0,40,United-States,>50K.
47,Private,133969,Bachelors,13,Married-civ-spouse,Exec-managerial,Husband,Asian-Pac-Islander,Male,2885,0,65,Japan,<=50K
32,Self-emp-not-inc,112115,12th,8,Married-civ-spouse,Craft-repair,Husband,White,Male,0,0,70,United-States,>50K.
58,Local-gov,81132,HS-grad,9,Married-civ-spouse,Handlers-cleaners,Husband,Asian-Pac-Islander,Male,0,0,80,Philippines,>50K.
36,Private,109133,HS-grad,9,Married-civ-spouse,Craft-repair,Husband,White,Male,0,0,40,United-States,<=50K
35,Self-emp-not-inc,455379,HS-grad,9,Married-civ-spouse,Transport-moving,Husband,White,Male,0,0,65,United-States,>50K.
68,Private,284763,11th,7,Divorced,Transport-moving,Not-in-family,White,Male,0,0,70,United-States,<=50K
47,Federal-gov,197332,Bachelors,13,Divorced,Prof-specialty,Not-in-family,White,Male,0,0,40,United-States,<=50K
48,Private,352614,HS-grad,9,Married-civ-spouse,Prof-specialty,Husband,White,Male,7688,0,40,,>50K.
26,Federal-gov,169101,Some-college,10,Never-married,Tech-support,Own-child,White,Female,0,0,40,United-States,<=50K
45,State-gov,86618,Masters,14,Never-married,Exec-managerial,Not-in-family,White,Female,0,0,50,United-States,>50K.
49,Self-emp-inc,77132,HS-grad,9,Married-civ-spouse,Exec-managerial,Husband,White,Male,0,0,40,Canada,>50K.
36,Self-emp-not-inc,172425,Bachelors,13,Married-civ-spouse,Exec-managerial,Wife,White,Female,0,0,25,United-States,>50K.
49,Private,169092,Some-college,10,Married-civ-spouse,Exec-managerial,Wife,White,Female,5178,0,40,Canada,>50K.
40,Private,214891,Bachelors,13,Married-spouse-absent,Transport-moving,Own-child,Other,Male,0,0,45,?,<=50K
42,Private,144594,HS-grad,9,Married-civ-spouse,Craft-repair,Husband,White,Male,0,0,40,United-States,>50K.
39,Self-emp-not-inc,189922,HS-grad,9,Married-civ-spouse,Exec-managerial,Husband,White,Male,0,0,60,United-States,>50K.
23,?,145964,Some-college,10,Never-married,?,Not-in-family,White,Male,0,0,40,United-States,<=50K
47,State-gov,304512,Masters,14,Divorced,Exec-managerial,Not-in-family,White,Male,0,0,50,United-States,>50K.
41,Federal-gov,27444,Some-college,10,Married-civ-spouse,Exec-managerial,Husband,White,Male,0,0,40,United-States,>50K.
32,Private,364657,Some-college,10,Married-civ-spouse,Exec-managerial,Husband,White,Male,0,0,50,United-States,<=50K
61,State-gov,347445,Masters,14,Married-civ-spouse,Exec-managerial,Husband,White,Male,0,0,40,United-States,>50K.
51,Private,302847,HS-grad,9,Married-civ-spouse,Craft-repair,Husband,White,Male,0,0,54,United-States,<=50K
32,Private,149368,Bachelors,13,Married-civ-spouse,Prof-specialty,Husband,White,Male,0,0,40,United-States,>50K.
54,Private,81859,HS-grad,9,Married-civ-spouse,Adm-clerical,Husband,White,Male,0,0,40,United-States,>50K.
37,Self-emp-not-inc,200352,Bachelors,13,Married-civ-spouse,Craft-repair,Husband,White,Male,0,0,50,United-States,>50K.
28,Private,632733,Masters,14,Married-civ-spouse,Sales,Husband,White,Male,0,0,60,United-States,>50K.
38,Self-emp-not-inc,203988,Doctorate,16,Married-civ-spouse,Prof-specialty,Husband,White,Male,99999,0,55,United-States,>50K.
59,Private,378585,Bachelors,13,Married-civ-spouse,Prof-specialty,Husband,White,Male,0,0,44,United-States,>50K.
31,Private,310773,Some-college,10,Separated,Sales,Unmarried,White,Female,0,0,40,Mexico,<=50K
41,Private,208330,Some-college,10,Married-civ-spouse,Sales,Husband,White,Male,0,0,51,United-States,<=50K
42,Private,412379,HS-grad,9,Married-civ-spouse,Handlers-cleaners,Husband,White,Male,0,0,40,United-States,<=50K
55,Private,173504,Some-college,10,Married-civ-spouse,Other-service,Husband,White,Male,0,0,50,United-States,>50K.
36,Private,290409,Some-college,10,Married-civ-spouse,Transport-moving,Husband,White,Male,0,0,40,United-States,<=50K
39,Private,48093,HS-grad,9,Never-married,Handlers-cleaners,Not-in-family,White,Male,0,0,40,United-States,<=50K
63,Private,246841,HS-grad,9,Married-civ-spouse,Handlers-cleaners,Husband,White,Male,0,0,40,United-States,<=50K
41,State-gov,100800,Masters,14,Divorced,Prof-specialty,Not-in-family,White,Male,0,0,35,United-States,<=50K
35,Federal-gov,413930,HS-grad,9,Married-civ-spouse,Craft-repair,Husband,White,Male,0,0,40,United-States,>50K.
34,Local-gov,260782,Some-college,10,Married-civ-spouse,Handlers-cleaners,Husband,White,Male,0,0,52,United-States,>50K.
20,Private,117222,HS-grad,9,Never-married,Other-service,Own-child,White,Male,0,0,50,United-States,<=50K
43,Private,102025,Masters,14,Married-civ-spouse,Prof-specialty,Husband,Other,Male,0,0,50,United-States,<=50K
26,Private,235520,Bachelors,13,Married-civ-spouse,Adm-clerical,Husband,White,Male,0,0,40,United-States,>50K.
38,Self-emp-not-inc,184456,HS-grad,9,Married-civ-spouse,Other-service,Husband,White,Male,3464,0,80,Italy,<=50K
30,Self-emp-not-inc,172748,7th-8th,4,Never-married,Craft-repair,Own-child,White,Male,0,0,40,United-States,<=50K
21,Private,186849,HS-grad,9,Never-married,Handlers-cleaners,Own-child,White,Male,0,0,40,United-States,<=50K
32,Federal-gov,86150,Bachelors,13,Married-civ-spouse,Exec-managerial,Wife,Asian-Pac-Islander,Female,0,1977,40,United-States,>50K.
37,Private,80303,Some-college,10,Married-civ-spouse,Tech-support,Husband,White,Male,0,0,40,United-States,>50K.
22,Private,173736,HS-grad,9,Married-civ-spouse,Craft-repair,Husband,White,Male,0,0,40,United-States,<=50K
23,Private,233280,Bachelors,13,Divorced,Adm-clerical,Not-in-family,White,Female,8614,0,70,United-States,>50K.
35,Private,222868,HS-grad,9,Married-civ-spouse,Adm-clerical,Husband,White,Male,0,0,40,United-States,<=50K
27,Private,209472,Bachelors,13,Never-married,Exec-managerial,Not-in-family,White,Male,0,0,50,United-States,<=50K
28,Private,108574,Some-college,10,Married-civ-spouse,Adm-clerical,Wife,White,Female,0,0,15,United-States,<=50K
32,Private,144949,HS-grad,9,Married-civ-spouse,Sales,Husband,White,Male,0,0,40,United-States,>50K.
41,Private,101290,HS-grad,9,Divorced,Sales,Unmarried,White,Female,0,0,40,United-States,<=50K
59,Private,98361,11th,7,Married-civ-spouse,Machine-op-inspct,Husband,White,Male,0,0,40,United-States,<=50K
30,Self-emp-not-inc,45427,Assoc-voc,11,Divorced,Craft-repair,Not-in-family,White,Male,0,0,49,United-States,<=50K
44,Self-emp-inc,144778,Prof-school,15,Never-married,Prof-specialty,Not-in-family,White,Male,8614,0,50,United-States,>50K.
44,Private,101563,Masters,14,Divorced,Exec-managerial,Unmarried,White,Male,7430,0,45,United-States,>50K.
43,Private,128354,HS-grad,9,Divorced,Exec-managerial,Not-in-family,White,Female,0,0,40,United-States,<=50K
30,Federal-gov,73514,Bachelors,13,Never-married,Exec-managerial,Other-relative,Asian-Pac-Islander,Female,0,0,45,United-States,<=50K
51,Self-emp-not-inc,194259,Masters,14,Married-civ-spouse,Prof-specialty,Wife,White,Female,15024,0,55,,>50K.
36,Private,104772,HS-grad,9,Married-civ-spouse,Craft-repair,Husband,White,Male,0,0,40,United-States,>50K.
25,Private,217006,11th,7,Married-civ-spouse,Machine-op-inspct,Husband,White,Male,0,0,40,United-States,<=50K
47,Local-gov,246891,Masters,14,Divorced,Prof-specialty,Unmarried,White,Male,0,0,45,United-States,>50K.
50,State-gov,161075,HS-grad,9,Widowed,Tech-support,Unmarried,Black,Female,0,0,40,United-States,<=50K
36,Private,157184,HS-grad,9,Married-civ-spouse,Craft-repair,Husband,Other,Male,0,0,40,United-States,>50K.
44,Private,162643,HS-grad,9,Never-married,Adm-clerical,Not-in-family,White,Female,0,0,43,United-States,<=50K
56,Federal-gov,156842,Some-college,10,Separated,Other-service,Not-in-family,Black,Male,0,0,40,United-States,<=50K
38,Federal-gov,337505,Some-college,10,Married-civ-spouse,Adm-clerical,Husband,Asian-Pac-Islander,Male,0,0,40,Philippines,>50K.
45,Private,83993,Assoc-acdm,12,Divorced,Exec-managerial,Unmarried,White,Female,0,0,56,United-States,>50K.
54,Private,141272,HS-grad,9,Married-civ-spouse,Adm-clerical,Wife,White,Female,0,0,40,United-States,>50K.
40,State-gov,255824,Masters,14,Married-civ-spouse,Protective-serv,Husband,White,Male,0,0,40,United-States,>50K.
45,Self-emp-not-inc,58683,Bachelors,13,Married-civ-spouse,Sales,Husband,White,Male,5178,0,48,United-States,>50K.
33,Private,252646,Masters,14,Married-civ-spouse,Exec-managerial,Husband,White,Male,0,0,55,United-States,>50K.
63,Federal-gov,31115,Some-college,10,Married-civ-spouse,Exec-managerial,Husband,White,Male,15024,0,40,United-States,>50K.
38,Private,26698,HS-grad,9,Married-civ-spouse,Tech-support,Husband,White,Male,0,0,40,United-States,<=50K
42,Private,154374,Masters,14,Married-civ-spouse,Craft-repair,Husband,White,Male,0,0,55,United-States,>50K.
49,Self-emp-inc,211020,Doctorate,16,Married-civ-spouse,Prof-specialty,Husband,White,Male,15024,0,50,United-States,>50K.
27,Private,32452,Masters,14,Married-civ-spouse,Adm-clerical,Wife,White,Female,0,0,20,United-States,>50K.
40,Private,309990,HS-grad,9,Separated,Adm-clerical,Not-in-family,White,Female,8614,0,60,United-States,>50K.
67,Local-gov,181220,Some-college,10,Divorced,Adm-clerical,Not-in-family,Black,Female,0,0,20,United-States,<=50K
39,Private,224541,Assoc-acdm,12,Married-civ-spouse,Craft-repair,Husband,White,Male,0,0,40,United-States,>50K.
46,Private,164733,Masters,14,Married-civ-spouse,Prof-specialty,Husband,White,Male,0,0,41,United-States,<=50K
43,Private,171087,Bachelors,13,Married-civ-spouse,Prof-specialty,Husband,White,Male,5178,0,40,United-States,>50K.
36,Private,141584,Some-college,10,Married-civ-spouse,Prof-specialty,Husband,White,Male,0,0,50,United-States,>50K.
56,Private,157786,Bachelors,13,Married-civ-spouse,Exec-managerial,Husband,White,Male,0,1902,55,United-States,>50K.
33,Self-emp-not-inc,294434,Assoc-voc,11,Married-civ-spouse,Farming-fishing,Husband,White,Male,0,0,76,United-States,>50K.
36,Private,23892,Assoc-acdm,12,Divorced,Sales,Not-in-family,White,Female,0,0,40,United-States,>50K.
50,Private,155574,Assoc-acdm,12,Married-civ-spouse,Transport-moving,Husband,White,Male,0,0,55,United-States,>50K.
58,Private,145370,Bachelors,13,Married-civ-spouse,Sales,Husband,Black,Male,15024,0,50,United-States,>50K.
39,Private,215981,Some-college,10,Married-civ-spouse,Sales,Husband,White,Male,0,0,40,United-States,>50K.
32,Private,50178,HS-grad,9,Married-civ-spouse,Machine-op-inspct,Husband,White,Male,0,0,40,United-States,>50K.
31,Private,234537,Bachelors,13,Married-civ-spouse,Prof-specialty,Husband,White,Male,7298,0,50,United-States,>50K.
41,Self-emp-not-inc,134724,Assoc-voc,11,Married-civ-spouse,Other-service,Wife,White,Female,3103,0,40,United-States,>50K.
50,Private,83311,Masters,14,Married-civ-spouse,Exec-managerial,Husband,White,Male,0,0,40,United-States,>50K.
31,Private,124483,Masters,14,Never-married,Adm-clerical,Not-in-family,Asian-Pac-Islander,Male,0,0,60,India,>50K.
46,Private,186172,HS-grad,9,Married-civ-spouse,Craft-repair,Husband,White,Male,0,0,50,United-States,>50K.
53,Self-emp-inc,251240,Bachelors,13,Married-civ-spouse,Exec-managerial,Husband,White,Male,0,2415,50,United-States,>50K.
49,Self-emp-inc,109705,Some-college,10,Divorced,Exec-managerial,Unmarried,White,Female,0,0,32,United-States,<=50K
24,Private,193920,Masters,14,Never-married,Priv-house-serv,Not-in-family,White,Female,0,0,45,?,<=50K
24,Private,224954,Some-college,10,Never-married,Handlers-cleaners,Own-child,White,Male,0,0,40,United-States,<=50K
26,Private,263444,Assoc-voc,11,Never-married,Tech-support,Not-in-family,White,Male,14344,0,40,United-States,>50K.
42,Private,68729,Some-college,10,Never-married,Craft-repair,Not-in-family,Asian-Pac-Islander,Male,0,0,40,United-States,<=50K
33,Private,205950,Assoc-voc,11,Married-civ-spouse,Machine-op-inspct,Husband,White,Male,0,0,40,United-States,>50K.
31,Private,91964,Bachelors,13,Never-married,Exec-managerial,Not-in-family,White,Male,0,0,40,United-States,<=50K
37,Private,190297,Bachelors,13,Married-civ-spouse,Tech-support,Husband,White,Male,0,0,45,United-States,>50K.
35,Private,123809,Bachelors,13,Married-civ-spouse,Prof-specialty,Wife,White,Female,15024,0,35,United-States,>50K.
41,Self-emp-inc,299813,9th,5,Married-civ-spouse,Sales,Wife,White,Female,0,0,70,Dominican-Republic,<=50K
43,Self-emp-inc,150533,Assoc-acdm,12,Married-civ-spouse,Exec-managerial,Husband,White,Male,0,0,50,United-States,<=50K
71,?,178295,Assoc-acdm,12,Married-civ-spouse,?,Husband,White,Male,0,0,3,United-States,<=50K
59,Local-gov,358747,Some-college,10,Married-civ-spouse,Craft-repair,Husband,White,Male,0,0,55,United-States,>50K.
55,Private,124771,Bachelors,13,Married-civ-spouse,Exec-managerial,Husband,White,Male,15024,0,50,United-States,>50K.
42,Self-emp-not-inc,373403,HS-grad,9,Married-civ-spouse,Farming-fishing,Husband,White,Male,0,0,50,United-States,<=50K
49,Private,213897,Bachelors,13,Married-civ-spouse,Sales,Husband,Asian-Pac-Islander,Male,0,0,50,Japan,>50K.
36,Self-emp-not-inc,609935,Bachelors,13,Married-civ-spouse,Transport-moving,Husband,Black,Male,0,0,48,?,<=50K
49,Private,103123,Bachelors,13,Married-civ-spouse,Handlers-cleaners,Husband,White,Male,0,0,40,United-States,>50K.
27,Private,215873,HS-grad,9,Never-married,Machine-op-inspct,Own-child,Black,Male,0,0,40,United-States,<=50K
55,Self-emp-not-inc,193374,HS-grad,9,Divorced,Craft-repair,Not-in-family,White,Male,0,0,40,United-States,<=50K
58,?,158506,11th,7,Married-civ-spouse,?,Husband,White,Male,0,0,16,United-States,<=50K
38,Private,179123,Some-college,10,Never-married,Exec-managerial,Not-in-family,White,Female,0,0,50,United-States,>50K.
56,Private,56331,HS-grad,9,Never-married,Machine-op-inspct,Not-in-family,White,Male,0,0,32,United-States,<=50K
44,Private,271792,Bachelors,13,Married-spouse-absent,Exec-managerial,Unmarried,White,Female,0,0,40,United-States,<=50K
42,State-gov,82161,HS-grad,9,Married-civ-spouse,Protective-serv,Husband,White,Male,0,0,72,United-States,>50K.
45,State-gov,94754,Masters,14,Married-civ-spouse,Adm-clerical,Husband,White,Male,0,0,40,India,<=50K
22,Private,141698,10th,6,Never-married,Craft-repair,Unmarried,White,Male,0,0,40,United-States,<=50K
42,Private,233366,5th-6th,3,Married-civ-spouse,Craft-repair,Husband,Other,Male,3103,0,40,Mexico,>50K.
22,?,165065,Some-college,10,Never-married,?,Own-child,White,Female,0,0,40,Italy,<=50K
30,Private,241583,Some-college,10,Married-civ-spouse,Machine-op-inspct,Husband,White,Male,0,0,40,United-States,<=50K
53,?,150393,HS-grad,9,Never-married,?,Not-in-family,White,Male,0,1504,35,United-States,<=50K
30,Private,236861,HS-grad,9,Never-married,Exec-managerial,Not-in-family,White,Male,0,1876,45,United-States,<=50K
50,Private,98815,Assoc-voc,11,Married-civ-spouse,Adm-clerical,Husband,White,Male,0,0,46,United-States,>50K.
52,Private,145879,Some-college,10,Married-civ-spouse,Sales,Husband,White,Male,0,0,65,United-States,<=50K
20,Private,39803,Some-college,10,Never-married,Other-service,Own-child,White,Male,0,1719,36,United-States,<=50K
22,Private,112137,Some-college,10,Never-married,Prof-specialty,Other-relative,Asian-Pac-Islander,Female,0,0,20,South,<=50K
39,Private,337898,Bachelors,13,Divorced,Exec-managerial,Not-in-family,White,Male,0,0,55,United-States,<=50K
30,Private,250804,HS-grad,9,Married-civ-spouse,Craft-repair,Husband,White,Male,0,0,40,United-States,>50K.
38,Private,318610,Some-college,10,Divorced,Adm-clerical,Unmarried,Black,Female,0,0,40,United-States,<=50K
49,Private,117849,HS-grad,9,Married-civ-spouse,Craft-repair,Husband,White,Male,0,0,40,United-States,>50K.
50,Private,174655,Bachelors,13,Married-civ-spouse,Craft-repair,Husband,White,Male,0,1887,40,United-States,>50K.
54,Self-emp-inc,159219,Prof-school,15,Married-civ-spouse,Prof-specialty,Husband,White,Male,99999,0,40,United-States,>50K.
23,Private,240137,5th-6th,3,Never-married,Handlers-cleaners,Not-in-family,White,Male,0,0,55,Mexico,<=50K
53,Self-emp-not-inc,152810,10th,6,Married-civ-spouse,Craft-repair,Husband,White,Male,0,0,40,United-States,<=50K
25,Private,197130,HS-grad,9,Never-married,Sales,Own-child,White,Female,0,0,30,United-States,<=50K
71,State-gov,26109,Prof-school,15,Married-civ-spouse,Other-service,Husband,White,Male,0,0,28,United-States,<=50K
33,Self-emp-inc,49795,Bachelors,13,Never-married,Prof-specialty,Not-in-family,White,Male,0,0,45,United-States,<=50K
23,Private,244771,Some-college,10,Never-married,Machine-op-inspct,Own-child,Black,Female,0,0,20,Jamaica,<=50K
53,Self-emp-inc,368014,Prof-school,15,Married-civ-spouse,Prof-specialty,Husband,White,Male,0,1977,60,United-States,>50K.
72,Private,188528,Assoc-voc,11,Married-civ-spouse,Adm-clerical,Husband,White,Male,0,0,45,Canada,>50K.
41,Private,425444,Bachelors,13,Married-civ-spouse,Prof-specialty,Wife,White,Female,15024,0,50,United-States,>50K.
44,Private,239876,Bachelors,13,Divorced,Prof-specialty,Unmarried,Black,Male,0,0,40,United-States,<=50K
49,Private,241350,HS-grad,9,Married-civ-spouse,Machine-op-inspct,Husband,White,Male,5178,0,40,United-States,>50K.
55,Private,27227,Some-college,10,Married-civ-spouse,Other-service,Husband,White,Male,0,1977,35,United-States,>50K.
43,State-gov,118544,Masters,14,Married-civ-spouse,Exec-managerial,Husband,White,Male,0,0,50,United-States,>50K.
38,Private,335104,Bachelors,13,Divorced,Prof-specialty,Not-in-family,White,Female,0,0,35,United-States,<=50K
32,Private,72967,Prof-school,15,Married-civ-spouse,Prof-specialty,Husband,White,Male,0,0,25,United-States,>50K.
47,Private,221666,Some-college,10,Divorced,Tech-support,Unmarried,White,Female,0,0,40,United-States,<=50K
20,Private,216811,Some-college,10,Never-married,Sales,Own-child,White,Female,0,0,40,United-States,<=50K
61,Private,213700,Bachelors,13,Married-civ-spouse,Sales,Husband,White,Male,0,0,32,United-States,>50K.
26,Self-emp-not-inc,195636,10th,6,Never-married,Exec-managerial,Not-in-family,White,Male,0,0,75,United-States,>50K.
40,Private,210857,Some-college,10,Married-civ-spouse,Exec-managerial,Husband,White,Male,0,1902,50,United-States,>50K.
52,Federal-gov,165998,Prof-school,15,Married-civ-spouse,Armed-Forces,Husband,White,Male,7298,0,50,United-States,>50K.
50,Private,320510,Some-college,10,Married-civ-spouse,Exec-managerial,Husband,White,Male,0,0,60,United-States,>50K.
40,Private,200574,Assoc-acdm,12,Married-civ-spouse,Tech-support,Husband,White,Male,0,0,44,United-States,<=50K
33,Private,198727,HS-grad,9,Divorced,Tech-support,Not-in-family,White,Female,0,0,40,United-States,<=50K
35,Private,452283,HS-grad,9,Divorced,Sales,Own-child,White,Female,0,0,40,United-States,<=50K
57,,221417,Bachelors,13,Married-civ-spouse,,Husband,White,Male,0,0,40,United-States,>50K.
48,Self-emp-not-inc,65535,HS-grad,9,Married-civ-spouse,Farming-fishing,Husband,White,Male,0,0,50,United-States,<=50K
29,Self-emp-not-inc,405083,HS-grad,9,Never-married,Sales,Not-in-family,White,Male,0,0,40,United-States,<=50K
47,Private,209057,Some-college,10,Divorced,Craft-repair,Unmarried,White,Male,0,0,40,United-States,>50K.
21,Private,502837,HS-grad,9,Never-married,Machine-op-inspct,Own-child,White,Female,0,0,40,Peru,<=50K
41,Local-gov,177599,Bachelors,13,Divorced,Prof-specialty,Unmarried,White,Female,0,0,35,United-States,<=50K
42,State-gov,147206,Assoc-voc,11,Married-civ-spouse,Exec-managerial,Husband,White,Male,0,0,40,United-States,>50K.
28,Private,114072,HS-grad,9,Married-civ-spouse,Exec-managerial,Husband,White,Male,0,0,40,United-States,>50K.
32,Private,154950,Bachelors,13,Married-civ-spouse,Sales,Husband,White,Male,0,1977,44,United-States,>50K.
33,Private,206512,Some-college,10,Divorced,Prof-specialty,Not-in-family,White,Male,0,0,40,United-States,<=50K
53,Private,96062,Some-college,10,Married-civ-spouse,Exec-managerial,Husband,White,Male,0,1740,40,United-States,<=50K
44,Private,344060,Bachelors,13,Never-married,Prof-specialty,Not-in-family,White,Male,27828,0,40,United-States,>50K.
42,Private,122215,HS-grad,9,Widowed,Prof-specialty,Not-in-family,White,Male,0,0,40,United-States,>50K.
29,?,168873,Some-college,10,Divorced,?,Unmarried,White,Female,0,0,30,United-States,<=50K
28,Private,75695,Some-college,10,Separated,Other-service,Not-in-family,White,Female,0,0,60,United-States,<=50K
42,Private,29393,Some-college,10,Divorced,Machine-op-inspct,Not-in-family,White,Female,0,0,40,United-States,<=50K
37,Local-gov,239161,Some-college,10,Separated,Protective-serv,Own-child,Other,Male,0,0,52,United-States,<=50K
31,Private,216827,HS-grad,9,Separated,Other-service,Unmarried,Black,Female,0,0,40,United-States,<=50K
52,Self-emp-inc,210736,Bachelors,13,Married-civ-spouse,Sales,Husband,White,Male,0,0,60,United-States,<=50K
19,?,140399,Some-college,10,Never-married,?,Other-relative,White,Female,0,0,30,United-States,<=50K
53,Private,156612,12th,8,Divorced,Transport-moving,Not-in-family,White,Female,0,0,40,United-States,<=50K
34,Private,293703,Some-college,10,Married-civ-spouse,Craft-repair,Husband,Asian-Pac-Islander,Male,0,0,40,Philippines,<=50K
26,State-gov,158963,Masters,14,Never-married,Exec-managerial,Not-in-family,White,Female,0,0,40,United-States,<=50K
38,Private,212143,Some-college,10,Married-civ-spouse,Exec-managerial,Wife,White,Female,0,0,35,United-States,>50K.
59,Private,121865,HS-grad,9,Divorced,Other-service,Not-in-family,Black,Female,0,0,40,United-States,<=50K
27,Self-emp-inc,233724,HS-grad,9,Separated,Adm-clerical,Not-in-family,White,Male,0,0,38,United-States,<=50K
57,Private,337001,Masters,14,Married-civ-spouse,Exec-managerial,Husband,White,Male,0,0,45,United-States,>50K.
27,Private,242207,Bachelors,13,Never-married,Tech-support,Own-child,White,Female,0,0,40,United-States,<=50K
70,?,306563,HS-grad,9,Married-civ-spouse,?,Husband,White,Male,0,0,40,United-States,<=50K
51,Private,165278,Assoc-voc,11,Divorced,Sales,Not-in-family,White,Male,0,0,46,United-States,>50K.
46,State-gov,114396,Masters,14,Married-civ-spouse,Prof-specialty,Husband,White,Male,0,0,40,United-States,>50K.
36,Federal-gov,72338,Bachelors,13,Married-civ-spouse,Prof-specialty,Husband,Asian-Pac-Islander,Male,0,0,40,United-States,>50K.
38,Federal-gov,103323,Bachelors,13,Married-civ-spouse,Protective-serv,Husband,White,Male,0,0,55,United-States,>50K.
28,Private,175343,Bachelors,13,Married-civ-spouse,Sales,Husband,White,Male,0,0,40,United-States,<=50K
44,Self-emp-not-inc,205033,12th,8,Married-civ-spouse,Exec-managerial,Husband,White,Male,0,0,55,United-States,>50K.
35,Private,52738,Some-college,10,Married-civ-spouse,Machine-op-inspct,Husband,White,Male,0,0,46,United-States,<=50K
31,Private,19302,Assoc-acdm,12,Never-married,Adm-clerical,Not-in-family,White,Male,2202,0,38,United-States,<=50K
55,Private,139834,Bachelors,13,Married-civ-spouse,Prof-specialty,Husband,White,Male,0,0,40,United-States,>50K.
58,Self-emp-inc,229116,Prof-school,15,Divorced,Prof-specialty,Not-in-family,White,Male,0,0,70,United-States,>50K.
30,?,97281,Some-college,10,Separated,?,Not-in-family,White,Male,0,0,60,United-States,<=50K
32,Private,199963,11th,7,Married-civ-spouse,Machine-op-inspct,Wife,White,Female,0,0,40,United-States,<=50K
22,?,139883,Some-college,10,Never-married,?,Own-child,White,Male,0,0,40,United-States,<=50K
36,Private,168055,Bachelors,13,Married-civ-spouse,Exec-managerial,Husband,White,Male,5178,0,40,United-States,>50K.
28,Private,142712,Bachelors,13,Married-civ-spouse,Exec-managerial,Husband,White,Male,0,1902,57,United-States,>50K.
48,Local-gov,169515,Bachelors,13,Divorced,Protective-serv,Not-in-family,Black,Female,0,0,43,United-States,>50K.
52,Private,176124,HS-grad,9,Married-civ-spouse,Tech-support,Husband,White,Male,0,0,40,United-States,>50K.
32,Private,360761,HS-grad,9,Married-civ-spouse,Transport-moving,Husband,White,Male,0,0,60,United-States,>50K.
30,Private,208068,HS-grad,9,Married-civ-spouse,Craft-repair,Husband,Other,Male,0,0,40,Mexico,<=50K
44,State-gov,46221,Doctorate,16,Never-married,Prof-specialty,Not-in-family,White,Male,0,0,45,United-States,>50K.
49,Self-emp-not-inc,192203,9th,5,Married-civ-spouse,Craft-repair,Husband,White,Male,0,0,40,Canada,<=50K
17,Private,438996,10th,6,Never-married,Other-service,Other-relative,White,Male,0,0,40,Mexico,<=50K
35,Private,320305,HS-grad,9,Married-civ-spouse,Craft-repair,Husband,White,Male,0,0,32,United-States,<=50K
55,Local-gov,165695,HS-grad,9,Divorced,Adm-clerical,Unmarried,White,Male,0,0,40,United-States,<=50K
39,Private,271610,HS-grad,9,Married-civ-spouse,Transport-moving,Husband,White,Male,0,0,60,United-States,>50K.
51,Self-emp-not-inc,149220,Some-college,10,Married-civ-spouse,Farming-fishing,Husband,White,Male,0,0,75,United-States,<=50K
40,Private,326310,Some-college,10,Married-civ-spouse,Craft-repair,Husband,White,Male,0,0,44,United-States,<=50K
34,State-gov,287908,HS-grad,9,Never-married,Other-service,Own-child,Black,Male,0,0,42,United-States,<=50K
22,Private,201490,HS-grad,9,Never-married,Adm-clerical,Own-child,White,Male,0,0,20,United-States,<=50K
64,Private,151540,11th,7,Widowed,Tech-support,Unmarried,White,Female,0,0,16,United-States,<=50K
45,Private,177536,Bachelors,13,Married-civ-spouse,Exec-managerial,Husband,White,Male,0,0,45,England,>50K.
41,Self-emp-inc,99212,HS-grad,9,Separated,Exec-managerial,Unmarried,White,Male,0,0,40,United-States,<=50K
57,Private,222477,Some-college,10,Married-civ-spouse,Prof-specialty,Wife,White,Female,15024,0,8,United-States,>50K.
46,Private,25894,Doctorate,16,Divorced,Prof-specialty,Not-in-family,Asian-Pac-Islander,Male,0,0,40,India,>50K.
39,Private,176050,Some-college,10,Married-civ-spouse,Exec-managerial,Husband,White,Male,0,1848,47,United-States,>50K.
30,Private,157911,Some-college,10,Married-civ-spouse,Adm-clerical,Wife,White,Female,0,0,40,United-States,>50K.
47,Private,138999,9th,5,Married-civ-spouse,Craft-repair,Husband,White,Male,4386,0,48,United-States,>50K.
48,Private,148995,HS-grad,9,Widowed,Exec-managerial,Not-in-family,White,Male,14084,0,45,United-States,>50K.
22,?,196943,Some-college,10,Separated,?,Own-child,White,Male,0,0,25,United-States,<=50K
26,Private,155752,Some-college,10,Married-civ-spouse,Machine-op-inspct,Husband,Black,Male,0,0,40,United-States,<=50K
33,Private,137310,HS-grad,9,Never-married,Machine-op-inspct,Own-child,White,Female,0,0,40,?,<=50K
44,Private,162108,Bachelors,13,Never-married,Prof-specialty,Not-in-family,White,Female,0,0,45,United-States,<=50K
68,Private,257557,HS-grad,9,Married-civ-spouse,Machine-op-inspct,Husband,Black,Male,0,0,40,United-States,>50K.
29,Local-gov,205262,Some-college,10,Never-married,Adm-clerical,Not-in-family,Other,Male,0,0,40,Ecuador,<=50K
49,Local-gov,177114,Masters,14,Divorced,Prof-specialty,Not-in-family,White,Female,0,0,60,United-States,<=50K
49,Private,447554,Bachelors,13,Married-civ-spouse,Exec-managerial,Husband,White,Male,7688,0,40,United-States,>50K.
65,Private,154164,Assoc-acdm,12,Married-civ-spouse,Adm-clerical,Husband,White,Male,20051,0,20,,>50K.
51,Federal-gov,85815,Bachelors,13,Married-civ-spouse,Exec-managerial,Husband,Asian-Pac-Islander,Male,0,0,40,United-States,>50K.
60,Local-gov,195409,Masters,14,Married-civ-spouse,Prof-specialty,Husband,White,Male,15024,0,52,United-States,>50K.
36,Private,37522,Bachelors,13,Married-civ-spouse,Sales,Husband,White,Male,15024,0,50,United-States,>50K.
24,Private,265567,11th,7,Never-married,Craft-repair,Own-child,White,Male,0,0,35,United-States,<=50K
36,Private,236391,Some-college,10,Married-civ-spouse,Exec-managerial,Husband,White,Male,0,0,45,United-States,>50K.
30,Private,234753,Assoc-voc,11,Married-civ-spouse,Exec-managerial,Wife,White,Female,0,0,34,United-States,>50K.
47,Self-emp-not-inc,187901,Prof-school,15,Married-civ-spouse,Prof-specialty,Husband,White,Male,0,0,50,United-States,>50K.
31,Private,177675,Some-college,10,Married-civ-spouse,Sales,Husband,White,Male,0,0,60,United-States,>50K.
61,Self-emp-not-inc,201273,Some-college,10,Widowed,Machine-op-inspct,Not-in-family,White,Female,0,0,40,United-States,<=50K
52,Private,279129,Masters,14,Married-civ-spouse,Exec-managerial,Husband,White,Male,0,0,60,United-States,>50K.
52,Private,254230,9th,5,Married-civ-spouse,Transport-moving,Husband,White,Male,0,0,45,United-States,>50K.
42,Private,196158,Some-college,10,Divorced,Other-service,Not-in-family,White,Female,8614,0,52,United-States,>50K.
26,Private,342953,HS-grad,9,Separated,Adm-clerical,Unmarried,Black,Female,0,0,40,United-States,<=50K
32,Private,49398,Bachelors,13,Separated,Prof-specialty,Not-in-family,White,Male,10520,0,40,United-States,>50K.
51,Private,144284,Bachelors,13,Married-civ-spouse,Prof-specialty,Husband,White,Male,0,0,40,United-States,>50K.
42,State-gov,404573,Prof-school,15,Divorced,Prof-specialty,Unmarried,White,Female,0,0,40,United-States,<=50K
62,Local-gov,117292,Masters,14,Never-married,Prof-specialty,Not-in-family,White,Female,8614,0,45,United-States,>50K.
36,Private,58602,5th-6th,3,Never-married,Other-service,Not-in-family,White,Male,0,0,35,United-States,<=50K
31,Private,250087,Prof-school,15,Married-civ-spouse,Prof-specialty,Husband,White,Male,0,0,50,United-States,>50K.
23,Private,197904,HS-grad,9,Never-married,Other-service,Unmarried,White,Female,0,0,35,United-States,<=50K
33,Private,236304,Bachelors,13,Married-civ-spouse,Exec-managerial,Husband,Black,Male,0,0,60,United-States,>50K.
24,Self-emp-not-inc,117210,HS-grad,9,Divorced,Craft-repair,Not-in-family,White,Male,0,0,50,United-States,<=50K
48,Private,155489,Some-college,10,Divorced,Prof-specialty,Not-in-family,White,Male,0,0,40,United-States,>50K.
17,Private,244589,11th,7,Never-married,Sales,Own-child,White,Female,0,0,40,United-States,<=50K
41,Private,139126,Some-college,10,Married-civ-spouse,Exec-managerial,Husband,White,Male,0,1902,40,United-States,>50K.
25,Private,171236,HS-grad,9,Divorced,Handlers-cleaners,Own-child,White,Female,0,0,40,United-States,<=50K
20,Private,107658,Some-college,10,Never-married,Tech-support,Not-in-family,White,Female,0,0,10,United-States,<=50K
45,Private,111979,HS-grad,9,Married-civ-spouse,Handlers-cleaners,Husband,White,Male,0,0,40,United-States,<=50K
32,Private,360593,HS-grad,9,Divorced,Sales,Unmarried,Black,Female,0,0,30,United-States,<=50K
32,State-gov,113129,Bachelors,13,Married-civ-spouse,Adm-clerical,Husband,White,Male,0,0,38,United-States,>50K.
25,Local-gov,514716,Bachelors,13,Never-married,Adm-clerical,Own-child,Black,Female,0,0,40,United-States,<=50K
29,Private,229124,HS-grad,9,Married-civ-spouse,Adm-clerical,Husband,White,Male,0,0,48,United-States,>50K.
23,Private,278254,HS-grad,9,Married-civ-spouse,Machine-op-inspct,Husband,Black,Male,0,0,45,United-States,<=50K
44,Private,117728,Assoc-voc,11,Married-civ-spouse,Tech-support,Husband,White,Male,0,0,40,United-States,>50K.
53,Self-emp-inc,135643,Bachelors,13,Married-civ-spouse,Adm-clerical,Wife,Asian-Pac-Islander,Female,0,0,50,South,<=50K
42,Private,26672,Assoc-voc,11,Never-married,Adm-clerical,Not-in-family,White,Female,0,0,60,United-States,<=50K
45,Private,216626,HS-grad,9,Widowed,Machine-op-inspct,Unmarried,Other,Male,0,0,40,Columbia,<=50K
58,State-gov,159021,9th,5,Married-civ-spouse,Farming-fishing,Husband,White,Male,0,0,40,United-States,<=50K
41,Private,160785,Some-college,10,Married-civ-spouse,Exec-managerial,Husband,White,Male,0,0,60,United-States,>50K.
37,State-gov,378916,HS-grad,9,Married-civ-spouse,Adm-clerical,Husband,White,Male,0,0,40,United-States,<=50K
17,Private,186067,10th,6,Never-married,Tech-support,Own-child,White,Male,0,0,10,United-States,<=50K
53,Private,230936,Bachelors,13,Married-civ-spouse,Sales,Husband,White,Male,0,0,40,United-States,>50K.
42,Self-emp-inc,240628,Prof-school,15,Married-civ-spouse,Prof-specialty,Wife,White,Female,0,0,50,United-States,>50K.
22,Private,171419,Assoc-voc,11,Never-married,Exec-managerial,Unmarried,Asian-Pac-Islander,Male,0,0,40,South,<=50K
42,Local-gov,46094,Bachelors,13,Divorced,Transport-moving,Not-in-family,White,Male,0,0,33,United-States,<=50K
22,Local-gov,134181,HS-grad,9,Never-married,Handlers-cleaners,Other-relative,White,Male,0,0,50,United-States,<=50K
66,Private,214469,HS-grad,9,Widowed,Adm-clerical,Not-in-family,White,Female,0,0,13,United-States,<=50K
53,Local-gov,260106,Prof-school,15,Divorced,Prof-specialty,Not-in-family,White,Female,0,0,50,United-States,<=50K
62,Private,109463,Some-college,10,Separated,Sales,Unmarried,White,Female,0,1617,33,United-States,<=50K
44,Private,214781,Masters,14,Married-civ-spouse,Prof-specialty,Husband,White,Male,0,0,45,United-States,>50K.
31,Private,247328,9th,5,Married-civ-spouse,Machine-op-inspct,Husband,White,Male,3137,0,40,Mexico,<=50K
63,Private,31389,11th,7,Never-married,Farming-fishing,Not-in-family,White,Male,0,0,12,United-States,<=50K
34,Private,98656,Some-college,10,Never-married,Prof-specialty,Not-in-family,White,Female,0,0,40,United-States,<=50K
47,Private,70554,Some-college,10,Never-married,Craft-repair,Not-in-family,White,Male,0,0,40,United-States,>50K.
41,Private,179875,11th,7,Divorced,Other-service,Unmarried,Other,Female,0,0,40,United-States,<=50K
33,Private,159123,Some-college,10,Married-civ-spouse,Adm-clerical,Husband,White,Male,0,0,40,United-States,>50K.
46,Private,266860,Assoc-acdm,12,Married-civ-spouse,Exec-managerial,Husband,White,Male,0,0,60,United-States,>50K.
45,Private,233511,Assoc-acdm,12,Married-civ-spouse,Exec-managerial,Husband,White,Male,0,0,40,United-States,>50K.
31,Private,305692,Some-college,10,Married-civ-spouse,Sales,Wife,Black,Female,0,0,40,United-States,<=50K
43,Private,575172,Assoc-voc,11,Married-civ-spouse,Transport-moving,Husband,White,Male,3103,0,32,United-States,>50K.
66,Private,115880,Bachelors,13,Married-civ-spouse,Prof-specialty,Husband,White,Male,10605,0,40,United-States,>50K.
45,,256649,Bachelors,13,Married-civ-spouse,,Husband,Black,Male,0,0,45,United-States,>50K.
30,Local-gov,38268,HS-grad,9,Separated,Other-service,Unmarried,White,Male,0,0,40,United-States,>50K.
26,Federal-gov,48099,Bachelors,13,Never-married,Exec-managerial,Not-in-family,White,Female,0,0,40,United-States,<=50K
41,Self-emp-inc,153078,HS-grad,9,Married-civ-spouse,Exec-managerial,Husband,Asian-Pac-Islander,Male,0,1887,70,South,>50K.
50,Private,163708,HS-grad,9,Widowed,Other-service,Unmarried,White,Female,0,0,40,United-States,<=50K
52,Self-emp-inc,146574,Prof-school,15,Married-civ-spouse,Prof-specialty,Husband,White,Male,0,0,40,United-States,>50K.
29,Private,308944,HS-grad,9,Married-spouse-absent,Craft-repair,Not-in-family,White,Male,0,0,40,United-States,<=50K
26,Private,174592,Masters,14,Never-married,Exec-managerial,Own-child,White,Female,0,0,40,United-States,<=50K
30,Private,113364,Some-college,10,Married-civ-spouse,Handlers-cleaners,Husband,White,Male,0,0,40,Poland,<=50K
44,Local-gov,117012,Masters,14,Married-civ-spouse,Prof-specialty,Wife,White,Female,0,1887,40,United-States,>50K.
35,,216068,Assoc-acdm,12,Married-civ-spouse,,Wife,White,Female,5178,0,12,United-States,>50K.
51,Private,217480,Some-college,10,Separated,Adm-clerical,Not-in-family,Black,Male,8614,0,40,United-States,>50K.
59,Self-emp-not-inc,98418,HS-grad,9,Married-civ-spouse,Farming-fishing,Husband,White,Male,0,0,20,United-States,<=50K
30,Private,299507,Assoc-acdm,12,Separated,Other-service,Unmarried,White,Female,0,0,40,United-States,<=50K
50,Self-emp-not-inc,91103,HS-grad,9,Married-civ-spouse,Craft-repair,Husband,White,Male,0,0,51,United-States,>50K.
29,Private,136277,10th,6,Never-married,Other-service,Own-child,Black,Female,0,0,32,United-States,<=50K
32,Private,245487,5th-6th,3,Married-civ-spouse,Machine-op-inspct,Husband,Amer-Indian-Eskimo,Male,0,0,40,Mexico,<=50K
78,?,165694,Masters,14,Widowed,?,Not-in-family,White,Female,0,0,15,United-States,<=50K
42,Private,231832,Some-college,10,Married-civ-spouse,Machine-op-inspct,Wife,White,Female,0,0,45,United-States,>50K.
61,Private,191417,9th,5,Widowed,Exec-managerial,Not-in-family,Black,Male,0,0,65,United-States,<=50K
24,Self-emp-not-inc,267396,Bachelors,13,Never-married,Sales,Not-in-family,White,Male,0,0,40,United-States,<=50K
31,Private,356689,Bachelors,13,Never-married,Farming-fishing,Not-in-family,White,Male,0,0,40,United-States,<=50K
25,Private,109419,Some-college,10,Never-married,Exec-managerial,Not-in-family,White,Female,8614,0,45,United-States,>50K.
41,State-gov,214985,HS-grad,9,Divorced,Exec-managerial,Not-in-family,White,Female,0,0,40,United-States,<=50K
23,Private,194951,Bachelors,13,Never-married,Prof-specialty,Not-in-family,Asian-Pac-Islander,Male,0,0,55,Ireland,<=50K
19,Private,229756,HS-grad,9,Never-married,Sales,Own-child,White,Male,0,0,50,United-States,<=50K
43,Self-emp-not-inc,207578,Doctorate,16,Married-civ-spouse,Prof-specialty,Husband,White,Male,0,0,42,United-States,>50K.
38,Private,272476,Bachelors,13,Married-civ-spouse,Prof-specialty,Wife,White,Female,0,0,24,United-States,>50K.
33,Private,157747,9th,5,Divorced,Handlers-cleaners,Not-in-family,White,Male,0,0,70,United-States,<=50K
44,Private,180599,HS-grad,9,Never-married,Craft-repair,Own-child,White,Male,0,0,40,United-States,>50K.
58,State-gov,21838,Doctorate,16,Married-civ-spouse,Prof-specialty,Husband,White,Male,7688,0,50,United-States,>50K.
32,Private,231263,Some-college,10,Married-civ-spouse,Transport-moving,Husband,White,Male,0,0,60,United-States,>50K.
20,?,371089,HS-grad,9,Never-married,?,Own-child,White,Female,0,0,40,United-States,<=50K
21,Private,149637,Some-college,10,Never-married,Adm-clerical,Not-in-family,White,Female,0,0,25,United-States,<=50K
58,Private,100303,Assoc-acdm,12,Married-civ-spouse,Exec-managerial,Husband,White,Male,0,0,42,United-States,>50K.
20,Private,108887,Some-college,10,Never-married,Adm-clerical,Own-child,White,Female,0,0,25,United-States,<=50K
32,Private,261319,Some-college,10,Married-civ-spouse,Craft-repair,Husband,White,Male,0,0,50,United-States,>50K.
53,Self-emp-not-inc,93449,Prof-school,15,Married-civ-spouse,Prof-specialty,Husband,Asian-Pac-Islander,Male,0,0,40,India,>50K.
32,Self-emp-not-inc,33404,HS-grad,9,Divorced,Craft-repair,Not-in-family,White,Male,10520,0,50,United-States,>50K.
47,Private,80924,Some-college,10,Widowed,Other-service,Not-in-family,White,Female,0,0,35,United-States,<=50K
31,Self-emp-not-inc,279015,Some-college,10,Married-civ-spouse,Exec-managerial,Husband,White,Male,0,1887,40,United-States,>50K.
35,Private,133839,Some-college,10,Married-civ-spouse,Machine-op-inspct,Husband,White,Male,0,0,40,United-States,>50K.
41,Private,33331,Masters,14,Married-civ-spouse,Exec-managerial,Husband,White,Male,0,1902,40,United-States,>50K.
67,Private,64148,Some-college,10,Divorced,Other-service,Unmarried,Black,Female,0,0,41,United-States,<=50K
70,Private,135601,Bachelors,13,Married-civ-spouse,Prof-specialty,Husband,White,Male,20051,0,35,United-States,>50K.
36,Private,298635,Bachelors,13,Married-civ-spouse,Other-service,Husband,Other,Male,0,0,40,Iran,>50K.
65,Self-emp-inc,323636,Bachelors,13,Married-civ-spouse,Sales,Husband,White,Male,10605,0,40,United-States,>50K.
36,Local-gov,404661,Some-college,10,Married-civ-spouse,Prof-specialty,Husband,Black,Male,0,0,40,United-States,>50K.
36,?,186815,Masters,14,Married-civ-spouse,?,Husband,White,Male,0,0,50,United-States,<=50K
81,Private,55314,Bachelors,13,Married-civ-spouse,Adm-clerical,Husband,White,Male,0,0,4,United-States,>50K.
23,Private,177087,11th,7,Never-married,Adm-clerical,Unmarried,Black,Male,0,0,35,United-States,<=50K
19,Private,162954,12th,8,Never-married,Other-service,Own-child,White,Female,0,0,20,United-States,<=50K
28,Private,145284,HS-grad,9,Divorced,Transport-moving,Not-in-family,White,Male,0,0,70,United-States,<=50K
54,Private,162745,HS-grad,9,Married-civ-spouse,Craft-repair,Husband,White,Male,0,0,55,United-States,>50K.
28,Private,288598,HS-grad,9,Married-civ-spouse,Craft-repair,Husband,White,Male,0,0,35,United-States,<=50K
38,Private,348739,Prof-school,15,Married-civ-spouse,Prof-specialty,Husband,White,Male,0,0,60,United-States,<=50K
46,Local-gov,117310,Bachelors,13,Married-civ-spouse,Prof-specialty,Wife,White,Female,0,0,21,United-States,>50K.
22,Private,122272,Bachelors,13,Never-married,Adm-clerical,Own-child,White,Female,0,0,35,United-States,<=50K
52,Federal-gov,302661,Assoc-acdm,12,Widowed,Exec-managerial,Unmarried,White,Male,13550,0,40,United-States,>50K.
37,Private,98776,Bachelors,13,Married-civ-spouse,Exec-managerial,Husband,White,Male,0,0,40,United-States,>50K.
59,State-gov,136819,Masters,14,Married-civ-spouse,Prof-specialty,Husband,White,Male,0,0,8,United-States,>50K.
38,Private,99065,Bachelors,13,Never-married,Adm-clerical,Not-in-family,White,Female,0,0,50,United-States,>50K.
59,Private,192671,11th,7,Married-civ-spouse,Adm-clerical,Husband,White,Male,7298,0,40,United-States,>50K.
70,Private,89787,HS-grad,9,Married-civ-spouse,Prof-specialty,Husband,White,Male,0,0,20,United-States,<=50K
32,Self-emp-not-inc,198613,Bachelors,13,Never-married,Sales,Not-in-family,White,Male,0,0,45,,>50K.
17,?,110998,Some-college,10,Never-married,?,Own-child,Asian-Pac-Islander,Female,0,0,40,Philippines,<=50K
56,Self-emp-not-inc,19896,Some-college,10,Married-civ-spouse,Sales,Wife,White,Female,0,0,60,United-States,>50K.
73,Self-emp-not-inc,190078,Some-college,10,Married-civ-spouse,Exec-managerial,Husband,White,Male,0,0,35,United-States,<=50K
40,Private,77313,Bachelors,13,Never-married,Exec-managerial,Not-in-family,White,Female,0,0,60,United-States,>50K.
23,Self-emp-inc,216889,HS-grad,9,Married-civ-spouse,Sales,Husband,White,Male,0,1977,40,United-States,>50K.
44,Private,252930,10th,6,Divorced,Adm-clerical,Unmarried,Other,Female,0,0,42,United-States,<=50K
50,Private,185846,HS-grad,9,Married-civ-spouse,Transport-moving,Husband,White,Male,3103,0,40,United-States,>50K.
18,Private,112974,11th,7,Never-married,Prof-specialty,Other-relative,White,Male,0,0,3,United-States,<=50K
29,Private,190539,Masters,14,Never-married,Prof-specialty,Not-in-family,White,Male,0,0,55,Greece,>50K.
22,?,154235,Some-college,10,Married-civ-spouse,?,Wife,White,Female,3781,0,35,United-States,<=50K
46,Private,187581,HS-grad,9,Divorced,Craft-repair,Other-relative,White,Male,0,0,40,United-States,<=50K
77,Self-emp-inc,192230,Some-college,10,Married-civ-spouse,Exec-managerial,Husband,White,Male,0,0,40,United-States,<=50K
42,Private,185267,Assoc-voc,11,Married-civ-spouse,Adm-clerical,Husband,White,Male,0,0,32,United-States,<=50K
44,Local-gov,157473,Masters,14,Divorced,Prof-specialty,Not-in-family,White,Female,0,0,50,United-States,>50K.
52,Local-gov,230112,Masters,14,Married-civ-spouse,Prof-specialty,Husband,White,Male,0,0,40,United-States,>50K.
42,Self-emp-inc,90693,Bachelors,13,Married-civ-spouse,Exec-managerial,Husband,White,Male,0,0,70,United-States,<=50K
22,Private,316509,HS-grad,9,Never-married,Craft-repair,Not-in-family,White,Male,0,0,50,United-States,<=50K
52,Self-emp-not-inc,41496,Some-college,10,Married-civ-spouse,Sales,Husband,White,Male,0,0,45,United-States,<=50K
46,Self-emp-not-inc,56482,HS-grad,9,Married-civ-spouse,Craft-repair,Husband,Black,Male,0,0,30,United-States,>50K.
30,Private,291951,HS-grad,9,Married-civ-spouse,Craft-repair,Husband,Black,Male,0,0,40,United-States,<=50K
56,Self-emp-not-inc,368797,Masters,14,Married-civ-spouse,Sales,Husband,White,Male,0,0,40,United-States,>50K.
35,Self-emp-not-inc,241469,9th,5,Married-civ-spouse,Craft-repair,Husband,White,Male,2635,0,30,United-States,<=50K
52,Private,177942,HS-grad,9,Married-civ-spouse,Adm-clerical,Wife,White,Female,0,0,40,United-States,>50K.
21,Private,227307,HS-grad,9,Married-civ-spouse,Adm-clerical,Wife,White,Female,0,0,43,United-States,>50K.
43,Private,109762,Bachelors,13,Married-civ-spouse,Prof-specialty,Husband,White,Male,0,0,20,United-States,>50K.
23,?,343553,11th,7,Never-married,?,Not-in-family,Black,Male,0,0,40,United-States,<=50K
28,Private,148429,HS-grad,9,Married-civ-spouse,Machine-op-inspct,Husband,White,Male,2885,0,40,United-States,<=50K
25,Private,323139,Bachelors,13,Never-married,Handlers-cleaners,Own-child,White,Male,0,0,35,United-States,<=50K
28,Private,186239,Some-college,10,Never-married,Adm-clerical,Unmarried,Black,Female,0,0,40,United-States,<=50K
32,Private,291147,Some-college,10,Married-civ-spouse,Sales,Husband,White,Male,0,0,50,United-States,<=50K
67,Self-emp-inc,22313,Some-college,10,Married-civ-spouse,Sales,Husband,White,Male,20051,0,40,United-States,>50K.
40,Private,209040,HS-grad,9,Never-married,Other-service,Not-in-family,White,Male,0,0,40,United-States,<=50K
30,Private,213722,Prof-school,15,Never-married,Prof-specialty,Not-in-family,White,Male,0,0,50,United-States,>50K.
34,State-gov,238944,10th,6,Married-civ-spouse,Craft-repair,Husband,White,Male,0,0,40,United-States,>50K.
77,Private,123959,HS-grad,9,Widowed,Adm-clerical,Not-in-family,White,Female,0,0,32,United-States,<=50K
51,Private,136913,HS-grad,9,Married-civ-spouse,Machine-op-inspct,Husband,White,Male,0,0,40,United-States,<=50K
34,Private,195890,Some-college,10,Married-civ-spouse,Prof-specialty,Wife,White,Female,0,0,40,United-States,>50K.
41,Private,304175,Bachelors,13,Married-civ-spouse,Prof-specialty,Husband,White,Male,0,0,55,United-States,>50K.
44,Private,40024,Bachelors,13,Married-civ-spouse,Transport-moving,Husband,White,Male,0,0,52,United-States,>50K.
45,Local-gov,310260,Bachelors,13,Married-civ-spouse,Prof-specialty,Husband,White,Male,0,0,50,United-States,>50K.
52,Local-gov,181578,HS-grad,9,Married-civ-spouse,Other-service,Wife,Asian-Pac-Islander,Female,0,0,40,,>50K.
63,Self-emp-not-inc,22228,HS-grad,9,Married-civ-spouse,Other-service,Husband,White,Male,0,0,40,United-States,>50K.
32,State-gov,204052,Bachelors,13,Married-civ-spouse,Prof-specialty,Husband,White,Male,0,0,45,United-States,>50K.
59,Private,333270,Masters,14,Married-civ-spouse,Craft-repair,Wife,Asian-Pac-Islander,Female,0,0,35,Philippines,<=50K
33,Private,594187,Bachelors,13,Married-civ-spouse,Exec-managerial,Husband,White,Male,0,1902,60,United-States,>50K.
51,Private,173754,HS-grad,9,Married-civ-spouse,Transport-moving,Husband,White,Male,0,0,40,United-States,>50K.
34,Private,516337,11th,7,Married-civ-spouse,Handlers-cleaners,Husband,White,Male,0,0,40,Mexico,<=50K
21,Private,147655,HS-grad,9,Never-married,Adm-clerical,Own-child,White,Female,0,0,40,United-States,<=50K
42,Self-emp-inc,325159,Bachelors,13,Married-civ-spouse,Exec-managerial,Husband,White,Male,0,0,50,United-States,>50K.
20,Private,444554,10th,6,Never-married,Handlers-cleaners,Own-child,White,Male,0,0,40,United-States,<=50K
24,Local-gov,150084,Some-college,10,Separated,Protective-serv,Not-in-family,White,Male,0,0,60,United-States,<=50K
40,Self-emp-inc,46221,Doctorate,16,Never-married,Prof-specialty,Not-in-family,White,Male,99999,0,55,United-States,>50K.
32,Private,112137,Preschool,1,Married-civ-spouse,Machine-op-inspct,Wife,Asian-Pac-Islander,Female,4508,0,40,Cambodia,<=50K
47,Private,165484,Some-college,10,Married-civ-spouse,Craft-repair,Husband,White,Male,0,0,43,United-States,>50K.
58,Self-emp-inc,183870,10th,6,Married-civ-spouse,Transport-moving,Wife,White,Female,0,0,40,United-States,<=50K
37,Private,112838,Masters,14,Married-civ-spouse,Exec-managerial,Husband,White,Male,0,0,55,United-States,>50K.
50,Private,280292,10th,6,Married-civ-spouse,Transport-moving,Husband,White,Male,0,0,40,United-States,>50K.
24,Private,209417,Some-college,10,Married-civ-spouse,Sales,Husband,White,Male,7298,0,60,United-States,>50K.
40,Private,219164,Masters,14,Married-civ-spouse,Prof-specialty,Husband,Black,Male,5178,0,40,United-States,>50K.
30,?,197827,Some-college,10,Married-civ-spouse,?,Husband,White,Male,0,0,40,United-States,<=50K
44,Private,185832,HS-grad,9,Married-civ-spouse,Machine-op-inspct,Husband,White,Male,7298,0,40,United-States,>50K.
38,Private,149347,Some-college,10,Divorced,Sales,Not-in-family,White,Male,0,0,60,United-States,<=50K
59,Private,35723,Bachelors,13,Married-civ-spouse,Farming-fishing,Husband,White,Male,99999,0,40,United-States,>50K.
20,Private,94401,HS-grad,9,Never-married,Exec-managerial,Unmarried,White,Female,0,0,40,United-States,<=50K
34,Private,260560,HS-grad,9,Married-civ-spouse,Exec-managerial,Husband,White,Male,0,0,50,United-States,<=50K
55,Local-gov,84564,Prof-school,15,Divorced,Prof-specialty,Not-in-family,White,Female,0,0,39,United-States,<=50K
53,?,29231,7th-8th,4,Married-civ-spouse,?,Husband,White,Male,0,0,35,United-States,<=50K
36,Private,31023,Masters,14,Married-civ-spouse,Exec-managerial,Husband,White,Male,0,0,50,United-States,>50K.
38,Private,472604,Bachelors,13,Married-civ-spouse,Other-service,Husband,White,Male,0,0,35,Mexico,<=50K
21,Private,202570,12th,8,Never-married,Adm-clerical,Other-relative,Black,Male,0,0,48,?,<=50K
35,Private,226528,Doctorate,16,Married-spouse-absent,Prof-specialty,Not-in-family,Other,Male,0,0,60,England,>50K.
24,Private,70261,Bachelors,13,Married-civ-spouse,Prof-specialty,Husband,White,Male,0,0,50,United-States,<=50K
46,Local-gov,132994,Some-college,10,Married-civ-spouse,Adm-clerical,Wife,White,Female,7688,0,40,United-States,>50K.
37,Private,112497,Bachelors,13,Married-spouse-absent,Exec-managerial,Unmarried,White,Male,4934,0,50,United-States,>50K.
34,Private,162814,HS-grad,9,Divorced,Protective-serv,Not-in-family,Black,Male,0,0,45,United-States,<=50K
43,Self-emp-inc,314739,Some-college,10,Married-civ-spouse,Exec-managerial,Husband,White,Male,0,0,92,United-States,>50K.
50,Self-emp-inc,235307,Assoc-acdm,12,Married-civ-spouse,Prof-specialty,Husband,White,Male,0,0,48,United-States,>50K.
35,Private,33001,Prof-school,15,Married-civ-spouse,Prof-specialty,Husband,White,Male,15024,0,60,United-States,>50K.
44,Self-emp-inc,120277,Assoc-voc,11,Married-civ-spouse,Sales,Husband,White,Male,0,0,45,United-States,>50K.
53,Self-emp-inc,195398,Some-college,10,Married-civ-spouse,Sales,Husband,White,Male,0,1887,48,Canada,>50K.
67,Private,191380,Bachelors,13,Married-civ-spouse,Exec-managerial,Husband,White,Male,0,0,40,United-States,>50K.
42,Self-emp-inc,198282,Bachelors,13,Married-civ-spouse,Exec-managerial,Husband,White,Male,0,0,60,United-States,>50K.
33,Private,124407,Bachelors,13,Never-married,Prof-specialty,Not-in-family,White,Female,0,0,40,United-States,<=50K
46,Private,96080,9th,5,Separated,Craft-repair,Unmarried,White,Female,0,0,40,United-States,<=50K
27,Private,131712,Bachelors,13,Married-civ-spouse,Exec-managerial,Husband,White,Male,0,1485,50,United-States,>50K.
33,Private,234067,HS-grad,9,Married-civ-spouse,Machine-op-inspct,Husband,White,Male,0,0,40,United-States,>50K.
43,Self-emp-not-inc,32451,HS-grad,9,Married-civ-spouse,Craft-repair,Husband,White,Male,0,0,40,United-States,<=50K
39,Self-emp-not-inc,169542,Some-college,10,Married-civ-spouse,Craft-repair,Husband,White,Male,5178,0,40,United-States,>50K.
43,Self-emp-inc,214503,HS-grad,9,Married-civ-spouse,Exec-managerial,Husband,White,Male,0,1887,45,United-States,>50K.
27,Private,79787,Masters,14,Never-married,Exec-managerial,Not-in-family,White,Female,0,0,25,United-States,<=50K
39,Private,108540,HS-grad,9,Married-civ-spouse,Sales,Husband,White,Male,0,0,40,United-States,<=50K
42,Private,219155,Assoc-voc,11,Married-civ-spouse,Craft-repair,Husband,White,Male,0,0,45,United-States,>50K.
54,Self-emp-inc,22743,Bachelors,13,Divorced,Exec-managerial,Not-in-family,White,Male,99999,0,70,United-States,>50K.
56,Private,47392,Assoc-voc,11,Married-civ-spouse,Tech-support,Husband,White,Male,0,0,40,United-States,>50K.
27,Private,255582,HS-grad,9,Never-married,Machine-op-inspct,Not-in-family,White,Female,0,0,40,United-States,<=50K
21,Private,204596,Assoc-acdm,12,Never-married,Adm-clerical,Own-child,White,Female,0,0,8,United-States,<=50K
58,Private,137547,Bachelors,13,Married-civ-spouse,Other-service,Husband,Asian-Pac-Islander,Male,0,0,40,South,<=50K
24,Self-emp-not-inc,34918,Assoc-voc,11,Never-married,Other-service,Unmarried,White,Female,0,0,38,United-States,<=50K
55,Private,327406,Some-college,10,Divorced,Sales,Not-in-family,White,Male,0,0,65,United-States,>50K.
67,Self-emp-not-inc,268781,Bachelors,13,Married-civ-spouse,Prof-specialty,Husband,White,Male,0,0,20,United-States,>50K.
33,Self-emp-not-inc,176185,HS-grad,9,Married-civ-spouse,Craft-repair,Husband,White,Male,0,0,40,United-States,<=50K
24,Private,257500,HS-grad,9,Separated,Machine-op-inspct,Own-child,Black,Female,0,0,40,United-States,<=50K
38,Self-emp-inc,231491,HS-grad,9,Married-civ-spouse,Craft-repair,Husband,White,Male,0,0,50,United-States,>50K.
55,Private,201232,Masters,14,Married-civ-spouse,Exec-managerial,Husband,White,Male,0,0,55,United-States,>50K.
71,Private,244688,7th-8th,4,Married-civ-spouse,Transport-moving,Husband,White,Male,6514,0,40,United-States,>50K.
37,Private,282951,HS-grad,9,Married-civ-spouse,Prof-specialty,Husband,White,Male,0,0,40,United-States,<=50K
42,Private,142424,Assoc-voc,11,Never-married,Adm-clerical,Not-in-family,White,Female,0,0,40,United-States,<=50K
29,Private,125131,HS-grad,9,Married-civ-spouse,Machine-op-inspct,Wife,White,Female,0,0,40,United-States,>50K.
45,Private,216414,Bachelors,13,Married-civ-spouse,Adm-clerical,Husband,White,Male,7688,0,50,United-States,>50K.
46,Private,35969,Bachelors,13,Married-civ-spouse,Exec-managerial,Husband,White,Male,0,0,51,United-States,<=50K
33,State-gov,162705,Some-college,10,Divorced,Other-service,Unmarried,White,Female,0,0,99,United-States,>50K.
23,Local-gov,23438,HS-grad,9,Never-married,Prof-specialty,Not-in-family,White,Female,0,0,40,United-States,<=50K
33,Private,138142,Some-college,10,Separated,Other-service,Unmarried,Black,Female,0,0,25,United-States,<=50K
42,Private,344060,HS-grad,9,Married-civ-spouse,Sales,Husband,White,Male,7298,0,40,Japan,>50K.
33,Private,236818,Assoc-voc,11,Never-married,Prof-specialty,Unmarried,Black,Female,0,0,26,United-States,<=50K
34,Private,127651,HS-grad,9,Married-civ-spouse,Exec-managerial,Husband,White,Male,0,0,45,United-States,>50K.
62,?,144583,HS-grad,9,Married-civ-spouse,?,Husband,White,Male,0,0,40,United-States,<=50K
47,Federal-gov,329205,Bachelors,13,Divorced,Prof-specialty,Unmarried,White,Male,0,0,40,United-States,<=50K
22,Private,29810,Some-college,10,Never-married,Transport-moving,Own-child,White,Female,0,0,30,United-States,<=50K
46,Local-gov,274200,Some-college,10,Married-civ-spouse,Prof-specialty,Husband,White,Male,0,0,40,United-States,>50K.
49,Self-emp-inc,327258,Some-college,10,Married-civ-spouse,Exec-managerial,Wife,White,Female,0,1977,60,China,>50K.
48,Private,148254,Bachelors,13,Married-civ-spouse,Other-service,Wife,White,Female,0,1902,40,,>50K.
43,Private,244172,HS-grad,9,Married-civ-spouse,Machine-op-inspct,Husband,White,Male,0,0,35,?,<=50K
43,Private,159549,Bachelors,13,Married-civ-spouse,Exec-managerial,Husband,White,Male,0,1902,40,United-States,>50K.
27,Private,232388,HS-grad,9,Married-civ-spouse,Adm-clerical,Husband,White,Male,4386,0,40,United-States,>50K.
40,Private,170108,Masters,14,Married-civ-spouse,Prof-specialty,Husband,White,Male,0,0,40,United-States,<=50K
67,?,53588,HS-grad,9,Widowed,?,Not-in-family,White,Female,0,0,40,United-States,<=50K
40,Private,199018,Bachelors,13,Married-civ-spouse,Adm-clerical,Husband,White,Male,0,0,40,United-States,>50K.
31,Private,210008,HS-grad,9,Never-married,Sales,Own-child,White,Female,0,0,40,United-States,<=50K
39,Federal-gov,206190,HS-grad,9,Never-married,Exec-managerial,Unmarried,White,Female,0,0,45,United-States,<=50K
33,Private,317809,Bachelors,13,Married-civ-spouse,Prof-specialty,Husband,White,Male,0,0,40,United-States,>50K.
17,Local-gov,244856,11th,7,Never-married,Prof-specialty,Own-child,White,Female,0,0,40,United-States,<=50K
52,Private,260938,Masters,14,Married-civ-spouse,Sales,Husband,White,Male,0,0,40,United-States,<=50K
50,Self-emp-inc,447144,Masters,14,Married-civ-spouse,Exec-managerial,Husband,White,Male,0,0,40,United-States,>50K.
30,Self-emp-inc,224498,HS-grad,9,Divorced,Adm-clerical,Unmarried,White,Female,0,0,40,United-States,<=50K
34,Private,137814,Some-college,10,Separated,Sales,Not-in-family,White,Male,0,0,45,United-States,<=50K
25,State-gov,187508,Some-college,10,Never-married,Handlers-cleaners,Own-child,White,Male,0,0,40,United-States,<=50K
18,Private,98667,11th,7,Never-married,Other-service,Own-child,White,Female,0,0,16,United-States,<=50K
34,Self-emp-not-inc,196512,HS-grad,9,Divorced,Exec-managerial,Unmarried,White,Female,0,2472,35,United-States,>50K.
45,Private,179048,12th,8,Married-civ-spouse,Adm-clerical,Husband,White,Male,0,0,35,,>50K.
20,Federal-gov,55233,Some-college,10,Never-married,Adm-clerical,Other-relative,White,Female,0,0,40,United-States,<=50K
19,?,309284,Some-college,10,Never-married,?,Not-in-family,White,Male,0,0,40,United-States,<=50K
39,Private,560313,Masters,14,Married-civ-spouse,Prof-specialty,Husband,Black,Male,0,0,45,United-States,>50K.
17,Private,170455,11th,7,Never-married,Sales,Own-child,White,Female,0,0,8,United-States,<=50K
28,Private,96337,Some-college,10,Never-married,Adm-clerical,Not-in-family,White,Female,0,0,40,United-States,<=50K
48,Private,34186,HS-grad,9,Married-civ-spouse,Farming-fishing,Husband,White,Male,0,0,70,United-States,<=50K
24,Private,376393,Assoc-voc,11,Never-married,Sales,Not-in-family,White,Female,0,0,40,United-States,<=50K
49,Federal-gov,362679,Assoc-voc,11,Married-civ-spouse,Adm-clerical,Husband,White,Male,0,0,9,United-States,>50K.
47,Private,172753,HS-grad,9,Married-civ-spouse,Transport-moving,Husband,White,Male,0,0,85,United-States,>50K.
47,Private,101825,HS-grad,9,Married-civ-spouse,Adm-clerical,Wife,White,Female,0,0,40,United-States,>50K.
62,Self-emp-not-inc,215789,Masters,14,Married-civ-spouse,Exec-managerial,Husband,White,Male,0,1977,50,United-States,>50K.
57,Self-emp-not-inc,130957,Doctorate,16,Married-civ-spouse,Prof-specialty,Husband,White,Male,0,1887,70,United-States,>50K.
56,Private,174864,Bachelors,13,Divorced,Exec-managerial,Unmarried,White,Male,0,0,45,United-States,>50K.
50,Private,233149,Assoc-voc,11,Married-civ-spouse,Sales,Husband,White,Male,0,0,50,United-States,>50K.
33,Private,99309,HS-grad,9,Married-civ-spouse,Exec-managerial,Husband,White,Male,0,0,50,United-States,<=50K
36,Private,184655,HS-grad,9,Married-civ-spouse,Machine-op-inspct,Husband,White,Male,0,0,48,United-States,<=50K
52,Private,89041,Bachelors,13,Married-civ-spouse,Sales,Husband,White,Male,0,0,40,United-States,>50K.
37,Private,107302,Some-college,10,Married-civ-spouse,Prof-specialty,Husband,White,Male,15024,0,45,United-States,>50K.
34,Private,114955,Assoc-acdm,12,Divorced,Machine-op-inspct,Not-in-family,White,Male,0,0,40,United-States,<=50K
49,Self-emp-inc,93557,Assoc-acdm,12,Married-civ-spouse,Exec-managerial,Husband,White,Male,0,0,45,United-States,>50K.
37,Private,123361,Bachelors,13,Married-civ-spouse,Prof-specialty,Husband,Black,Male,0,0,50,United-States,>50K.
27,Private,219371,HS-grad,9,Married-spouse-absent,Adm-clerical,Unmarried,White,Female,0,0,40,Jamaica,<=50K
31,Private,176360,HS-grad,9,Never-married,Craft-repair,Own-child,Black,Male,0,0,40,United-States,<=50K
50,Local-gov,282701,HS-grad,9,Married-civ-spouse,Machine-op-inspct,Husband,White,Male,4386,0,48,United-States,>50K.
39,Self-emp-not-inc,139703,Some-college,10,Never-married,Prof-specialty,Not-in-family,Black,Female,0,0,48,United-States,>50K.
21,Private,203914,Some-college,10,Never-married,Other-service,Own-child,White,Female,0,0,10,United-States,<=50K
40,Private,173651,Some-college,10,Married-civ-spouse,Prof-specialty,Husband,White,Male,0,0,40,United-States,>50K.
37,Private,176159,Bachelors,13,Married-civ-spouse,Exec-managerial,Husband,White,Male,0,0,40,United-States,>50K.
46,Private,171199,Bachelors,13,Divorced,Machine-op-inspct,Unmarried,Other,Female,0,0,40,Puerto-Rico,<=50K
81,Self-emp-inc,247232,10th,6,Married-civ-spouse,Exec-managerial,Wife,White,Female,2936,0,28,United-States,<=50K
34,Private,426431,Some-college,10,Married-civ-spouse,Craft-repair,Husband,White,Male,0,0,48,United-States,>50K.
66,Self-emp-not-inc,197816,Bachelors,13,Married-civ-spouse,Exec-managerial,Husband,White,Male,0,0,17,United-States,>50K.
63,Private,66634,9th,5,Married-civ-spouse,Craft-repair,Husband,White,Male,0,0,16,United-States,<=50K
34,Self-emp-not-inc,80933,HS-grad,9,Divorced,Farming-fishing,Not-in-family,White,Male,0,0,40,United-States,<=50K
19,Private,574271,Some-college,10,Never-married,Sales,Own-child,White,Male,0,0,35,United-States,<=50K
44,Federal-gov,151933,Some-college,10,Married-civ-spouse,Adm-clerical,Husband,White,Male,0,1485,40,United-States,>50K.
53,Private,197492,HS-grad,9,Divorced,Machine-op-inspct,Not-in-family,White,Female,0,0,40,United-States,<=50K
45,Private,202560,Assoc-acdm,12,Separated,Adm-clerical,Unmarried,White,Female,0,0,40,United-States,>50K.
34,Private,168768,Assoc-acdm,12,Never-married,Adm-clerical,Not-in-family,White,Female,0,0,35,United-States,<=50K
33,Private,336061,HS-grad,9,Married-civ-spouse,Exec-managerial,Husband,White,Male,0,0,50,United-States,<=50K
54,Federal-gov,89705,Some-college,10,Married-civ-spouse,Craft-repair,Husband,White,Male,0,0,40,United-States,>50K.
23,Local-gov,442359,Bachelors,13,Never-married,Prof-specialty,Not-in-family,White,Female,0,1092,40,United-States,<=50K
27,Private,79661,HS-grad,9,Married-civ-spouse,Sales,Husband,White,Male,4386,0,40,United-States,>50K.
39,Private,75995,HS-grad,9,Divorced,Exec-managerial,Unmarried,White,Female,0,0,45,United-States,<=50K
49,Private,219611,Bachelors,13,Married-civ-spouse,Exec-managerial,Husband,White,Male,0,0,75,United-States,>50K.
24,Private,117767,Assoc-acdm,12,Never-married,Sales,Own-child,White,Male,0,0,20,United-States,<=50K
35,Private,158592,Assoc-voc,11,Married-civ-spouse,Exec-managerial,Husband,White,Male,3103,0,50,United-States,>50K.
29,Private,157950,Some-college,10,Married-civ-spouse,Adm-clerical,Wife,White,Female,0,0,40,United-States,>50K.
61,Self-emp-not-inc,243493,HS-grad,9,Married-civ-spouse,Other-service,Husband,Black,Male,0,0,12,United-States,<=50K
22,Private,110946,Some-college,10,Never-married,Other-service,Not-in-family,White,Female,0,0,40,United-States,<=50K
25,Private,206343,HS-grad,9,Never-married,Protective-serv,Other-relative,White,Male,0,0,40,United-States,<=50K
29,Private,166320,Bachelors,13,Married-civ-spouse,Prof-specialty,Husband,White,Male,0,0,50,United-States,>50K.
33,Self-emp-not-inc,48189,HS-grad,9,Married-civ-spouse,Protective-serv,Husband,White,Male,0,0,30,United-States,<=50K
40,Private,184655,Assoc-acdm,12,Never-married,Other-service,Other-relative,White,Male,0,0,25,United-States,<=50K
59,State-gov,200732,Masters,14,Married-civ-spouse,Prof-specialty,Husband,Asian-Pac-Islander,Male,0,0,50,Philippines,>50K.
29,Private,135791,Bachelors,13,Married-civ-spouse,Exec-managerial,Wife,White,Female,15024,0,50,Cuba,>50K.
53,Private,283320,Bachelors,13,Divorced,Tech-support,Not-in-family,White,Female,0,0,40,United-States,<=50K
35,Private,276153,Bachelors,13,Never-married,Tech-support,Not-in-family,Asian-Pac-Islander,Female,4650,0,40,United-States,<=50K
31,Private,161765,Some-college,10,Married-civ-spouse,Sales,Husband,White,Male,0,2051,57,United-States,<=50K
33,Private,97723,HS-grad,9,Married-civ-spouse,Transport-moving,Husband,White,Male,0,1887,50,United-States,>50K.
45,Self-emp-inc,200825,Bachelors,13,Married-civ-spouse,Exec-managerial,Husband,White,Male,0,0,50,United-States,>50K.
24,Private,69640,Bachelors,13,Never-married,Sales,Own-child,White,Male,0,0,40,United-States,<=50K
62,Federal-gov,34916,Some-college,10,Married-civ-spouse,Prof-specialty,Husband,White,Male,0,0,40,United-States,>50K.
35,Private,276559,Bachelors,13,Married-civ-spouse,Prof-specialty,Husband,White,Male,7298,0,45,United-States,>50K.
64,Self-emp-not-inc,213945,HS-grad,9,Married-civ-spouse,Craft-repair,Husband,White,Male,0,0,50,United-States,<=50K
41,Private,347653,Masters,14,Married-civ-spouse,Prof-specialty,Husband,White,Male,0,0,40,,>50K.
30,Private,186824,HS-grad,9,Married-civ-spouse,Protective-serv,Husband,White,Male,0,0,40,United-States,>50K.
60,?,153072,HS-grad,9,Married-civ-spouse,?,Husband,White,Male,0,0,5,United-States,<=50K
26,Private,383306,12th,8,Married-civ-spouse,Craft-repair,Husband,White,Male,0,0,40,United-States,<=50K
62,Private,155913,Assoc-acdm,12,Married-civ-spouse,Craft-repair,Husband,White,Male,0,0,40,United-States,>50K.
23,?,243190,Some-college,10,Never-married,?,Own-child,Asian-Pac-Islander,Male,0,0,20,China,<=50K
46,Private,141058,HS-grad,9,Married-civ-spouse,Craft-repair,Husband,White,Male,7298,0,40,United-States,>50K.
43,Private,150519,Some-college,10,Married-civ-spouse,Prof-specialty,Husband,White,Male,0,0,40,United-States,>50K.
57,Self-emp-inc,37394,Bachelors,13,Married-civ-spouse,Prof-specialty,Husband,White,Male,0,0,50,United-States,>50K.
29,Private,327964,9th,5,Divorced,Machine-op-inspct,Unmarried,Black,Female,0,0,40,United-States,<=50K
22,Private,126613,Some-college,10,Never-married,Sales,Own-child,White,Female,0,0,20,United-States,<=50K
35,Private,176123,10th,6,Married-civ-spouse,Other-service,Husband,Asian-Pac-Islander,Male,0,0,60,India,<=50K
34,Self-emp-not-inc,114185,Bachelors,13,Divorced,Transport-moving,Not-in-family,White,Male,0,0,50,?,<=50K
35,Private,80680,Masters,14,Never-married,Exec-managerial,Not-in-family,White,Female,0,0,45,United-States,>50K.
17,Private,139183,10th,6,Never-married,Sales,Own-child,White,Female,0,0,15,United-States,<=50K
40,Private,126701,9th,5,Never-married,Transport-moving,Not-in-family,White,Male,0,0,45,United-States,<=50K
20,Federal-gov,225515,Some-college,10,Never-married,Tech-support,Own-child,White,Female,0,0,24,United-States,<=50K
25,Private,51498,12th,8,Never-married,Other-service,Other-relative,White,Male,0,0,40,United-States,<=50K
27,Local-gov,209109,Masters,14,Never-married,Prof-specialty,Own-child,White,Male,0,0,35,United-States,<=50K
22,Private,362589,Assoc-acdm,12,Never-married,Sales,Not-in-family,White,Female,0,0,15,United-States,<=50K
40,Private,171589,Bachelors,13,Married-civ-spouse,Adm-clerical,Husband,White,Male,0,0,40,United-States,>50K.
33,Private,264554,Bachelors,13,Married-civ-spouse,Prof-specialty,Husband,White,Male,0,0,45,United-States,>50K.
39,Private,531055,HS-grad,9,Married-civ-spouse,Craft-repair,Husband,White,Male,0,0,40,United-States,>50K.
90,Self-emp-not-inc,122348,Prof-school,15,Married-civ-spouse,Prof-specialty,Husband,White,Male,20051,0,45,United-States,>50K.
39,Local-gov,170263,Masters,14,Divorced,Prof-specialty,Unmarried,White,Female,0,0,30,United-States,>50K.
53,Private,95864,Doctorate,16,Married-civ-spouse,Prof-specialty,Husband,White,Male,15024,0,50,England,>50K.
40,Private,121718,Bachelors,13,Divorced,Exec-managerial,Not-in-family,White,Male,0,0,55,United-States,>50K.
35,Private,210945,Masters,14,Married-civ-spouse,Prof-specialty,Husband,White,Male,0,0,60,United-States,>50K.
33,Private,284531,Bachelors,13,Never-married,Sales,Not-in-family,White,Female,0,0,40,United-States,<=50K
18,Private,208103,11th,7,Never-married,Other-service,Other-relative,White,Male,0,0,25,United-States,<=50K
54,Local-gov,68015,Masters,14,Married-civ-spouse,Prof-specialty,Husband,White,Male,0,0,45,United-States,>50K.
39,Local-gov,218490,Assoc-acdm,12,Married-civ-spouse,Craft-repair,Husband,White,Male,0,0,40,United-States,>50K.
40,Private,243580,Bachelors,13,Married-civ-spouse,Exec-managerial,Husband,White,Male,0,0,44,United-States,>50K.
54,Private,167380,HS-grad,9,Married-civ-spouse,Craft-repair,Husband,White,Male,0,0,40,United-States,>50K.
38,Self-emp-inc,320811,HS-grad,9,Married-civ-spouse,Exec-managerial,Husband,White,Male,0,0,50,United-States,>50K.
33,Self-emp-not-inc,137674,HS-grad,9,Married-civ-spouse,Other-service,Husband,Black,Male,0,0,40,United-States,<=50K
38,Private,117802,Masters,14,Married-civ-spouse,Exec-managerial,Husband,White,Male,7688,0,60,United-States,>50K.
34,Private,167049,Bachelors,13,Married-civ-spouse,Priv-house-serv,Wife,White,Female,0,0,20,United-States,>50K.
33,,148380,Bachelors,13,Married-civ-spouse,,Wife,White,Female,3103,0,60,United-States,>50K.
60,Private,135158,Some-college,10,Married-civ-spouse,Craft-repair,Husband,White,Male,15024,0,48,United-States,>50K.
65,Private,207281,Some-college,10,Married-civ-spouse,Protective-serv,Husband,White,Male,0,0,16,United-States,<=50K
24,Private,86745,Bachelors,13,Married-civ-spouse,Prof-specialty,Other-relative,Asian-Pac-Islander,Female,0,0,40,Philippines,<=50K
44,Private,82601,Bachelors,13,Married-civ-spouse,Transport-moving,Husband,White,Male,0,0,40,United-States,<=50K
33,Private,99339,Assoc-acdm,12,Divorced,Adm-clerical,Not-in-family,White,Female,0,880,40,United-States,<=50K
24,Private,153082,HS-grad,9,Never-married,Sales,Not-in-family,White,Male,0,0,30,United-States,<=50K
18,Private,194059,12th,8,Never-married,Adm-clerical,Own-child,White,Male,0,0,40,United-States,<=50K
45,Private,168232,HS-grad,9,Married-civ-spouse,Craft-repair,Husband,White,Male,0,0,56,United-States,>50K.
46,Self-emp-inc,168211,HS-grad,9,Married-civ-spouse,Exec-managerial,Husband,White,Male,0,0,75,United-States,>50K.
25,Private,126974,HS-grad,9,Never-married,Craft-repair,Own-child,White,Male,0,0,40,United-States,<=50K
36,?,168223,Bachelors,13,Never-married,?,Own-child,White,Female,0,0,40,United-States,<=50K
53,Self-emp-inc,190762,HS-grad,9,Married-civ-spouse,Exec-managerial,Husband,White,Male,0,0,45,United-States,>50K.
28,Private,167062,Some-college,10,Divorced,Adm-clerical,Unmarried,White,Male,0,0,40,United-States,<=50K
50,Private,177487,HS-grad,9,Married-civ-spouse,Craft-repair,Husband,White,Male,0,0,40,United-States,<=50K
36,Private,117312,Assoc-acdm,12,Divorced,Tech-support,Not-in-family,White,Female,0,0,60,United-States,<=50K
22,?,87867,12th,8,Never-married,?,Not-in-family,White,Male,0,0,30,United-States,<=50K
27,State-gov,280618,Masters,14,Never-married,Prof-specialty,Not-in-family,White,Male,0,0,40,United-States,<=50K
48,Self-emp-not-inc,175622,Assoc-voc,11,Married-civ-spouse,Craft-repair,Husband,White,Male,0,0,40,United-States,>50K.
29,Private,40295,HS-grad,9,Married-civ-spouse,Prof-specialty,Husband,White,Male,0,0,40,United-States,<=50K
35,Private,340018,10th,6,Never-married,Other-service,Unmarried,Black,Female,0,0,38,United-States,<=50K
49,Self-emp-inc,154174,Bachelors,13,Married-civ-spouse,Exec-managerial,Husband,White,Male,0,0,50,United-States,>50K.
64,Private,210082,HS-grad,9,Widowed,Adm-clerical,Not-in-family,White,Female,0,0,40,United-States,<=50K
18,Private,159561,11th,7,Never-married,Transport-moving,Own-child,White,Male,0,0,20,United-States,<=50K
43,Self-emp-inc,253811,Prof-school,15,Married-civ-spouse,Prof-specialty,Husband,White,Male,0,2415,55,United-States,>50K.
22,?,219122,Some-college,10,Never-married,?,Own-child,White,Male,0,0,40,United-States,<=50K
20,Private,164922,HS-grad,9,Never-married,Craft-repair,Own-child,White,Male,0,0,40,United-States,<=50K
58,?,158611,HS-grad,9,Married-civ-spouse,?,Husband,White,Male,0,0,50,United-States,<=50K
32,Private,386806,5th-6th,3,Married-civ-spouse,Craft-repair,Husband,Other,Male,0,0,45,Mexico,>50K.
49,Private,143482,HS-grad,9,Divorced,Other-service,Unmarried,White,Female,0,0,40,United-States,<=50K
26,Private,29488,Prof-school,15,Never-married,Prof-specialty,Not-in-family,White,Male,0,0,40,United-States,>50K.
24,Private,211129,Bachelors,13,Never-married,Exec-managerial,Other-relative,White,Female,0,0,60,United-States,>50K.
31,Private,214235,HS-grad,9,Married-civ-spouse,Sales,Husband,White,Male,0,1977,40,United-States,>50K.
36,Private,48855,Masters,14,Married-civ-spouse,Prof-specialty,Husband,White,Male,0,0,38,United-States,>50K.
38,Private,436361,Masters,14,Married-civ-spouse,Prof-specialty,Wife,White,Female,0,1977,20,United-States,>50K.
51,Private,173291,HS-grad,9,Divorced,Other-service,Not-in-family,White,Female,0,0,40,United-States,<=50K
38,Self-emp-inc,179579,Doctorate,16,Married-civ-spouse,Exec-managerial,Husband,White,Male,0,0,60,United-States,>50K.
38,Private,178322,HS-grad,9,Married-civ-spouse,Sales,Husband,White,Male,0,0,70,United-States,>50K.
57,Private,142076,HS-grad,9,Married-civ-spouse,Machine-op-inspct,Husband,White,Male,4386,0,40,United-States,>50K.
43,Self-emp-not-inc,170721,Some-college,10,Married-civ-spouse,Craft-repair,Husband,White,Male,0,0,20,United-States,<=50K
22,Private,145477,HS-grad,9,Never-married,Handlers-cleaners,Own-child,Amer-Indian-Eskimo,Male,0,0,40,United-States,<=50K
40,Private,176063,Bachelors,13,Married-civ-spouse,Exec-managerial,Husband,White,Male,0,1977,60,United-States,>50K.
27,Self-emp-inc,217848,12th,8,Married-civ-spouse,Adm-clerical,Husband,White,Male,0,0,40,United-States,>50K.
53,Private,152657,10th,6,Married-civ-spouse,Craft-repair,Husband,Black,Male,0,0,40,United-States,<=50K
42,Private,175133,Some-college,10,Never-married,Machine-op-inspct,Unmarried,Black,Female,0,0,40,United-States,<=50K
24,?,169624,HS-grad,9,Divorced,?,Unmarried,Black,Female,0,0,37,United-States,<=50K
22,Private,205604,5th-6th,3,Never-married,Machine-op-inspct,Not-in-family,White,Male,0,0,30,Mexico,<=50K
56,Private,41100,Masters,14,Divorced,Exec-managerial,Not-in-family,White,Female,0,0,40,United-States,>50K.
49,Private,39518,Some-college,10,Married-civ-spouse,Tech-support,Husband,White,Male,0,0,40,United-States,>50K.
26,Private,210521,HS-grad,9,Married-civ-spouse,Craft-repair,Husband,White,Male,0,0,42,United-States,>50K.
28,Private,339897,Bachelors,13,Married-civ-spouse,Exec-managerial,Husband,White,Male,0,0,40,United-States,>50K.
39,Local-gov,30269,Bachelors,13,Never-married,Prof-specialty,Not-in-family,White,Female,0,0,44,United-States,>50K.
31,Private,208881,HS-grad,9,Married-civ-spouse,Craft-repair,Husband,White,Male,0,0,50,United-States,>50K.
81,?,120478,Assoc-voc,11,Divorced,?,Unmarried,White,Female,0,0,1,?,<=50K
35,Private,302604,Assoc-voc,11,Married-civ-spouse,Adm-clerical,Wife,White,Female,0,0,40,United-States,>50K.
40,Private,199303,HS-grad,9,Married-civ-spouse,Craft-repair,Husband,White,Male,0,0,40,United-States,<=50K
39,Local-gov,43702,Assoc-voc,11,Married-civ-spouse,Adm-clerical,Wife,White,Female,0,0,37,United-States,<=50K
43,Private,163434,HS-grad,9,Married-civ-spouse,Craft-repair,Husband,White,Male,0,0,40,United-States,>50K.
31,Private,189759,Assoc-acdm,12,Married-civ-spouse,Adm-clerical,Husband,White,Male,0,0,40,Italy,<=50K
27,Private,387776,Some-college,10,Never-married,Other-service,Own-child,White,Male,0,0,40,United-States,<=50K
43,Local-gov,85440,Masters,14,Married-civ-spouse,Prof-specialty,Husband,White,Male,0,0,45,United-States,>50K.
48,Self-emp-not-inc,191389,Some-college,10,Separated,Sales,Unmarried,White,Female,0,0,50,United-States,<=50K
58,State-gov,136982,HS-grad,9,Married-spouse-absent,Other-service,Unmarried,Black,Female,0,0,40,Honduras,<=50K
51,Private,85382,HS-grad,9,Married-civ-spouse,Craft-repair,Husband,White,Male,0,0,55,United-States,>50K.
36,Federal-gov,223749,Bachelors,13,Married-civ-spouse,Prof-specialty,Husband,White,Male,0,0,40,United-States,>50K.
53,Private,231865,12th,8,Married-civ-spouse,Craft-repair,Husband,White,Male,0,0,40,United-States,>50K.
31,Private,113364,HS-grad,9,Married-civ-spouse,Transport-moving,Husband,White,Male,0,0,40,United-States,>50K.
38,Local-gov,181721,Bachelors,13,Married-civ-spouse,Exec-managerial,Husband,Black,Male,0,0,40,United-States,<=50K
54,Private,141663,HS-grad,9,Never-married,Other-service,Not-in-family,White,Male,0,0,15,United-States,<=50K
43,Private,256813,Masters,14,Married-civ-spouse,Prof-specialty,Husband,White,Male,0,1902,40,United-States,>50K.
56,Private,97541,HS-grad,9,Married-civ-spouse,Sales,Husband,White,Male,0,1977,40,United-States,>50K.
53,Local-gov,237523,Some-college,10,Married-civ-spouse,Protective-serv,Husband,White,Male,0,0,40,United-States,>50K.
29,Local-gov,211032,Assoc-acdm,12,Married-civ-spouse,Protective-serv,Husband,White,Male,0,0,72,United-States,>50K.
29,Private,327766,Some-college,10,Divorced,Exec-managerial,Unmarried,White,Male,0,0,55,United-States,>50K.
50,Private,176215,HS-grad,9,Married-civ-spouse,Sales,Husband,White,Male,7688,0,56,United-States,>50K.
32,Local-gov,177566,Some-college,10,Married-spouse-absent,Prof-specialty,Not-in-family,White,Male,0,0,50,Germany,<=50K
41,Self-emp-not-inc,33474,Bachelors,13,Married-civ-spouse,Exec-managerial,Husband,White,Male,0,0,55,United-States,>50K.
46,,110243,Masters,14,Married-civ-spouse,,Husband,White,Male,0,1977,20,United-States,>50K.
55,Private,198385,7th-8th,4,Widowed,Other-service,Unmarried,White,Female,0,0,20,?,<=50K
59,Private,254593,Bachelors,13,Married-civ-spouse,Sales,Husband,White,Male,0,0,55,United-States,>50K.
40,Private,98466,HS-grad,9,Married-civ-spouse,Craft-repair,Husband,White,Male,0,0,40,United-States,>50K.
44,Self-emp-inc,277788,11th,7,Married-civ-spouse,Sales,Husband,White,Male,0,0,60,Portugal,>50K.
39,Self-emp-not-inc,183081,Masters,14,Never-married,Sales,Not-in-family,White,Male,0,0,60,United-States,>50K.
21,Private,191243,Some-college,10,Never-married,Other-service,Own-child,White,Male,0,0,40,United-States,<=50K
31,Private,402361,HS-grad,9,Married-civ-spouse,Craft-repair,Husband,White,Male,0,0,40,United-States,<=50K
68,Private,148874,9th,5,Married-civ-spouse,Craft-repair,Husband,Black,Male,0,0,44,United-States,<=50K
47,State-gov,160045,Some-college,10,Divorced,Adm-clerical,Not-in-family,White,Female,0,0,40,United-States,<=50K
42,Federal-gov,32627,Some-college,10,Married-civ-spouse,Craft-repair,Husband,White,Male,7688,0,45,United-States,>50K.
30,Private,415266,HS-grad,9,Married-civ-spouse,Tech-support,Husband,White,Male,0,0,40,United-States,>50K.
54,State-gov,151580,Some-college,10,Married-civ-spouse,Prof-specialty,Husband,White,Male,0,1902,40,United-States,>50K.
43,Federal-gov,115562,HS-grad,9,Married-civ-spouse,Machine-op-inspct,Husband,White,Male,0,0,40,United-States,<=50K
57,Self-emp-not-inc,113010,Bachelors,13,Married-civ-spouse,Sales,Husband,White,Male,0,0,50,United-States,>50K.
31,Private,288983,Some-college,10,Never-married,Protective-serv,Not-in-family,White,Male,0,0,40,United-States,<=50K
41,Private,590204,Masters,14,Married-civ-spouse,Prof-specialty,Wife,White,Female,15024,0,40,United-States,>50K.
35,Private,162256,Assoc-voc,11,Divorced,Adm-clerical,Not-in-family,White,Female,6849,0,40,United-States,<=50K
32,Private,239824,Bachelors,13,Never-married,Tech-support,Not-in-family,White,Male,0,0,40,United-States,<=50K
41,Private,187336,HS-grad,9,Separated,Adm-clerical,Unmarried,White,Female,0,0,40,United-States,<=50K
72,Self-emp-inc,149689,Prof-school,15,Married-civ-spouse,Prof-specialty,Husband,White,Male,20051,0,48,United-States,>50K.
36,Private,132563,Prof-school,15,Married-civ-spouse,Adm-clerical,Wife,White,Female,0,0,15,United-States,>50K.
47,Federal-gov,218325,Assoc-acdm,12,Married-civ-spouse,Handlers-cleaners,Husband,Asian-Pac-Islander,Male,0,0,40,Philippines,>50K.
41,Private,191547,Masters,14,Married-civ-spouse,Exec-managerial,Husband,White,Male,99999,0,55,United-States,>50K.
35,Self-emp-not-inc,195744,HS-grad,9,Divorced,Craft-repair,Not-in-family,White,Male,0,0,50,United-States,<=50K
21,Private,186087,Bachelors,13,Never-married,Prof-specialty,Not-in-family,White,Male,0,0,40,United-States,>50K.
21,Private,109869,HS-grad,9,Never-married,Craft-repair,Own-child,White,Male,0,0,30,United-States,<=50K
69,Private,144056,Some-college,10,Married-civ-spouse,Prof-specialty,Husband,White,Male,0,0,40,United-States,>50K.
46,Private,195416,Bachelors,13,Never-married,Prof-specialty,Not-in-family,Black,Female,0,0,44,United-States,>50K.
37,Self-emp-not-inc,174308,HS-grad,9,Married-civ-spouse,Craft-repair,Husband,White,Male,0,0,40,United-States,<=50K
42,Private,213214,Assoc-acdm,12,Married-civ-spouse,Sales,Husband,White,Male,0,0,40,United-States,<=50K
36,Private,117381,Bachelors,13,Married-civ-spouse,Prof-specialty,Husband,White,Male,0,0,55,United-States,>50K.
35,Private,53553,Some-college,10,Married-civ-spouse,Sales,Husband,White,Male,7298,0,48,United-States,>50K.
35,Private,150217,Bachelors,13,Married-civ-spouse,Other-service,Wife,White,Female,0,0,24,Poland,<=50K
24,Private,188569,Masters,14,Never-married,Exec-managerial,Own-child,White,Female,4787,0,60,United-States,>50K.
43,Federal-gov,145175,Bachelors,13,Married-civ-spouse,Adm-clerical,Husband,White,Male,0,0,42,United-States,>50K.
41,Private,173307,HS-grad,9,Married-civ-spouse,Craft-repair,Husband,White,Male,0,0,40,United-States,>50K.
43,Private,195897,HS-grad,9,Married-civ-spouse,Craft-repair,Husband,White,Male,0,0,40,United-States,>50K.
33,Private,194336,HS-grad,9,Married-civ-spouse,Exec-managerial,Husband,White,Male,5178,0,50,United-States,>50K.
51,Private,229225,Masters,14,Divorced,Other-service,Not-in-family,Black,Female,0,0,18,United-States,>50K.
39,Private,57691,HS-grad,9,Married-civ-spouse,Handlers-cleaners,Husband,White,Male,7298,0,40,United-States,>50K.
45,Private,310260,Some-college,10,Married-civ-spouse,Transport-moving,Husband,White,Male,0,0,60,United-States,>50K.
23,Private,119838,Bachelors,13,Never-married,Prof-specialty,Own-child,White,Male,0,0,50,United-States,<=50K
33,Private,176711,Assoc-acdm,12,Never-married,Adm-clerical,Not-in-family,White,Male,0,0,50,United-States,<=50K
39,Private,98975,Bachelors,13,Never-married,Sales,Not-in-family,White,Female,8614,0,50,United-States,>50K.
30,Private,236993,Some-college,10,Never-married,Adm-clerical,Unmarried,White,Female,0,0,30,United-States,<=50K
25,Private,335005,Some-college,10,Married-civ-spouse,Protective-serv,Husband,White,Male,3137,0,40,United-States,<=50K
45,Private,205816,HS-grad,9,Married-civ-spouse,Other-service,Wife,White,Female,0,0,40,United-States,>50K.
40,Private,190507,HS-grad,9,Married-civ-spouse,Craft-repair,Husband,White,Male,0,0,60,United-States,>50K.
61,Local-gov,77072,11th,7,Married-civ-spouse,Exec-managerial,Husband,White,Male,0,0,40,United-States,>50K.
28,Self-emp-inc,37088,Bachelors,13,Never-married,Sales,Not-in-family,White,Male,0,0,50,United-States,<=50K
33,Local-gov,292217,HS-grad,9,Divorced,Protective-serv,Unmarried,White,Male,0,0,40,United-States,<=50K
37,Self-emp-not-inc,31670,HS-grad,9,Married-civ-spouse,Farming-fishing,Husband,White,Male,0,0,60,United-States,<=50K
47,Private,362654,Masters,14,Married-civ-spouse,Prof-specialty,Husband,White,Male,0,0,40,United-States,>50K.
47,Private,54260,Assoc-voc,11,Married-civ-spouse,Exec-managerial,Husband,White,Male,0,1887,60,United-States,>50K.
30,Self-emp-not-inc,189265,Assoc-acdm,12,Divorced,Adm-clerical,Not-in-family,White,Female,0,0,40,United-States,<=50K
67,Federal-gov,231604,HS-grad,9,Never-married,Adm-clerical,Not-in-family,White,Male,0,0,40,United-States,>50K.
42,Private,137698,5th-6th,3,Married-spouse-absent,Farming-fishing,Not-in-family,White,Male,0,0,35,Mexico,<=50K
43,Private,238530,HS-grad,9,Married-civ-spouse,Craft-repair,Husband,White,Male,0,0,40,United-States,<=50K
31,Private,101562,Bachelors,13,Never-married,Sales,Not-in-family,White,Female,0,0,50,United-States,>50K.
22,Private,117606,Bachelors,13,Never-married,Adm-clerical,Own-child,White,Female,0,0,25,United-States,<=50K
32,Private,236770,Some-college,10,Divorced,Sales,Not-in-family,White,Male,0,0,50,United-States,<=50K
49,Private,393715,Bachelors,13,Married-civ-spouse,Exec-managerial,Husband,White,Male,15024,0,50,United-States,>50K.
72,,144461,Assoc-acdm,12,Married-civ-spouse,,Husband,White,Male,0,0,16,United-States,>50K.
18,Private,199039,12th,8,Never-married,Sales,Own-child,White,Male,594,0,14,United-States,<=50K
60,Federal-gov,38749,Prof-school,15,Married-civ-spouse,Prof-specialty,Husband,Asian-Pac-Islander,Male,99999,0,60,Philippines,>50K.
42,Private,274913,HS-grad,9,Divorced,Craft-repair,Unmarried,White,Male,0,0,45,United-States,<=50K
32,Private,193380,HS-grad,9,Never-married,Transport-moving,Own-child,White,Male,0,0,40,United-States,<=50K
43,Private,307767,HS-grad,9,Married-civ-spouse,Craft-repair,Husband,White,Male,0,0,40,United-States,>50K.
42,Private,297266,Some-college,10,Married-civ-spouse,Sales,Husband,White,Male,0,0,90,United-States,>50K.
46,Private,106662,Bachelors,13,Separated,Sales,Not-in-family,White,Male,99999,0,55,United-States,>50K.
37,Private,168941,Masters,14,Married-civ-spouse,Exec-managerial,Husband,White,Male,0,0,55,United-States,>50K.
32,Private,39223,10th,6,Separated,Craft-repair,Unmarried,Black,Female,0,0,40,?,<=50K
26,Private,56929,Bachelors,13,Never-married,Exec-managerial,Not-in-family,Black,Male,0,0,50,?,<=50K
37,Local-gov,98725,Bachelors,13,Never-married,Tech-support,Own-child,White,Female,0,0,42,United-States,<=50K
77,State-gov,267799,Doctorate,16,Married-spouse-absent,Prof-specialty,Not-in-family,White,Male,0,0,4,United-States,>50K.
53,Private,167065,11th,7,Married-civ-spouse,Machine-op-inspct,Husband,White,Male,0,0,40,United-States,<=50K
57,State-gov,170108,Bachelors,13,Married-civ-spouse,Exec-managerial,Husband,White,Male,0,1902,40,United-States,>50K.
33,Private,327112,Masters,14,Married-civ-spouse,Exec-managerial,Husband,White,Male,0,0,60,United-States,>50K.
76,?,211574,10th,6,Married-civ-spouse,?,Husband,White,Male,0,0,1,United-States,<=50K
38,Private,334999,HS-grad,9,Married-civ-spouse,Sales,Husband,White,Male,0,0,45,United-States,<=50K
41,Self-emp-not-inc,344624,Some-college,10,Married-civ-spouse,Prof-specialty,Husband,White,Male,0,0,60,United-States,>50K.
61,Self-emp-inc,103575,Prof-school,15,Married-civ-spouse,Exec-managerial,Husband,White,Male,99999,0,40,United-States,>50K.
42,Private,115511,Doctorate,16,Married-civ-spouse,Prof-specialty,Husband,White,Male,0,0,50,United-States,<=50K
72,Self-emp-inc,199233,Prof-school,15,Married-civ-spouse,Prof-specialty,Husband,White,Male,0,2377,35,United-States,>50K.
30,Private,425528,HS-grad,9,Never-married,Protective-serv,Own-child,White,Male,0,0,70,United-States,<=50K
23,?,226891,HS-grad,9,Never-married,?,Other-relative,Asian-Pac-Islander,Female,0,0,20,South,<=50K
45,Private,182689,HS-grad,9,Married-civ-spouse,Sales,Husband,White,Male,7688,0,40,United-States,>50K.
35,Private,122747,Bachelors,13,Married-civ-spouse,Prof-specialty,Husband,White,Male,0,0,50,United-States,>50K.
50,Private,30827,Bachelors,13,Married-civ-spouse,Sales,Husband,White,Male,0,0,45,United-States,>50K.
20,?,203353,Some-college,10,Never-married,?,Own-child,White,Female,0,0,40,United-States,<=50K
36,Self-emp-inc,173968,Some-college,10,Married-civ-spouse,Exec-managerial,Husband,White,Male,0,0,40,United-States,>50K.
32,Private,176185,Some-college,10,Divorced,Exec-managerial,Other-relative,White,Male,0,0,60,United-States,<=50K
26,?,176077,Some-college,10,Never-married,?,Unmarried,White,Female,0,0,40,United-States,<=50K
42,Private,125461,Bachelors,13,Never-married,Sales,Unmarried,White,Male,0,0,40,United-States,<=50K
39,Private,141802,Some-college,10,Divorced,Adm-clerical,Unmarried,Black,Female,0,0,40,United-States,<=50K
25,Private,178037,HS-grad,9,Married-civ-spouse,Transport-moving,Husband,White,Male,0,0,40,United-States,<=50K
52,Private,201783,Some-college,10,Married-civ-spouse,Exec-managerial,Husband,White,Male,7688,0,40,United-States,>50K.
39,State-gov,152307,Bachelors,13,Married-civ-spouse,Prof-specialty,Husband,White,Male,0,0,40,United-States,<=50K
30,Local-gov,118500,Bachelors,13,Never-married,Prof-specialty,Not-in-family,White,Female,0,0,40,United-States,<=50K
42,?,51795,HS-grad,9,Divorced,?,Unmarried,Black,Female,0,0,32,United-States,<=50K
38,Federal-gov,455379,12th,8,Married-civ-spouse,Protective-serv,Husband,White,Male,0,0,56,United-States,>50K.
43,Private,598606,9th,5,Separated,Handlers-cleaners,Unmarried,Black,Female,0,0,50,United-States,<=50K
31,Private,61898,Some-college,10,Married-civ-spouse,Prof-specialty,Wife,White,Female,0,0,40,United-States,>50K.
48,State-gov,241854,Masters,14,Married-civ-spouse,Exec-managerial,Husband,White,Male,0,0,55,United-States,>50K.
41,Private,33331,HS-grad,9,Married-civ-spouse,Craft-repair,Husband,White,Male,0,0,45,United-States,<=50K
32,Private,195447,Bachelors,13,Married-civ-spouse,Exec-managerial,Husband,White,Male,0,0,55,United-States,>50K.
40,Local-gov,174395,Bachelors,13,Married-civ-spouse,Exec-managerial,Husband,White,Male,0,0,60,United-States,>50K.
29,Local-gov,181282,Bachelors,13,Divorced,Prof-specialty,Not-in-family,White,Male,0,0,50,United-States,<=50K
32,Private,243988,5th-6th,3,Married-civ-spouse,Other-service,Husband,White,Male,0,0,40,Mexico,<=50K
44,Federal-gov,55363,Bachelors,13,Married-civ-spouse,Prof-specialty,Husband,White,Male,0,1887,40,United-States,>50K.
51,Private,176969,HS-grad,9,Married-civ-spouse,Machine-op-inspct,Husband,White,Male,0,0,48,United-States,<=50K
34,?,24504,HS-grad,9,Never-married,?,Not-in-family,White,Male,0,0,40,United-States,<=50K
22,Private,97508,HS-grad,9,Never-married,Other-service,Own-child,White,Male,0,0,50,United-States,<=50K
56,Private,121362,Bachelors,13,Divorced,Other-service,Not-in-family,White,Female,0,0,32,United-States,<=50K
35,Private,151835,HS-grad,9,Married-civ-spouse,Machine-op-inspct,Husband,White,Male,0,0,45,United-States,>50K.
23,Private,520759,HS-grad,9,Never-married,Other-service,Not-in-family,Black,Male,0,0,30,United-States,<=50K
64,State-gov,104361,Some-college,10,Separated,Adm-clerical,Not-in-family,White,Female,0,0,65,United-States,<=50K
39,Private,22494,Bachelors,13,Never-married,Exec-managerial,Not-in-family,White,Female,0,0,40,United-States,<=50K
59,Private,33725,9th,5,Married-civ-spouse,Exec-managerial,Husband,White,Male,0,0,40,United-States,>50K.
39,Private,282153,Some-college,10,Never-married,Adm-clerical,Own-child,White,Female,0,0,20,United-States,<=50K
50,Private,410114,Prof-school,15,Married-civ-spouse,Exec-managerial,Husband,White,Male,15024,0,50,United-States,>50K.
45,Federal-gov,363418,Bachelors,13,Married-civ-spouse,Prof-specialty,Husband,White,Male,0,0,40,United-States,>50K.
40,Private,187294,HS-grad,9,Married-civ-spouse,Exec-managerial,Husband,White,Male,0,0,40,United-States,>50K.
45,Private,102147,HS-grad,9,Married-civ-spouse,Craft-repair,Husband,White,Male,0,0,40,United-States,<=50K
58,Private,162970,Some-college,10,Married-civ-spouse,Sales,Husband,White,Male,0,1977,60,United-States,>50K.
22,Private,163911,Some-college,10,Never-married,Adm-clerical,Own-child,White,Female,0,0,20,United-States,<=50K
39,Private,151023,Some-college,10,Divorced,Adm-clerical,Unmarried,White,Female,114,0,45,United-States,<=50K
30,Private,181372,Bachelors,13,Married-civ-spouse,Prof-specialty,Wife,White,Female,0,0,40,United-States,>50K.
36,Private,296478,HS-grad,9,Married-civ-spouse,Sales,Husband,White,Male,0,0,40,United-States,>50K.
22,Private,38251,Assoc-acdm,12,Never-married,Other-service,Unmarried,White,Female,0,0,35,United-States,<=50K
28,Private,190525,Bachelors,13,Married-civ-spouse,Exec-managerial,Husband,White,Male,0,0,50,United-States,>50K.
60,,380268,Prof-school,15,Married-civ-spouse,,Husband,White,Male,0,0,40,United-States,>50K.
33,Private,63079,HS-grad,9,Divorced,Adm-clerical,Unmarried,Black,Female,0,0,40,United-States,<=50K
44,Local-gov,445382,Some-college,10,Married-civ-spouse,Machine-op-inspct,Husband,White,Male,7688,0,40,United-States,>50K.
24,State-gov,324637,Some-college,10,Never-married,Other-service,Not-in-family,White,Male,0,0,40,United-States,<=50K
44,Self-emp-not-inc,85019,Bachelors,13,Married-civ-spouse,Craft-repair,Husband,Asian-Pac-Islander,Male,0,0,40,,>50K.
61,Self-emp-inc,190610,Bachelors,13,Married-civ-spouse,Sales,Husband,White,Male,0,0,45,United-States,>50K.
27,Self-emp-not-inc,151402,HS-grad,9,Married-civ-spouse,Farming-fishing,Husband,White,Male,0,1573,70,United-States,<=50K
64,Federal-gov,353479,Some-college,10,Married-civ-spouse,Exec-managerial,Husband,Amer-Indian-Eskimo,Male,0,0,45,United-States,>50K.
26,Self-emp-not-inc,219897,Masters,14,Never-married,Prof-specialty,Not-in-family,White,Female,0,0,50,United-States,<=50K
47,Federal-gov,176917,Some-college,10,Married-civ-spouse,Adm-clerical,Husband,White,Male,0,0,48,United-States,>50K.
67,,165103,Bachelors,13,Married-civ-spouse,,Husband,White,Male,0,2174,50,United-States,>50K.
39,Private,159168,Assoc-voc,11,Widowed,Exec-managerial,Unmarried,White,Female,0,3004,40,United-States,>50K.
24,Private,117789,Bachelors,13,Never-married,Exec-managerial,Own-child,White,Female,0,0,40,United-States,<=50K
39,Private,216552,Masters,14,Married-civ-spouse,Adm-clerical,Husband,White,Male,0,0,40,United-States,<=50K
59,Private,187485,Some-college,10,Married-civ-spouse,Exec-managerial,Husband,White,Male,0,0,45,United-States,>50K.
52,Private,87858,HS-grad,9,Married-civ-spouse,Handlers-cleaners,Husband,Black,Male,0,0,40,United-States,>50K.
46,State-gov,394860,Bachelors,13,Married-civ-spouse,Prof-specialty,Husband,White,Male,0,0,38,United-States,<=50K
39,Private,258037,Masters,14,Never-married,Adm-clerical,Not-in-family,White,Male,0,0,40,?,<=50K
47,Private,331650,HS-grad,9,Married-civ-spouse,Adm-clerical,Wife,White,Female,0,0,40,United-States,>50K.
50,Private,155434,HS-grad,9,Married-civ-spouse,Handlers-cleaners,Husband,White,Male,0,0,40,United-States,>50K.
48,State-gov,148306,Masters,14,Divorced,Prof-specialty,Unmarried,White,Female,0,0,40,United-States,<=50K
59,Private,192845,HS-grad,9,Married-civ-spouse,Handlers-cleaners,Husband,White,Male,0,0,40,United-States,>50K.
35,Private,143059,HS-grad,9,Married-civ-spouse,Transport-moving,Wife,White,Female,0,1902,28,United-States,>50K.
37,Local-gov,184112,Doctorate,16,Divorced,Prof-specialty,Not-in-family,White,Female,0,0,40,United-States,>50K.
21,?,163911,Some-college,10,Never-married,?,Own-child,White,Female,0,0,3,United-States,<=50K
24,Private,98287,HS-grad,9,Married-civ-spouse,Sales,Husband,White,Male,0,0,50,United-States,<=50K
48,Private,209460,HS-grad,9,Divorced,Handlers-cleaners,Not-in-family,White,Male,0,0,40,United-States,<=50K
32,Private,262092,Bachelors,13,Married-civ-spouse,Prof-specialty,Husband,White,Male,7298,0,50,United-States,>50K.
60,Federal-gov,54701,Bachelors,13,Married-civ-spouse,Prof-specialty,Husband,White,Male,0,0,40,United-States,>50K.
56,Local-gov,191754,Masters,14,Married-civ-spouse,Prof-specialty,Husband,White,Male,0,0,50,United-States,>50K.
41,Federal-gov,171589,Masters,14,Married-civ-spouse,Prof-specialty,Husband,White,Male,0,0,50,,>50K.
23,Private,140915,Some-college,10,Never-married,Sales,Other-relative,Asian-Pac-Islander,Male,0,0,25,Philippines,<=50K
48,Private,102359,Doctorate,16,Married-civ-spouse,Prof-specialty,Husband,White,Male,0,0,60,United-States,>50K.
36,Private,22245,HS-grad,9,Married-civ-spouse,Sales,Husband,White,Male,0,0,40,United-States,>50K.
39,Private,430336,HS-grad,9,Married-civ-spouse,Exec-managerial,Husband,Black,Male,7688,0,45,United-States,>50K.
27,Private,89598,Some-college,10,Never-married,Adm-clerical,Unmarried,White,Female,0,0,60,United-States,<=50K
46,Self-emp-not-inc,366089,Bachelors,13,Married-civ-spouse,Sales,Husband,White,Male,0,0,60,United-States,>50K.
37,Self-emp-not-inc,42044,Some-college,10,Married-civ-spouse,Farming-fishing,Husband,White,Male,0,0,84,United-States,<=50K
61,Private,181200,HS-grad,9,Divorced,Transport-moving,Not-in-family,White,Male,0,1564,40,United-States,>50K.
42,Self-emp-inc,212894,Bachelors,13,Married-civ-spouse,Exec-managerial,Husband,White,Male,0,0,60,United-States,>50K.
28,Private,162404,Bachelors,13,Never-married,Craft-repair,Not-in-family,Black,Male,0,0,60,United-States,<=50K
38,Private,107303,HS-grad,9,Married-civ-spouse,Craft-repair,Husband,White,Male,0,0,40,United-States,<=50K
38,Private,180288,Some-college,10,Married-civ-spouse,Sales,Husband,White,Male,0,1977,60,United-States,>50K.
25,Private,124111,Bachelors,13,Never-married,Adm-clerical,Own-child,White,Female,0,0,40,United-States,<=50K
54,Private,99185,Masters,14,Married-civ-spouse,Prof-specialty,Husband,White,Male,0,0,40,United-States,>50K.
39,Self-emp-not-inc,315640,Bachelors,13,Never-married,Sales,Own-child,Asian-Pac-Islander,Male,0,0,60,Iran,<=50K
26,Self-emp-inc,176981,Bachelors,13,Never-married,Adm-clerical,Own-child,White,Female,0,0,50,United-States,<=50K
48,State-gov,185859,Bachelors,13,Married-civ-spouse,Exec-managerial,Husband,White,Male,0,0,38,United-States,>50K.
45,Self-emp-not-inc,240786,Bachelors,13,Married-civ-spouse,Craft-repair,Husband,White,Male,0,0,40,United-States,>50K.
32,Private,132601,Bachelors,13,Married-civ-spouse,Prof-specialty,Husband,White,Male,0,0,50,United-States,<=50K
34,Private,379412,HS-grad,9,Married-civ-spouse,Craft-repair,Husband,White,Male,0,0,50,United-States,<=50K
54,Private,221915,Some-college,10,Widowed,Craft-repair,Unmarried,White,Female,0,0,50,United-States,<=50K
40,Private,566537,Preschool,1,Married-civ-spouse,Other-service,Husband,White,Male,0,1672,40,Mexico,<=50K
43,Self-emp-inc,209547,Prof-school,15,Married-civ-spouse,Prof-specialty,Husband,White,Male,0,0,25,United-States,>50K.
35,Private,269323,Bachelors,13,Married-civ-spouse,Tech-support,Husband,White,Male,0,1887,40,United-States,>50K.
30,Private,323069,Bachelors,13,Never-married,Sales,Not-in-family,White,Female,0,0,40,United-States,<=50K
55,Federal-gov,300670,Bachelors,13,Married-spouse-absent,Exec-managerial,Not-in-family,Black,Male,0,0,40,United-States,>50K.
23,State-gov,309055,Some-college,10,Never-married,Adm-clerical,Own-child,White,Female,0,0,20,United-States,<=50K
41,?,77937,12th,8,Divorced,?,Not-in-family,White,Female,0,0,40,Canada,<=50K
22,Self-emp-not-inc,357612,HS-grad,9,Married-civ-spouse,Craft-repair,Husband,White,Male,0,0,60,United-States,<=50K
41,Local-gov,75313,Prof-school,15,Married-civ-spouse,Prof-specialty,Husband,White,Male,0,0,40,,>50K.
64,Private,170483,HS-grad,9,Widowed,Other-service,Not-in-family,White,Female,0,0,38,United-States,<=50K
21,Private,238068,HS-grad,9,Married-civ-spouse,Machine-op-inspct,Husband,White,Male,0,0,40,United-States,<=50K
32,State-gov,190577,Bachelors,13,Never-married,Prof-specialty,Own-child,White,Female,0,0,40,United-States,<=50K
42,Private,152629,Some-college,10,Married-civ-spouse,Sales,Husband,White,Male,0,0,45,United-States,>50K.
46,Private,353824,Assoc-acdm,12,Never-married,Adm-clerical,Not-in-family,White,Male,0,0,40,United-States,<=50K
39,Self-emp-not-inc,34066,Some-college,10,Married-civ-spouse,Craft-repair,Husband,Amer-Indian-Eskimo,Male,0,0,50,United-States,>50K.
41,Private,344624,Bachelors,13,Married-civ-spouse,Exec-managerial,Husband,White,Male,7688,0,50,United-States,>50K.
45,Local-gov,111994,Masters,14,Married-civ-spouse,Prof-specialty,Husband,White,Male,0,0,40,United-States,>50K.
52,Private,186785,HS-grad,9,Never-married,Sales,Not-in-family,White,Male,0,1876,50,United-States,<=50K
27,Private,80165,Some-college,10,Separated,Adm-clerical,Unmarried,White,Female,0,0,20,United-States,<=50K
68,Private,217424,HS-grad,9,Married-civ-spouse,Protective-serv,Husband,White,Male,0,0,24,United-States,<=50K
49,Private,38819,HS-grad,9,Married-civ-spouse,Exec-managerial,Husband,White,Male,0,0,60,United-States,>50K.
33,Private,403468,HS-grad,9,Married-civ-spouse,Machine-op-inspct,Wife,White,Female,0,0,40,Mexico,<=50K
41,Self-emp-inc,32016,HS-grad,9,Married-civ-spouse,Sales,Husband,White,Male,0,0,62,United-States,<=50K
46,Self-emp-not-inc,130779,Assoc-voc,11,Married-civ-spouse,Farming-fishing,Husband,White,Male,0,0,48,United-States,>50K.
57,Self-emp-not-inc,69905,HS-grad,9,Married-civ-spouse,Other-service,Wife,White,Female,15024,0,40,United-States,>50K.
47,Self-emp-not-inc,109421,Bachelors,13,Married-civ-spouse,Exec-managerial,Husband,White,Male,0,0,50,United-States,<=50K
24,Private,213902,7th-8th,4,Never-married,Priv-house-serv,Own-child,White,Female,0,0,32,El-Salvador,<=50K
74,Private,172787,HS-grad,9,Widowed,Adm-clerical,Not-in-family,White,Male,0,2282,35,United-States,>50K.
46,Self-emp-inc,188861,Masters,14,Never-married,Exec-managerial,Not-in-family,White,Male,0,1564,50,United-States,>50K.
25,Local-gov,125863,Bachelors,13,Never-married,Prof-specialty,Own-child,White,Male,0,0,35,United-States,<=50K
35,Private,133839,HS-grad,9,Married-civ-spouse,Craft-repair,Husband,White,Male,0,0,60,United-States,>50K.
41,Private,164612,Bachelors,13,Married-civ-spouse,Exec-managerial,Husband,White,Male,0,1887,50,United-States,>50K.
34,Private,349148,Prof-school,15,Married-civ-spouse,Prof-specialty,Husband,White,Male,0,0,40,United-States,>50K.
33,Private,36222,Doctorate,16,Married-civ-spouse,Prof-specialty,Husband,White,Male,0,0,45,United-States,>50K.
47,Local-gov,122206,HS-grad,9,Married-civ-spouse,Transport-moving,Husband,White,Male,0,0,20,United-States,>50K.
46,Private,118714,HS-grad,9,Married-civ-spouse,Craft-repair,Husband,White,Male,7298,0,40,United-States,>50K.
22,Private,260594,11th,7,Never-married,Sales,Unmarried,White,Female,0,0,25,United-States,<=50K
29,State-gov,461929,Some-college,10,Married-civ-spouse,Exec-managerial,Husband,White,Male,3103,0,40,United-States,>50K.
46,Private,263727,Some-college,10,Married-civ-spouse,Exec-managerial,Husband,White,Male,0,0,60,United-States,>50K.
36,Self-emp-inc,132879,Masters,14,Married-civ-spouse,Tech-support,Husband,White,Male,0,1887,40,United-States,>50K.
42,Private,250121,11th,7,Married-civ-spouse,Other-service,Wife,White,Female,0,0,40,United-States,<=50K
77,Private,271000,HS-grad,9,Widowed,Exec-managerial,Not-in-family,White,Female,0,0,40,United-States,>50K.
50,Private,98975,Bachelors,13,Married-civ-spouse,Adm-clerical,Husband,White,Male,15024,0,40,United-States,>50K.
35,Private,30673,12th,8,Married-civ-spouse,Craft-repair,Husband,White,Male,0,0,84,United-States,<=50K
21,Private,216129,HS-grad,9,Never-married,Other-service,Own-child,White,Male,0,0,35,United-States,<=50K
48,Private,255439,Some-college,10,Never-married,Handlers-cleaners,Not-in-family,White,Male,0,0,40,United-States,<=50K
46,Private,186539,HS-grad,9,Divorced,Craft-repair,Other-relative,White,Male,0,0,48,United-States,>50K.
62,Self-emp-inc,191520,Doctorate,16,Married-civ-spouse,Prof-specialty,Husband,White,Male,99999,0,80,United-States,>50K.
30,Private,192644,Masters,14,Married-civ-spouse,Exec-managerial,Husband,White,Male,0,0,50,United-States,>50K.
38,Private,220694,Masters,14,Married-civ-spouse,Exec-managerial,Husband,White,Male,0,0,50,United-States,>50K.
36,Private,101318,Some-college,10,Married-spouse-absent,Prof-specialty,Not-in-family,Asian-Pac-Islander,Female,0,0,40,China,>50K.
66,Self-emp-not-inc,67765,11th,7,Widowed,Exec-managerial,Not-in-family,White,Female,0,0,84,United-States,>50K.
22,Private,109039,HS-grad,9,Never-married,Exec-managerial,Not-in-family,White,Female,0,0,55,United-States,<=50K
35,Local-gov,27763,HS-grad,9,Married-civ-spouse,Other-service,Husband,Amer-Indian-Eskimo,Male,0,0,40,United-States,<=50K
30,Private,29522,Some-college,10,Married-civ-spouse,Sales,Wife,White,Female,0,0,40,United-States,<=50K
17,Private,270942,5th-6th,3,Never-married,Other-service,Other-relative,White,Male,0,0,48,Mexico,<=50K
47,Private,118729,HS-grad,9,Divorced,Craft-repair,Not-in-family,White,Male,0,0,40,United-States,>50K.
67,,137894,Bachelors,13,Widowed,,Not-in-family,White,Female,0,0,16,United-States,>50K.
62,Private,196891,Bachelors,13,Married-civ-spouse,Exec-managerial,Husband,White,Male,0,0,40,United-States,>50K.
55,Private,323887,Some-college,10,Married-civ-spouse,Exec-managerial,Husband,White,Male,15024,0,45,United-States,>50K.
70,,98979,Some-college,10,Married-civ-spouse,,Husband,Black,Male,0,0,20,United-States,>50K.
23,State-gov,199915,HS-grad,9,Never-married,Other-service,Own-child,White,Female,0,0,21,United-States,<=50K
53,Private,185407,HS-grad,9,Married-civ-spouse,Handlers-cleaners,Husband,White,Male,0,0,40,United-States,>50K.
21,Private,218957,11th,7,Never-married,Craft-repair,Own-child,White,Male,0,0,45,United-States,<=50K
22,Private,157145,Assoc-voc,11,Never-married,Craft-repair,Own-child,White,Male,0,0,50,United-States,<=50K
21,Private,143062,HS-grad,9,Never-married,Machine-op-inspct,Own-child,White,Male,0,0,40,United-States,<=50K
50,Local-gov,283314,Assoc-acdm,12,Married-civ-spouse,Protective-serv,Husband,White,Male,0,1977,40,United-States,>50K.
60,Private,117909,Assoc-voc,11,Married-civ-spouse,Prof-specialty,Husband,White,Male,7688,0,40,United-States,>50K.
20,Private,183594,Some-college,10,Never-married,Handlers-cleaners,Own-child,White,Male,0,0,50,United-States,<=50K
28,,195568,Some-college,10,Married-civ-spouse,,Wife,White,Female,0,0,15,,>50K.
35,Private,284358,HS-grad,9,Married-civ-spouse,Exec-managerial,Husband,White,Male,0,0,50,United-States,>50K.
40,Private,164663,HS-grad,9,Married-civ-spouse,Transport-moving,Husband,White,Male,0,0,40,United-States,<=50K
57,Private,195835,Some-college,10,Married-spouse-absent,Adm-clerical,Not-in-family,White,Male,0,0,40,United-States,<=50K
31,State-gov,111843,Assoc-acdm,12,Separated,Other-service,Unmarried,Black,Female,0,0,40,United-States,<=50K
41,Private,104196,Masters,14,Married-civ-spouse,Exec-managerial,Husband,White,Male,0,0,50,United-States,>50K.
47,Federal-gov,471990,Masters,14,Married-civ-spouse,Exec-managerial,Husband,Black,Male,0,0,40,United-States,>50K.
19,Private,228238,HS-grad,9,Never-married,Machine-op-inspct,Other-relative,White,Male,0,0,40,Mexico,<=50K
69,Private,122850,HS-grad,9,Married-civ-spouse,Craft-repair,Husband,White,Male,0,0,16,United-States,<=50K
66,?,188842,Bachelors,13,Married-civ-spouse,?,Husband,White,Male,0,0,24,United-States,<=50K
58,Self-emp-not-inc,266707,1st-4th,2,Married-civ-spouse,Transport-moving,Husband,White,Male,0,2179,18,United-States,<=50K
29,Private,113870,1st-4th,2,Married-civ-spouse,Other-service,Husband,White,Male,0,0,40,?,<=50K
38,Private,59660,Assoc-voc,11,Married-civ-spouse,Tech-support,Husband,White,Male,0,0,50,United-States,>50K.
19,Private,327397,HS-grad,9,Never-married,Prof-specialty,Own-child,White,Male,0,0,30,United-States,<=50K
38,Private,234901,Some-college,10,Married-civ-spouse,Prof-specialty,Husband,White,Male,0,0,40,United-States,<=50K
25,Private,104662,HS-grad,9,Never-married,Other-service,Unmarried,White,Female,0,0,22,United-States,<=50K
22,Private,137876,Some-college,10,Never-married,Protective-serv,Not-in-family,White,Male,0,0,20,United-States,<=50K
19,Private,57206,HS-grad,9,Never-married,Sales,Own-child,White,Female,0,0,20,United-States,<=50K
40,Federal-gov,190910,Bachelors,13,Married-civ-spouse,Prof-specialty,Husband,White,Male,0,0,40,United-States,>50K.
52,Private,231196,HS-grad,9,Married-civ-spouse,Sales,Husband,White,Male,0,0,40,United-States,>50K.
22,Private,362623,HS-grad,9,Never-married,Handlers-cleaners,Own-child,White,Male,0,0,40,United-States,<=50K
63,Private,116993,HS-grad,9,Married-civ-spouse,Machine-op-inspct,Husband,White,Male,0,0,40,United-States,>50K.
37,State-gov,24342,Some-college,10,Married-civ-spouse,Exec-managerial,Husband,White,Male,0,0,38,United-States,<=50K
34,Private,136997,HS-grad,9,Divorced,Adm-clerical,Unmarried,White,Female,0,0,35,United-States,<=50K
58,Private,190747,HS-grad,9,Married-civ-spouse,Machine-op-inspct,Husband,White,Male,0,0,40,United-States,<=50K
69,Private,88566,9th,5,Married-civ-spouse,Other-service,Husband,White,Male,1424,0,35,United-States,<=50K
23,Local-gov,129232,HS-grad,9,Never-married,Adm-clerical,Own-child,White,Male,0,0,40,United-States,<=50K
35,Private,151835,Masters,14,Married-civ-spouse,Prof-specialty,Husband,White,Male,99999,0,50,United-States,>50K.
45,Private,189890,Assoc-acdm,12,Divorced,Prof-specialty,Unmarried,White,Female,5455,0,38,United-States,<=50K
73,Private,198526,HS-grad,9,Widowed,Other-service,Other-relative,White,Female,0,0,32,United-States,<=50K
60,?,160155,Bachelors,13,Married-civ-spouse,?,Husband,White,Male,0,0,12,United-States,<=50K
31,Local-gov,168740,HS-grad,9,Married-civ-spouse,Protective-serv,Husband,Black,Male,0,0,40,United-States,>50K.
46,Private,224559,HS-grad,9,Married-civ-spouse,Transport-moving,Husband,Black,Male,0,0,40,United-States,<=50K
50,Federal-gov,299831,Some-college,10,Divorced,Adm-clerical,Unmarried,White,Female,0,880,40,United-States,<=50K
32,Private,256609,12th,8,Married-civ-spouse,Machine-op-inspct,Husband,White,Male,0,0,40,Mexico,<=50K
34,Local-gov,33731,Some-college,10,Married-civ-spouse,Transport-moving,Husband,White,Male,0,0,40,United-States,>50K.
34,Private,209768,Bachelors,13,Married-civ-spouse,Exec-managerial,Husband,White,Male,15024,0,60,United-States,>50K.
33,Private,174789,HS-grad,9,Married-civ-spouse,Craft-repair,Husband,White,Male,0,0,40,United-States,<=50K
28,Private,155621,5th-6th,3,Never-married,Craft-repair,Not-in-family,White,Male,0,0,40,Columbia,<=50K
43,Private,110556,HS-grad,9,Separated,Exec-managerial,Unmarried,Black,Female,0,0,40,United-States,<=50K
48,Private,180695,Some-college,10,Divorced,Exec-managerial,Not-in-family,White,Female,0,0,38,United-States,<=50K
45,Private,102771,HS-grad,9,Married-civ-spouse,Exec-managerial,Husband,White,Male,0,0,40,United-States,>50K.
50,Self-emp-inc,136913,HS-grad,9,Married-civ-spouse,Farming-fishing,Husband,White,Male,0,0,50,United-States,<=50K
54,Self-emp-not-inc,32778,HS-grad,9,Married-civ-spouse,Sales,Wife,White,Female,0,0,30,United-States,<=50K
37,Private,178100,Bachelors,13,Divorced,Exec-managerial,Not-in-family,White,Female,0,0,40,United-States,>50K.
58,Self-emp-inc,179781,Bachelors,13,Married-civ-spouse,Sales,Husband,White,Male,0,0,70,United-States,>50K.
49,Self-emp-not-inc,36601,HS-grad,9,Married-civ-spouse,Craft-repair,Husband,White,Male,0,0,40,Canada,>50K.
41,,38434,Masters,14,Married-civ-spouse,,Wife,White,Female,7688,0,10,United-States,>50K.
49,,178341,HS-grad,9,Married-civ-spouse,,Husband,White,Male,7688,0,50,United-States,>50K.
30,Private,224462,HS-grad,9,Never-married,Handlers-cleaners,Own-child,White,Male,0,0,40,United-States,<=50K
28,Private,247819,Assoc-voc,11,Married-civ-spouse,Prof-specialty,Wife,White,Female,0,0,5,United-States,<=50K
53,Private,289620,Prof-school,15,Married-civ-spouse,Exec-managerial,Husband,White,Male,0,0,45,,>50K.
61,Private,120933,Some-college,10,Never-married,Priv-house-serv,Not-in-family,White,Female,0,0,40,United-States,<=50K
24,Self-emp-not-inc,236769,7th-8th,4,Married-civ-spouse,Craft-repair,Husband,White,Male,0,0,40,United-States,<=50K
47,Private,146497,Some-college,10,Separated,Adm-clerical,Unmarried,White,Female,0,0,16,Germany,<=50K
51,Private,207246,Some-college,10,Married-civ-spouse,Adm-clerical,Wife,White,Female,0,1902,40,United-States,>50K.
59,,169611,Some-college,10,Married-civ-spouse,,Wife,White,Female,7298,0,12,United-States,>50K.
57,Self-emp-not-inc,256630,Bachelors,13,Divorced,Sales,Not-in-family,White,Male,0,0,60,Canada,>50K.
28,Private,145242,Bachelors,13,Married-civ-spouse,Prof-specialty,Wife,White,Female,4386,0,20,United-States,>50K.
36,Private,105138,HS-grad,9,Divorced,Transport-moving,Not-in-family,White,Male,0,0,50,United-States,<=50K
48,Private,187715,Assoc-acdm,12,Married-civ-spouse,Craft-repair,Husband,White,Male,0,1848,46,United-States,>50K.
28,Private,236861,Bachelors,13,Divorced,Craft-repair,Unmarried,White,Male,0,0,50,United-States,<=50K
65,Without-pay,27012,7th-8th,4,Widowed,Farming-fishing,Unmarried,White,Female,0,0,50,United-States,<=50K
61,Private,85434,HS-grad,9,Married-civ-spouse,Transport-moving,Husband,White,Male,0,0,40,United-States,<=50K
19,?,20469,HS-grad,9,Never-married,?,Other-relative,Asian-Pac-Islander,Female,0,0,12,South,<=50K
59,Self-emp-inc,170993,Prof-school,15,Divorced,Prof-specialty,Not-in-family,White,Male,13550,0,40,United-States,>50K.
59,Private,381851,9th,5,Widowed,Other-service,Unmarried,Black,Female,0,0,40,United-States,<=50K
30,Private,97723,HS-grad,9,Married-civ-spouse,Craft-repair,Husband,White,Male,0,0,35,United-States,>50K.
42,Private,220776,HS-grad,9,Separated,Handlers-cleaners,Unmarried,White,Male,0,0,40,Poland,<=50K
26,Self-emp-not-inc,93806,Some-college,10,Married-civ-spouse,Sales,Husband,White,Male,0,0,55,United-States,<=50K
47,State-gov,185400,HS-grad,9,Married-civ-spouse,Exec-managerial,Husband,White,Male,0,0,40,United-States,>50K.
24,Self-emp-inc,60668,HS-grad,9,Never-married,Craft-repair,Own-child,White,Male,0,0,40,United-States,<=50K
51,Private,251841,Assoc-voc,11,Never-married,Exec-managerial,Not-in-family,White,Female,0,0,43,United-States,<=50K
36,Private,146412,Some-college,10,Divorced,Adm-clerical,Unmarried,White,Female,0,0,40,United-States,<=50K
57,Private,257200,9th,5,Married-civ-spouse,Craft-repair,Husband,White,Male,0,0,40,United-States,>50K.
39,Private,101192,HS-grad,9,Married-civ-spouse,Craft-repair,Husband,White,Male,0,0,40,United-States,>50K.
65,Private,173674,HS-grad,9,Divorced,Other-service,Other-relative,White,Female,0,0,14,United-States,<=50K
42,Private,167948,Doctorate,16,Married-civ-spouse,Prof-specialty,Husband,Asian-Pac-Islander,Male,0,0,40,South,>50K.
59,Private,59469,Bachelors,13,Married-civ-spouse,Craft-repair,Husband,White,Male,0,0,50,United-States,>50K.
52,Self-emp-inc,229259,Prof-school,15,Married-civ-spouse,Prof-specialty,Husband,White,Male,0,0,40,United-States,>50K.
34,Private,30433,Bachelors,13,Never-married,Sales,Not-in-family,White,Female,0,0,35,United-States,<=50K
28,Private,129882,Some-college,10,Never-married,Adm-clerical,Unmarried,Black,Female,0,0,40,United-States,<=50K
50,Private,192964,HS-grad,9,Divorced,Sales,Unmarried,White,Female,0,0,65,United-States,<=50K
31,Private,122612,Masters,14,Married-civ-spouse,Sales,Wife,Asian-Pac-Islander,Female,0,0,25,Japan,>50K.
31,Self-emp-not-inc,402812,HS-grad,9,Married-civ-spouse,Craft-repair,Husband,White,Male,7298,0,45,United-States,>50K.
65,?,197883,10th,6,Married-civ-spouse,?,Husband,White,Male,0,0,70,United-States,<=50K
49,Private,90907,Some-college,10,Married-civ-spouse,Adm-clerical,Husband,Asian-Pac-Islander,Male,0,0,40,Outlying-US(Guam-USVI-etc),>50K.
46,Local-gov,99971,HS-grad,9,Married-civ-spouse,Protective-serv,Husband,White,Male,0,0,56,United-States,>50K.
39,Private,106964,Masters,14,Married-civ-spouse,Sales,Husband,White,Male,0,1977,55,United-States,>50K.
54,Private,141707,Masters,14,Married-civ-spouse,Prof-specialty,Husband,Black,Male,0,0,40,United-States,>50K.
32,Private,108256,12th,8,Married-civ-spouse,Transport-moving,Husband,White,Male,0,0,60,United-States,>50K.
22,Private,306593,HS-grad,9,Never-married,Craft-repair,Own-child,White,Male,0,0,40,United-States,<=50K
34,Private,77271,HS-grad,9,Never-married,Exec-managerial,Unmarried,White,Female,0,0,20,England,<=50K
41,Private,218172,Bachelors,13,Married-spouse-absent,Exec-managerial,Not-in-family,White,Female,13550,0,60,United-States,>50K.
51,Private,249449,Bachelors,13,Married-civ-spouse,Exec-managerial,Husband,White,Male,0,0,55,United-States,>50K.
29,Private,203833,Bachelors,13,Never-married,Prof-specialty,Not-in-family,Black,Male,0,0,40,United-States,<=50K
34,State-gov,221966,Bachelors,13,Never-married,Prof-specialty,Not-in-family,White,Male,0,0,45,United-States,<=50K
26,Private,179569,Some-college,10,Never-married,Adm-clerical,Not-in-family,White,Female,0,0,40,United-States,<=50K
44,State-gov,307468,Assoc-voc,11,Married-civ-spouse,Protective-serv,Husband,White,Male,0,0,50,United-States,>50K.
60,Private,124198,Bachelors,13,Married-civ-spouse,Prof-specialty,Husband,White,Male,4386,0,84,United-States,>50K.
48,Self-emp-inc,188694,Doctorate,16,Married-civ-spouse,Exec-managerial,Husband,White,Male,0,0,40,United-States,>50K.
60,Private,36077,7th-8th,4,Married-spouse-absent,Machine-op-inspct,Not-in-family,White,Male,0,0,40,United-States,<=50K
33,Private,321709,Assoc-acdm,12,Married-civ-spouse,Other-service,Wife,White,Female,0,0,15,United-States,>50K.
50,Private,176240,Some-college,10,Married-civ-spouse,Sales,Husband,White,Male,0,0,50,United-States,>50K.
55,Private,256796,HS-grad,9,Separated,Adm-clerical,Not-in-family,White,Female,0,0,40,United-States,>50K.
19,Private,166153,HS-grad,9,Never-married,Sales,Own-child,White,Female,0,0,30,United-States,<=50K
48,Federal-gov,34998,Bachelors,13,Married-civ-spouse,Adm-clerical,Husband,White,Male,0,0,48,United-States,>50K.
24,Private,161092,Bachelors,13,Never-married,Exec-managerial,Own-child,White,Male,0,0,40,United-States,<=50K
35,Private,194668,Prof-school,15,Never-married,Prof-specialty,Not-in-family,White,Male,99999,0,45,United-States,>50K.
67,Self-emp-inc,273239,Bachelors,13,Married-civ-spouse,Sales,Husband,White,Male,0,0,50,United-States,>50K.
31,Self-emp-not-inc,134615,Some-college,10,Married-civ-spouse,Prof-specialty,Husband,White,Male,0,0,50,United-States,>50K.
35,State-gov,82622,Some-college,10,Married-civ-spouse,Exec-managerial,Husband,White,Male,0,0,80,United-States,<=50K
21,Private,143604,HS-grad,9,Never-married,Adm-clerical,Own-child,White,Female,0,0,40,United-States,<=50K
42,Private,259643,Masters,14,Divorced,Prof-specialty,Not-in-family,White,Male,4650,0,40,United-States,<=50K
44,Private,118947,Masters,14,Married-civ-spouse,Sales,Husband,White,Male,0,0,44,United-States,>50K.
30,Local-gov,348802,HS-grad,9,Married-civ-spouse,Adm-clerical,Husband,Black,Male,0,0,40,United-States,<=50K
36,Private,356838,Doctorate,16,Married-civ-spouse,Prof-specialty,Husband,White,Male,0,0,50,Canada,<=50K
24,Self-emp-inc,189148,Some-college,10,Never-married,Transport-moving,Own-child,White,Male,0,0,40,United-States,<=50K
28,Private,216178,HS-grad,9,Married-civ-spouse,Sales,Husband,White,Male,0,0,40,United-States,<=50K
31,Private,74501,HS-grad,9,Divorced,Other-service,Unmarried,White,Female,0,0,30,United-States,<=50K
55,?,316027,7th-8th,4,Married-civ-spouse,?,Husband,White,Male,0,0,40,?,<=50K
59,Private,264048,HS-grad,9,Married-civ-spouse,Transport-moving,Husband,White,Male,0,0,35,United-States,>50K.
26,Private,90915,Assoc-acdm,12,Never-married,Other-service,Own-child,Black,Female,0,0,15,United-States,<=50K
58,?,97969,1st-4th,2,Married-spouse-absent,?,Unmarried,Amer-Indian-Eskimo,Male,0,0,40,United-States,<=50K
41,Local-gov,216116,HS-grad,9,Divorced,Protective-serv,Unmarried,Black,Female,0,0,40,United-States,>50K.
46,Federal-gov,260549,Some-college,10,Married-civ-spouse,Adm-clerical,Husband,White,Male,0,0,80,United-States,>50K.
24,State-gov,249385,Bachelors,13,Never-married,Adm-clerical,Other-relative,White,Female,0,0,10,United-States,<=50K
60,Private,143932,HS-grad,9,Married-civ-spouse,Craft-repair,Husband,White,Male,0,0,40,United-States,<=50K
41,Private,116391,Bachelors,13,Married-civ-spouse,Exec-managerial,Husband,White,Male,0,0,40,United-States,>50K.
32,Private,193285,Bachelors,13,Married-civ-spouse,Exec-managerial,Husband,White,Male,0,0,45,United-States,>50K.
64,Private,121036,Some-college,10,Never-married,Tech-support,Not-in-family,White,Male,0,0,40,United-States,>50K.
33,Private,92865,Some-college,10,Never-married,Adm-clerical,Own-child,White,Female,0,0,40,United-States,<=50K
19,Private,495982,Some-college,10,Never-married,Adm-clerical,Own-child,White,Male,0,0,10,United-States,<=50K
31,Local-gov,240504,Some-college,10,Married-civ-spouse,Protective-serv,Husband,Black,Male,0,1902,50,United-States,>50K.
49,Private,192323,HS-grad,9,Married-civ-spouse,Craft-repair,Husband,White,Male,0,0,40,United-States,>50K.
53,Private,173020,Bachelors,13,Married-civ-spouse,Exec-managerial,Husband,White,Male,0,0,60,United-States,>50K.
62,Self-emp-not-inc,96299,Bachelors,13,Married-civ-spouse,Sales,Husband,White,Male,0,0,40,United-States,>50K.
22,Private,112130,HS-grad,9,Never-married,Other-service,Not-in-family,Black,Female,0,0,40,United-States,<=50K
20,Local-gov,163965,HS-grad,9,Never-married,Other-service,Unmarried,Black,Female,0,0,40,United-States,<=50K
51,Private,64643,HS-grad,9,Never-married,Farming-fishing,Not-in-family,White,Male,0,0,60,?,<=50K
46,Private,149949,Some-college,10,Married-civ-spouse,Craft-repair,Husband,White,Male,0,0,40,United-States,<=50K
68,Self-emp-not-inc,119056,HS-grad,9,Never-married,Sales,Not-in-family,White,Male,0,0,24,United-States,>50K.
58,Private,158864,HS-grad,9,Widowed,Exec-managerial,Not-in-family,White,Male,0,0,55,United-States,>50K.
18,Private,170627,11th,7,Never-married,Other-service,Own-child,White,Female,0,0,15,United-States,<=50K
31,Private,203463,Masters,14,Never-married,Exec-managerial,Not-in-family,White,Female,99999,0,40,United-States,>50K.
32,Self-emp-not-inc,291414,Doctorate,16,Married-civ-spouse,Prof-specialty,Husband,White,Male,0,0,35,United-States,>50K.
47,Self-emp-inc,154174,HS-grad,9,Married-civ-spouse,Craft-repair,Husband,White,Male,0,0,60,United-States,>50K.
47,Private,52795,Some-college,10,Married-civ-spouse,Machine-op-inspct,Husband,White,Male,0,0,46,United-States,<=50K
51,Private,128272,9th,5,Married-civ-spouse,Machine-op-inspct,Husband,White,Male,0,0,45,United-States,<=50K
28,Private,181291,Some-college,10,Married-civ-spouse,Other-service,Own-child,White,Female,7688,0,40,United-States,>50K.
31,State-gov,255830,Assoc-acdm,12,Never-married,Adm-clerical,Own-child,Black,Female,0,0,45,United-States,<=50K
19,Private,201178,HS-grad,9,Never-married,Sales,Not-in-family,White,Female,0,0,30,United-States,<=50K
37,Self-emp-not-inc,255503,Prof-school,15,Never-married,Prof-specialty,Not-in-family,White,Male,0,0,55,United-States,>50K.
39,Private,185053,HS-grad,9,Never-married,Machine-op-inspct,Not-in-family,White,Female,0,0,40,United-States,<=50K
42,Private,228456,Bachelors,13,Separated,Other-service,Other-relative,Black,Male,0,0,50,United-States,<=50K
33,Private,208881,Assoc-acdm,12,Married-civ-spouse,Machine-op-inspct,Husband,White,Male,7298,0,60,United-States,>50K.
45,Private,112362,10th,6,Married-civ-spouse,Sales,Husband,White,Male,0,0,40,United-States,<=50K
24,Private,278107,HS-grad,9,Never-married,Craft-repair,Own-child,White,Male,0,0,60,United-States,<=50K
90,Private,197613,HS-grad,9,Never-married,Adm-clerical,Not-in-family,White,Female,0,0,40,United-States,>50K.
20,Private,33087,Assoc-voc,11,Never-married,Farming-fishing,Own-child,White,Male,0,0,40,United-States,<=50K
34,Private,187203,Prof-school,15,Married-civ-spouse,Sales,Husband,White,Male,7688,0,40,United-States,>50K.
51,Self-emp-inc,200046,Bachelors,13,Separated,Sales,Unmarried,White,Male,0,2824,40,United-States,>50K.
20,Private,415913,Some-college,10,Never-married,Handlers-cleaners,Not-in-family,White,Male,0,0,30,United-States,<=50K
20,?,201680,Some-college,10,Never-married,?,Own-child,White,Male,0,0,35,United-States,<=50K
61,Local-gov,205711,HS-grad,9,Married-civ-spouse,Prof-specialty,Husband,White,Male,0,0,30,United-States,>50K.
26,Private,219199,HS-grad,9,Married-civ-spouse,Transport-moving,Husband,White,Male,0,0,50,United-States,>50K.
48,Private,159854,1st-4th,2,Married-civ-spouse,Other-service,Husband,White,Male,0,0,40,United-States,<=50K
67,Self-emp-inc,127605,Bachelors,13,Married-civ-spouse,Sales,Husband,White,Male,0,2174,40,United-States,>50K.
68,Local-gov,202699,Prof-school,15,Married-civ-spouse,Prof-specialty,Husband,White,Male,6418,0,35,United-States,>50K.
65,?,123484,HS-grad,9,Widowed,?,Other-relative,White,Female,0,0,25,United-States,<=50K
18,?,200525,11th,7,Never-married,?,Own-child,White,Female,0,0,25,United-States,<=50K
54,Private,192386,Some-college,10,Married-civ-spouse,Prof-specialty,Husband,White,Male,7298,0,38,United-States,>50K.
19,Private,199495,HS-grad,9,Never-married,Craft-repair,Own-child,White,Male,0,0,40,United-States,<=50K
47,Federal-gov,169549,Bachelors,13,Married-civ-spouse,Prof-specialty,Husband,White,Male,7298,0,60,,>50K.
65,Private,90113,Bachelors,13,Married-civ-spouse,Exec-managerial,Husband,White,Male,0,0,60,United-States,>50K.
33,Private,301251,HS-grad,9,Married-civ-spouse,Craft-repair,Husband,White,Male,0,0,60,United-States,>50K.
30,Private,144593,HS-grad,9,Never-married,Other-service,Not-in-family,Black,Male,0,0,40,?,<=50K
43,Federal-gov,95902,Assoc-acdm,12,Married-civ-spouse,Prof-specialty,Wife,Black,Female,0,0,40,United-States,<=50K
23,Private,161478,Some-college,10,Never-married,Other-service,Own-child,Asian-Pac-Islander,Female,0,0,23,United-States,<=50K
63,Private,75813,Prof-school,15,Married-civ-spouse,Prof-specialty,Husband,White,Male,99999,0,60,United-States,>50K.
19,Private,268524,Some-college,10,Never-married,Sales,Own-child,White,Female,0,0,15,United-States,<=50K
21,Private,57916,7th-8th,4,Never-married,Machine-op-inspct,Own-child,White,Male,0,0,40,United-States,<=50K
45,Private,216414,Masters,14,Married-civ-spouse,Tech-support,Husband,White,Male,0,0,50,United-States,>50K.
36,Private,150601,Prof-school,15,Married-civ-spouse,Prof-specialty,Husband,White,Male,0,0,50,?,<=50K
28,Self-emp-not-inc,29974,Assoc-voc,11,Never-married,Farming-fishing,Own-child,White,Male,10520,0,45,United-States,>50K.
49,Private,204629,Bachelors,13,Married-civ-spouse,Sales,Husband,White,Male,0,0,40,United-States,>50K.
19,?,133983,Some-college,10,Never-married,?,Own-child,White,Female,0,0,20,United-States,<=50K
22,Private,324922,HS-grad,9,Never-married,Machine-op-inspct,Not-in-family,White,Male,0,0,50,United-States,<=50K
39,Private,176967,Bachelors,13,Married-civ-spouse,Prof-specialty,Husband,White,Male,0,0,40,United-States,>50K.
39,Self-emp-not-inc,188069,HS-grad,9,Married-civ-spouse,Farming-fishing,Husband,White,Male,0,0,60,United-States,>50K.
44,Private,107683,Assoc-voc,11,Married-civ-spouse,Craft-repair,Wife,White,Female,4386,0,40,United-States,>50K.
42,Private,30824,Masters,14,Divorced,Prof-specialty,Not-in-family,White,Female,2354,0,16,United-States,<=50K
53,Federal-gov,225339,Some-college,10,Widowed,Adm-clerical,Not-in-family,Black,Female,0,0,40,United-States,<=50K
35,Self-emp-not-inc,166416,HS-grad,9,Married-civ-spouse,Farming-fishing,Husband,White,Male,0,0,99,United-States,<=50K
49,Local-gov,223342,Some-college,10,Divorced,Adm-clerical,Not-in-family,White,Female,0,0,44,United-States,<=50K
58,Private,110820,Bachelors,13,Married-civ-spouse,Exec-managerial,Husband,White,Male,0,0,50,United-States,>50K.
38,Private,256864,HS-grad,9,Married-civ-spouse,Transport-moving,Husband,White,Male,0,0,50,United-States,>50K.
24,Private,310380,Some-college,10,Married-spouse-absent,Adm-clerical,Own-child,Black,Female,0,0,45,United-States,<=50K
61,Private,215766,Bachelors,13,Married-civ-spouse,Exec-managerial,Husband,White,Male,0,0,50,United-States,>50K.
35,Private,272338,Assoc-voc,11,Divorced,Prof-specialty,Unmarried,White,Female,0,0,40,United-States,<=50K
55,Private,135339,Bachelors,13,Married-civ-spouse,Prof-specialty,Husband,Asian-Pac-Islander,Male,0,0,40,China,>50K.
54,?,185936,9th,5,Divorced,?,Not-in-family,White,Female,0,0,15,United-States,<=50K
47,Private,187308,HS-grad,9,Married-civ-spouse,Exec-managerial,Husband,White,Male,0,0,55,United-States,>50K.
48,Private,158944,HS-grad,9,Widowed,Craft-repair,Not-in-family,White,Female,0,0,60,United-States,>50K.
25,Private,88922,HS-grad,9,Married-civ-spouse,Transport-moving,Husband,Black,Male,0,0,40,United-States,<=50K
24,Private,309055,Some-college,10,Never-married,Sales,Not-in-family,White,Female,0,0,15,United-States,<=50K
46,Private,215895,Masters,14,Never-married,Exec-managerial,Not-in-family,White,Male,4787,0,60,United-States,>50K.
42,Private,184018,Masters,14,Married-civ-spouse,Sales,Husband,White,Male,0,0,45,United-States,>50K.
37,State-gov,373699,Prof-school,15,Married-civ-spouse,Prof-specialty,Husband,White,Male,0,0,60,United-States,>50K.
22,Local-gov,123727,Some-college,10,Never-married,Prof-specialty,Not-in-family,White,Female,0,0,21,United-States,<=50K
32,Private,264554,Some-college,10,Married-civ-spouse,Tech-support,Husband,White,Male,0,0,40,United-States,>50K.
33,Private,122749,Assoc-voc,11,Married-civ-spouse,Craft-repair,Husband,Asian-Pac-Islander,Male,0,0,40,India,>50K.
34,Private,251521,Masters,14,Married-civ-spouse,Prof-specialty,Wife,White,Female,0,0,40,United-States,>50K.
28,Private,45613,Some-college,10,Never-married,Priv-house-serv,Not-in-family,White,Female,0,0,40,United-States,<=50K
40,Local-gov,166822,Masters,14,Married-civ-spouse,Prof-specialty,Wife,Black,Female,0,0,36,United-States,>50K.
44,Private,283174,Bachelors,13,Married-civ-spouse,Adm-clerical,Husband,White,Male,0,0,40,United-States,>50K.
17,?,237078,11th,7,Never-married,?,Own-child,White,Female,0,0,35,United-States,<=50K
29,Private,160510,Bachelors,13,Married-civ-spouse,Prof-specialty,Husband,White,Male,0,0,50,,>50K.
24,Private,142528,Some-college,10,Never-married,Sales,Own-child,White,Male,0,0,20,United-States,<=50K
36,Private,248708,Assoc-acdm,12,Never-married,Craft-repair,Not-in-family,White,Male,0,0,40,United-States,<=50K
23,Private,133355,Some-college,10,Never-married,Adm-clerical,Own-child,White,Male,0,0,15,United-States,<=50K
50,Private,230858,Masters,14,Married-civ-spouse,Sales,Husband,White,Male,0,0,50,United-States,>50K.
33,Private,79303,HS-grad,9,Married-civ-spouse,Farming-fishing,Husband,White,Male,0,0,45,United-States,<=50K
30,Local-gov,154935,Assoc-acdm,12,Never-married,Protective-serv,Not-in-family,Black,Male,0,0,40,United-States,<=50K
34,Private,193285,HS-grad,9,Married-civ-spouse,Handlers-cleaners,Husband,White,Male,0,0,40,United-States,<=50K
42,Private,416506,Assoc-acdm,12,Never-married,Tech-support,Not-in-family,White,Male,14084,0,36,United-States,>50K.
38,Private,20308,HS-grad,9,Never-married,Other-service,Own-child,White,Male,0,0,40,United-States,<=50K
29,Private,406826,Bachelors,13,Never-married,Prof-specialty,Not-in-family,White,Female,0,0,45,United-States,<=50K
47,Self-emp-not-inc,182752,HS-grad,9,Married-civ-spouse,Adm-clerical,Wife,White,Female,0,0,35,Iran,<=50K
51,Local-gov,186416,Bachelors,13,Divorced,Adm-clerical,Not-in-family,White,Female,0,0,40,United-States,<=50K
51,Local-gov,174861,Some-college,10,Married-civ-spouse,Protective-serv,Husband,White,Male,0,0,40,United-States,>50K.
42,Private,113770,HS-grad,9,Married-civ-spouse,Adm-clerical,Wife,White,Female,0,0,40,United-States,<=50K
61,Private,54780,Bachelors,13,Married-civ-spouse,Machine-op-inspct,Husband,White,Male,0,0,40,United-States,>50K.
49,State-gov,213307,Some-college,10,Married-civ-spouse,Prof-specialty,Husband,White,Male,0,0,40,United-States,<=50K
45,Private,175925,HS-grad,9,Married-civ-spouse,Craft-repair,Husband,White,Male,0,0,40,United-States,<=50K
29,Private,174645,11th,7,Divorced,Craft-repair,Unmarried,White,Female,0,0,52,United-States,<=50K
25,Private,103358,Some-college,10,Never-married,Machine-op-inspct,Own-child,White,Male,0,0,40,India,<=50K
32,Federal-gov,177855,HS-grad,9,Married-civ-spouse,Craft-repair,Husband,White,Male,0,0,55,United-States,>50K.
31,Private,156192,Some-college,10,Married-civ-spouse,Craft-repair,Husband,White,Male,0,0,40,United-States,>50K.
37,Private,29145,Assoc-voc,11,Never-married,Other-service,Not-in-family,White,Male,0,0,40,United-States,<=50K
17,Private,75333,10th,6,Never-married,Sales,Own-child,Black,Female,0,0,24,United-States,<=50K
61,Private,95929,9th,5,Divorced,Other-service,Not-in-family,White,Male,0,0,40,United-States,<=50K
62,Self-emp-not-inc,56317,Doctorate,16,Married-civ-spouse,Prof-specialty,Husband,White,Male,0,0,50,,>50K.
59,Self-emp-inc,52822,Bachelors,13,Married-civ-spouse,Craft-repair,Husband,White,Male,0,0,60,United-States,<=50K
30,Private,115963,11th,7,Married-civ-spouse,Craft-repair,Husband,White,Male,0,0,40,United-States,<=50K
27,Federal-gov,128059,Some-college,10,Married-civ-spouse,Craft-repair,Husband,White,Male,0,0,50,United-States,<=50K
38,Private,285890,Bachelors,13,Married-civ-spouse,Tech-support,Husband,Black,Male,0,0,55,United-States,>50K.
44,Private,98779,Some-college,10,Married-civ-spouse,Craft-repair,Husband,White,Male,5178,0,40,United-States,>50K.
28,Private,248911,Some-college,10,Never-married,Exec-managerial,Own-child,White,Female,0,0,40,?,<=50K
45,Private,243743,Bachelors,13,Married-civ-spouse,Exec-managerial,Husband,White,Male,0,0,60,United-States,>50K.
17,Private,169658,10th,6,Never-married,Other-service,Own-child,White,Female,0,0,21,United-States,<=50K
45,Private,240629,Doctorate,16,Married-civ-spouse,Prof-specialty,Husband,White,Male,0,0,40,United-States,>50K.
51,Private,173987,HS-grad,9,Married-civ-spouse,Craft-repair,Husband,White,Male,0,0,40,United-States,>50K.
18,Private,452452,10th,6,Never-married,Priv-house-serv,Own-child,Black,Female,0,0,20,United-States,<=50K
36,Private,383566,Bachelors,13,Married-civ-spouse,Exec-managerial,Husband,White,Male,15024,0,55,England,>50K.
58,Private,110844,Masters,14,Widowed,Sales,Not-in-family,White,Female,0,0,27,United-States,<=50K
35,Private,207568,10th,6,Never-married,Other-service,Own-child,White,Male,0,0,40,United-States,<=50K
25,State-gov,328697,Some-college,10,Divorced,Protective-serv,Other-relative,White,Male,0,0,45,United-States,<=50K
32,Self-emp-not-inc,455995,Bachelors,13,Divorced,Exec-managerial,Not-in-family,White,Male,0,0,50,United-States,>50K.
63,Private,190296,11th,7,Married-civ-spouse,Craft-repair,Husband,White,Male,0,1902,40,United-States,>50K.
24,Private,52262,HS-grad,9,Never-married,Machine-op-inspct,Not-in-family,White,Male,0,0,40,United-States,<=50K
23,Federal-gov,350680,Assoc-acdm,12,Never-married,Exec-managerial,Own-child,White,Female,0,0,40,Poland,<=50K
23,Private,181820,Some-college,10,Never-married,Machine-op-inspct,Own-child,White,Male,0,0,40,United-States,<=50K
26,Private,33610,HS-grad,9,Divorced,Other-service,Other-relative,White,Male,0,0,40,United-States,<=50K
46,Private,192793,Some-college,10,Divorced,Exec-managerial,Not-in-family,White,Male,0,0,40,United-States,<=50K
27,Private,369188,Bachelors,13,Married-civ-spouse,Prof-specialty,Wife,White,Female,0,0,90,United-States,>50K.
41,?,254630,Assoc-voc,11,Divorced,?,Not-in-family,White,Male,0,0,80,United-States,<=50K
40,Private,153799,1st-4th,2,Married-spouse-absent,Machine-op-inspct,Unmarried,White,Female,0,0,40,Dominican-Republic,<=50K
35,Private,193815,Bachelors,13,Married-civ-spouse,Prof-specialty,Husband,White,Male,0,1977,48,United-States,>50K.
24,Federal-gov,312017,Some-college,10,Never-married,Exec-managerial,Own-child,White,Male,0,0,40,United-States,<=50K
30,Private,226396,HS-grad,9,Married-civ-spouse,Other-service,Wife,White,Female,0,0,30,United-States,<=50K
33,Self-emp-not-inc,80933,HS-grad,9,Married-civ-spouse,Transport-moving,Husband,White,Male,0,0,60,United-States,<=50K
45,Private,274689,10th,6,Married-civ-spouse,Craft-repair,Husband,White,Male,0,0,60,United-States,<=50K
54,Local-gov,168212,Bachelors,13,Married-civ-spouse,Prof-specialty,Husband,White,Male,7688,0,40,United-States,>50K.
30,Private,53373,Bachelors,13,Married-civ-spouse,Adm-clerical,Husband,White,Male,0,0,40,United-States,>50K.
29,Self-emp-not-inc,151476,Assoc-voc,11,Never-married,Adm-clerical,Not-in-family,White,Female,2174,0,40,United-States,<=50K
64,Private,174826,HS-grad,9,Divorced,Machine-op-inspct,Not-in-family,White,Female,0,0,40,United-States,<=50K
54,Private,220115,Some-college,10,Divorced,Adm-clerical,Not-in-family,White,Male,0,0,30,United-States,<=50K
45,Private,125892,Masters,14,Married-civ-spouse,Exec-managerial,Husband,White,Male,0,1977,60,United-States,>50K.
41,Self-emp-not-inc,375526,Bachelors,13,Married-civ-spouse,Adm-clerical,Wife,White,Female,0,0,40,United-States,>50K.
33,Private,96128,11th,7,Never-married,Craft-repair,Own-child,White,Male,0,0,40,United-States,<=50K
43,Private,230684,HS-grad,9,Married-civ-spouse,Machine-op-inspct,Husband,White,Male,0,0,40,United-States,>50K.
29,State-gov,204516,Masters,14,Married-civ-spouse,Prof-specialty,Husband,White,Male,0,0,15,United-States,<=50K
50,Self-emp-not-inc,343748,Some-college,10,Married-civ-spouse,Craft-repair,Husband,White,Male,0,0,35,United-States,<=50K
44,Private,219155,Assoc-acdm,12,Married-civ-spouse,Sales,Husband,White,Male,0,0,40,United-States,>50K.
39,Private,276559,Masters,14,Never-married,Prof-specialty,Not-in-family,White,Male,0,2444,45,United-States,>50K.
35,Private,199753,HS-grad,9,Never-married,Machine-op-inspct,Own-child,White,Male,0,0,48,United-States,<=50K
53,Private,95647,Some-college,10,Married-civ-spouse,Exec-managerial,Husband,White,Male,0,0,50,United-States,>50K.
49,Private,140826,Masters,14,Married-civ-spouse,Exec-managerial,Husband,Asian-Pac-Islander,Male,99999,0,50,,>50K.
55,Private,158651,HS-grad,9,Married-civ-spouse,Machine-op-inspct,Husband,Amer-Indian-Eskimo,Male,0,0,40,United-States,>50K.
43,Self-emp-not-inc,71269,Bachelors,13,Married-civ-spouse,Sales,Husband,White,Male,0,0,40,United-States,>50K.
38,Private,227615,Some-college,10,Married-civ-spouse,Craft-repair,Husband,White,Male,0,0,40,United-States,>50K.
38,Private,149347,Masters,14,Married-civ-spouse,Prof-specialty,Husband,White,Male,0,0,50,United-States,>50K.
50,Private,169646,Bachelors,13,Separated,Prof-specialty,Unmarried,Asian-Pac-Islander,Female,0,0,40,Philippines,<=50K
36,Private,305379,Bachelors,13,Divorced,Prof-specialty,Not-in-family,White,Male,0,0,50,United-States,>50K.
22,Private,341610,Some-college,10,Never-married,Sales,Not-in-family,White,Male,0,0,35,?,<=50K
32,Private,252646,Assoc-voc,11,Married-civ-spouse,Craft-repair,Husband,White,Male,0,0,40,United-States,>50K.
56,Federal-gov,205805,Bachelors,13,Married-civ-spouse,Exec-managerial,Husband,White,Male,7688,0,40,United-States,>50K.
47,Local-gov,93618,Some-college,10,Divorced,Adm-clerical,Not-in-family,White,Female,0,0,33,United-States,<=50K
37,Federal-gov,287031,Masters,14,Married-civ-spouse,Tech-support,Husband,White,Male,0,0,50,United-States,>50K.
46,Self-emp-inc,328216,Prof-school,15,Married-civ-spouse,Prof-specialty,Husband,White,Male,0,1902,45,United-States,>50K.
56,Private,140136,Some-college,10,Married-civ-spouse,Transport-moving,Husband,Black,Male,0,0,35,United-States,>50K.
54,Private,174806,HS-grad,9,Married-civ-spouse,Machine-op-inspct,Wife,White,Female,0,0,40,United-States,>50K.
46,Private,76131,5th-6th,3,Married-civ-spouse,Other-service,Wife,Asian-Pac-Islander,Female,0,0,40,Philippines,>50K.
17,Private,27415,11th,7,Never-married,Handlers-cleaners,Own-child,Amer-Indian-Eskimo,Male,0,0,20,United-States,<=50K
34,Local-gov,174215,Masters,14,Married-civ-spouse,Prof-specialty,Wife,White,Female,7688,0,35,United-States,>50K.
26,Private,131686,Bachelors,13,Never-married,Prof-specialty,Not-in-family,White,Female,0,0,40,United-States,<=50K
33,Private,230883,Some-college,10,Divorced,Exec-managerial,Unmarried,White,Male,0,2824,48,United-States,>50K.
38,Local-gov,273457,Some-college,10,Married-civ-spouse,Adm-clerical,Husband,White,Male,0,0,40,United-States,>50K.
28,Private,200733,HS-grad,9,Married-civ-spouse,Craft-repair,Husband,White,Male,0,0,40,United-States,<=50K
60,?,188236,HS-grad,9,Divorced,?,Not-in-family,White,Female,0,0,40,United-States,<=50K
31,Private,157640,Bachelors,13,Married-civ-spouse,Sales,Husband,White,Male,7688,0,55,United-States,>50K.
42,Private,26915,Bachelors,13,Married-civ-spouse,Exec-managerial,Husband,White,Male,0,0,40,United-States,>50K.
29,Private,126399,HS-grad,9,Divorced,Sales,Unmarried,White,Female,0,0,32,United-States,<=50K
39,Private,144638,Masters,14,Divorced,Prof-specialty,Not-in-family,White,Female,0,0,45,United-States,>50K.
44,Self-emp-not-inc,115896,Assoc-voc,11,Widowed,Prof-specialty,Unmarried,White,Female,0,0,40,United-States,<=50K
49,Private,213668,Masters,14,Married-civ-spouse,Sales,Husband,White,Male,0,0,40,United-States,>50K.
43,Local-gov,323627,Some-college,10,Never-married,Exec-managerial,Not-in-family,White,Female,0,0,12,United-States,<=50K
47,Local-gov,134671,Some-college,10,Married-civ-spouse,Exec-managerial,Husband,White,Male,0,0,40,United-States,<=50K
41,Local-gov,135056,Masters,14,Never-married,Prof-specialty,Own-child,White,Female,8614,0,50,United-States,>50K.
42,Private,89226,HS-grad,9,Married-civ-spouse,Other-service,Husband,White,Male,7688,0,40,Greece,>50K.
57,State-gov,344381,Some-college,10,Married-civ-spouse,Prof-specialty,Husband,Asian-Pac-Islander,Male,7688,0,75,United-States,>50K.
64,Private,262645,HS-grad,9,Married-civ-spouse,Sales,Husband,White,Male,0,0,50,United-States,>50K.
50,Local-gov,139296,11th,7,Never-married,Craft-repair,Unmarried,White,Male,0,0,40,United-States,<=50K
41,Self-emp-not-inc,143046,Masters,14,Married-civ-spouse,Exec-managerial,Wife,White,Female,99999,0,50,United-States,>50K.
33,Private,76107,HS-grad,9,Married-civ-spouse,Exec-managerial,Husband,White,Male,4386,0,60,United-States,>50K.
44,Private,177083,HS-grad,9,Divorced,Adm-clerical,Not-in-family,White,Female,0,0,40,United-States,<=50K
42,Private,188615,Some-college,10,Separated,Prof-specialty,Not-in-family,White,Male,0,2231,50,Canada,>50K.
35,Private,182467,Assoc-voc,11,Married-civ-spouse,Craft-repair,Wife,White,Female,0,0,44,United-States,<=50K
52,Private,74660,Masters,14,Married-civ-spouse,Exec-managerial,Husband,White,Male,0,0,40,United-States,<=50K
51,State-gov,367209,Doctorate,16,Married-spouse-absent,Prof-specialty,Not-in-family,White,Male,0,0,70,United-States,>50K.
42,Self-emp-inc,188738,Bachelors,13,Married-civ-spouse,Exec-managerial,Husband,White,Male,7688,0,40,United-States,>50K.
60,Private,132529,HS-grad,9,Married-civ-spouse,Other-service,Husband,White,Male,0,0,40,United-States,<=50K
39,Private,35890,Bachelors,13,Married-civ-spouse,Sales,Husband,White,Male,0,0,50,United-States,>50K.
31,Private,126950,HS-grad,9,Divorced,Transport-moving,Not-in-family,White,Male,0,0,40,United-States,<=50K
33,Private,96480,Assoc-voc,11,Married-civ-spouse,Prof-specialty,Wife,White,Female,7688,0,40,United-States,>50K.
21,Private,161210,HS-grad,9,Married-civ-spouse,Machine-op-inspct,Husband,White,Male,0,0,50,United-States,<=50K
40,Private,266803,Masters,14,Married-civ-spouse,Prof-specialty,Wife,White,Female,15024,0,50,Canada,>50K.
65,Private,255386,HS-grad,9,Never-married,Craft-repair,Other-relative,Asian-Pac-Islander,Male,0,0,40,Cambodia,<=50K
30,Private,72630,Bachelors,13,Never-married,Prof-specialty,Not-in-family,White,Male,0,0,50,United-States,<=50K
42,Local-gov,216411,Assoc-acdm,12,Married-civ-spouse,Adm-clerical,Wife,White,Female,0,0,35,Puerto-Rico,>50K.
48,Private,83545,Some-college,10,Married-civ-spouse,Exec-managerial,Husband,White,Male,0,0,65,United-States,>50K.
36,Private,140327,HS-grad,9,Married-civ-spouse,Sales,Wife,White,Female,7298,0,35,United-States,>50K.
42,State-gov,136996,Some-college,10,Married-civ-spouse,Protective-serv,Husband,Black,Male,0,0,48,United-States,<=50K
59,Private,329059,Bachelors,13,Never-married,Craft-repair,Not-in-family,White,Male,0,0,50,United-States,<=50K
36,Private,186934,HS-grad,9,Married-civ-spouse,Exec-managerial,Husband,White,Male,0,0,50,United-States,>50K.
64,Self-emp-not-inc,253296,HS-grad,9,Widowed,Other-service,Other-relative,White,Female,0,0,40,United-States,<=50K
60,Private,164599,Some-college,10,Married-civ-spouse,Exec-managerial,Husband,White,Male,7298,0,40,United-States,>50K.
51,?,130667,HS-grad,9,Separated,?,Not-in-family,Black,Male,0,0,6,United-States,<=50K
27,Private,110073,Bachelors,13,Never-married,Tech-support,Not-in-family,White,Male,0,0,40,England,>50K.
28,Private,30070,Bachelors,13,Married-civ-spouse,Sales,Husband,White,Male,0,0,50,United-States,<=50K
21,Private,198050,Assoc-acdm,12,Never-married,Adm-clerical,Not-in-family,White,Female,0,0,25,United-States,<=50K
37,Private,356824,HS-grad,9,Separated,Tech-support,Unmarried,White,Female,0,0,40,United-States,<=50K
37,Private,186035,Assoc-acdm,12,Married-civ-spouse,Craft-repair,Husband,White,Male,0,0,55,United-States,<=50K
62,,128230,Masters,14,Married-civ-spouse,,Husband,White,Male,0,0,48,United-States,>50K.
23,Private,80680,Some-college,10,Married-civ-spouse,Sales,Own-child,White,Female,0,0,16,United-States,<=50K
43,Private,326232,Some-college,10,Married-civ-spouse,Exec-managerial,Husband,White,Male,0,0,40,United-States,>50K.
35,Self-emp-inc,187693,Assoc-acdm,12,Married-civ-spouse,Craft-repair,Husband,White,Male,0,0,80,United-States,>50K.
40,Private,225263,Some-college,10,Married-civ-spouse,Exec-managerial,Wife,White,Female,0,0,45,United-States,>50K.
30,Private,179747,HS-grad,9,Married-civ-spouse,Craft-repair,Husband,White,Male,0,0,45,United-States,>50K.
37,Federal-gov,207887,Bachelors,13,Divorced,Exec-managerial,Other-relative,White,Female,0,0,50,United-States,<=50K
42,Self-emp-not-inc,102069,7th-8th,4,Married-civ-spouse,Sales,Husband,White,Male,0,0,30,United-States,<=50K
64,,228140,Bachelors,13,Married-civ-spouse,,Husband,White,Male,0,0,40,United-States,>50K.
53,Federal-gov,218382,Assoc-acdm,12,Married-civ-spouse,Adm-clerical,Wife,Black,Female,0,0,40,United-States,>50K.
65,Local-gov,200764,HS-grad,9,Divorced,Adm-clerical,Not-in-family,White,Female,0,0,16,United-States,>50K.
35,Private,108293,Some-college,10,Never-married,Adm-clerical,Own-child,White,Female,0,2205,40,United-States,<=50K
29,Private,197565,HS-grad,9,Married-civ-spouse,Other-service,Wife,White,Female,0,1902,35,United-States,>50K.
19,Private,299050,11th,7,Married-civ-spouse,Craft-repair,Husband,White,Male,0,0,60,United-States,<=50K
43,Private,77373,Bachelors,13,Married-civ-spouse,Exec-managerial,Husband,White,Male,0,0,47,United-States,>50K.
64,Self-emp-not-inc,159938,HS-grad,9,Married-civ-spouse,Craft-repair,Husband,White,Male,2635,0,24,Italy,<=50K
32,Federal-gov,72630,Prof-school,15,Never-married,Prof-specialty,Not-in-family,White,Male,14084,0,55,United-States,>50K.
29,Private,123677,HS-grad,9,Married-civ-spouse,Machine-op-inspct,Wife,Asian-Pac-Islander,Female,0,0,40,Laos,<=50K
35,Private,108140,Masters,14,Married-civ-spouse,Exec-managerial,Husband,White,Male,0,0,50,United-States,>50K.
17,Private,47771,11th,7,Never-married,Prof-specialty,Own-child,White,Female,0,0,20,United-States,<=50K
73,?,243030,Bachelors,13,Married-civ-spouse,?,Husband,White,Male,0,0,30,United-States,<=50K
57,State-gov,222792,Some-college,10,Married-civ-spouse,Adm-clerical,Wife,White,Female,0,0,40,United-States,>50K.
34,Private,159442,HS-grad,9,Never-married,Prof-specialty,Not-in-family,White,Female,0,0,30,United-States,<=50K
49,Private,61885,Assoc-acdm,12,Married-civ-spouse,Sales,Husband,White,Male,0,0,45,United-States,>50K.
71,Private,162297,HS-grad,9,Widowed,Sales,Unmarried,White,Female,0,0,20,United-States,<=50K
34,Private,87218,Masters,14,Married-civ-spouse,Exec-managerial,Husband,White,Male,0,1887,50,United-States,>50K.
55,Self-emp-not-inc,95149,Some-college,10,Married-civ-spouse,Transport-moving,Husband,White,Male,0,0,99,United-States,<=50K
25,Private,220098,HS-grad,9,Never-married,Other-service,Own-child,White,Male,0,0,30,United-States,<=50K
64,State-gov,186376,Bachelors,13,Married-civ-spouse,Prof-specialty,Husband,White,Male,5178,0,40,United-States,>50K.
45,Private,82797,Bachelors,13,Married-civ-spouse,Exec-managerial,Husband,White,Male,0,0,45,United-States,>50K.
50,Private,249096,Some-college,10,Married-civ-spouse,Transport-moving,Husband,White,Male,0,0,60,United-States,>50K.
38,,139770,Masters,14,Married-civ-spouse,,Wife,White,Female,0,0,48,United-States,>50K.
50,Private,237258,Masters,14,Never-married,Exec-managerial,Not-in-family,White,Male,27828,0,48,United-States,>50K.
19,Private,60367,HS-grad,9,Never-married,Other-service,Own-child,White,Female,0,0,13,United-States,<=50K
32,Private,151053,Some-college,10,Never-married,Craft-repair,Unmarried,White,Male,0,0,40,United-States,<=50K
37,Self-emp-inc,94869,Masters,14,Divorced,Prof-specialty,Not-in-family,Black,Male,4787,0,40,United-States,>50K.
34,Private,357145,Bachelors,13,Married-civ-spouse,Prof-specialty,Wife,White,Female,0,0,50,United-States,>50K.
55,State-gov,100285,Bachelors,13,Divorced,Adm-clerical,Not-in-family,White,Male,10520,0,40,United-States,>50K.
35,Private,212512,HS-grad,9,Married-civ-spouse,Craft-repair,Husband,White,Male,0,0,50,United-States,>50K.
33,Private,278514,HS-grad,9,Divorced,Craft-repair,Own-child,White,Female,0,0,42,United-States,<=50K
51,Self-emp-not-inc,85877,HS-grad,9,Divorced,Exec-managerial,Not-in-family,White,Female,99999,0,60,United-States,>50K.
47,Self-emp-inc,168191,Some-college,10,Married-civ-spouse,Craft-repair,Husband,White,Male,0,0,40,United-States,<=50K
46,Private,161508,10th,6,Never-married,Machine-op-inspct,Not-in-family,Black,Male,0,0,40,United-States,<=50K
47,Private,175847,5th-6th,3,Married-civ-spouse,Transport-moving,Wife,White,Female,0,0,40,Mexico,>50K.
48,Private,193047,Masters,14,Married-civ-spouse,Exec-managerial,Husband,White,Male,0,0,60,United-States,>50K.
45,Private,117310,HS-grad,9,Married-civ-spouse,Exec-managerial,Wife,White,Female,0,0,50,United-States,>50K.
37,Self-emp-not-inc,119929,HS-grad,9,Married-civ-spouse,Craft-repair,Husband,White,Male,0,0,40,United-States,<=50K
52,Private,149908,Prof-school,15,Divorced,Prof-specialty,Unmarried,White,Female,25236,0,44,United-States,>50K.
32,Private,149787,Assoc-voc,11,Married-civ-spouse,Craft-repair,Husband,White,Male,0,0,50,United-States,>50K.
29,Private,164711,Some-college,10,Never-married,Handlers-cleaners,Other-relative,White,Male,0,0,40,United-States,<=50K
18,Private,120243,11th,7,Never-married,Other-service,Own-child,White,Male,0,0,10,United-States,<=50K
43,Private,33658,Some-college,10,Married-spouse-absent,Craft-repair,Unmarried,White,Male,0,3004,40,United-States,>50K.
45,Self-emp-not-inc,244813,Prof-school,15,Married-civ-spouse,Prof-specialty,Husband,White,Male,0,0,38,United-States,>50K.
34,Self-emp-inc,156192,Some-college,10,Married-civ-spouse,Exec-managerial,Husband,White,Male,0,0,45,United-States,>50K.
41,Self-emp-not-inc,170214,HS-grad,9,Married-civ-spouse,Handlers-cleaners,Husband,White,Male,0,2179,40,United-States,<=50K
34,Private,197252,Bachelors,13,Married-civ-spouse,Exec-managerial,Husband,White,Male,0,0,45,United-States,>50K.
47,Self-emp-not-inc,326292,Bachelors,13,Married-civ-spouse,Farming-fishing,Husband,White,Male,0,0,60,United-States,>50K.
48,Self-emp-not-inc,196707,Doctorate,16,Married-civ-spouse,Prof-specialty,Husband,White,Male,99999,0,60,United-States,>50K.
38,Private,187711,Some-college,10,Married-civ-spouse,Craft-repair,Husband,White,Male,0,0,43,United-States,>50K.
73,Private,57435,Some-college,10,Married-civ-spouse,Sales,Husband,White,Male,0,0,20,United-States,>50K.
65,Private,172510,Some-college,10,Widowed,Prof-specialty,Not-in-family,White,Female,1848,0,20,Hungary,<=50K
42,Private,191342,Masters,14,Married-civ-spouse,Prof-specialty,Husband,Asian-Pac-Islander,Male,0,0,40,Taiwan,>50K.
65,Local-gov,125768,Some-college,10,Divorced,Adm-clerical,Not-in-family,White,Female,0,0,28,United-States,<=50K
50,Self-emp-inc,249644,HS-grad,9,Married-civ-spouse,Exec-managerial,Husband,White,Male,0,0,50,United-States,>50K.
42,Self-emp-not-inc,54651,Prof-school,15,Married-civ-spouse,Prof-specialty,Husband,White,Male,0,0,40,Cuba,>50K.
54,Private,230919,HS-grad,9,Married-civ-spouse,Transport-moving,Husband,White,Male,7688,0,60,United-States,>50K.
29,Private,29361,HS-grad,9,Never-married,Other-service,Not-in-family,White,Female,0,0,38,United-States,<=50K
20,Private,309580,HS-grad,9,Never-married,Adm-clerical,Own-child,White,Male,0,0,40,United-States,<=50K
51,Self-emp-not-inc,318351,Assoc-acdm,12,Married-civ-spouse,Prof-specialty,Wife,White,Female,0,0,30,Canada,>50K.
32,Self-emp-not-inc,68879,Bachelors,13,Married-civ-spouse,Exec-managerial,Husband,White,Male,0,0,50,United-States,>50K.
39,Local-gov,187385,Masters,14,Married-civ-spouse,Prof-specialty,Wife,White,Female,0,0,28,United-States,>50K.
61,Self-emp-not-inc,151369,Masters,14,Married-civ-spouse,Prof-specialty,Husband,White,Male,99999,0,30,United-States,>50K.
36,Private,238415,HS-grad,9,Divorced,Craft-repair,Unmarried,White,Male,0,0,40,United-States,<=50K
45,Private,337825,HS-grad,9,Married-civ-spouse,Craft-repair,Husband,White,Male,0,0,45,United-States,<=50K
46,Private,194698,Bachelors,13,Never-married,Prof-specialty,Own-child,White,Male,0,0,60,United-States,<=50K
42,Private,47012,Some-college,10,Married-civ-spouse,Craft-repair,Husband,White,Male,7688,0,40,United-States,>50K.
30,Private,195447,Bachelors,13,Married-civ-spouse,Prof-specialty,Husband,White,Male,0,0,50,United-States,>50K.
35,Local-gov,204277,Bachelors,13,Married-civ-spouse,Prof-specialty,Husband,White,Male,0,0,40,United-States,<=50K
30,Private,30101,Some-college,10,Married-civ-spouse,Craft-repair,Husband,White,Male,0,0,40,United-States,>50K.
25,State-gov,319303,Some-college,10,Divorced,Other-service,Unmarried,White,Male,0,2472,40,United-States,>50K.
64,Private,91343,Some-college,10,Widowed,Tech-support,Unmarried,White,Female,0,0,40,United-States,<=50K
46,Private,165937,HS-grad,9,Married-civ-spouse,Craft-repair,Husband,White,Male,0,0,40,United-States,>50K.
52,Private,163678,HS-grad,9,Married-civ-spouse,Transport-moving,Husband,White,Male,0,0,55,United-States,<=50K
60,Self-emp-inc,160062,HS-grad,9,Married-civ-spouse,Farming-fishing,Husband,White,Male,0,0,25,United-States,<=50K
25,Self-emp-not-inc,213385,Some-college,10,Never-married,Craft-repair,Own-child,White,Male,0,0,80,United-States,<=50K
42,Private,102988,Masters,14,Married-civ-spouse,Prof-specialty,Husband,White,Male,0,0,55,Ecuador,>50K.
47,Self-emp-not-inc,274800,Bachelors,13,Married-civ-spouse,Prof-specialty,Husband,White,Male,0,0,60,United-States,<=50K
21,?,123983,Some-college,10,Never-married,?,Other-relative,Asian-Pac-Islander,Male,0,0,10,Vietnam,<=50K
18,?,236090,HS-grad,9,Never-married,?,Own-child,White,Female,0,0,40,United-States,<=50K
31,Private,375833,Bachelors,13,Married-civ-spouse,Exec-managerial,Husband,White,Male,0,0,55,United-States,>50K.
55,Private,248841,HS-grad,9,Married-civ-spouse,Transport-moving,Husband,White,Male,0,0,45,United-States,>50K.
32,Federal-gov,113838,Bachelors,13,Married-civ-spouse,Prof-specialty,Husband,White,Male,0,0,40,United-States,>50K.
36,Local-gov,220237,Bachelors,13,Married-civ-spouse,Protective-serv,Husband,White,Male,0,1977,40,United-States,>50K.
45,Private,256866,HS-grad,9,Married-civ-spouse,Prof-specialty,Husband,White,Male,0,0,45,United-States,>50K.
23,Private,45834,Bachelors,13,Never-married,Exec-managerial,Not-in-family,White,Female,0,0,50,United-States,<=50K
35,Private,207202,10th,6,Married-civ-spouse,Transport-moving,Husband,White,Male,0,0,70,United-States,<=50K
55,Private,189528,5th-6th,3,Married-civ-spouse,Craft-repair,Husband,White,Male,0,0,50,United-States,<=50K
54,Private,174319,HS-grad,9,Divorced,Transport-moving,Not-in-family,White,Male,0,0,40,United-States,<=50K
31,Private,215047,Bachelors,13,Never-married,Adm-clerical,Not-in-family,White,Male,0,0,50,United-States,<=50K
46,State-gov,170165,HS-grad,9,Separated,Adm-clerical,Unmarried,White,Female,0,0,37,United-States,<=50K
40,Private,196626,HS-grad,9,Married-civ-spouse,Machine-op-inspct,Husband,White,Male,0,0,45,United-States,>50K.
38,State-gov,200289,Doctorate,16,Married-civ-spouse,Prof-specialty,Husband,Asian-Pac-Islander,Male,0,0,40,Taiwan,<=50K
58,Private,87329,11th,7,Married-civ-spouse,Adm-clerical,Husband,White,Male,0,0,48,United-States,<=50K
49,Private,248895,HS-grad,9,Married-civ-spouse,Machine-op-inspct,Husband,White,Male,0,0,45,United-States,<=50K
42,Private,23157,Bachelors,13,Married-civ-spouse,Prof-specialty,Husband,White,Male,0,0,50,United-States,>50K.
35,Self-emp-inc,187046,Masters,14,Married-civ-spouse,Adm-clerical,Husband,White,Male,0,0,50,United-States,<=50K
40,State-gov,55294,Bachelors,13,Married-civ-spouse,Prof-specialty,Husband,White,Male,0,0,40,United-States,>50K.
36,Federal-gov,253627,Some-college,10,Married-civ-spouse,Adm-clerical,Husband,White,Male,0,0,40,Puerto-Rico,>50K.
48,Private,155372,HS-grad,9,Widowed,Machine-op-inspct,Unmarried,White,Female,0,0,36,United-States,<=50K
25,Private,123083,Bachelors,13,Never-married,Prof-specialty,Not-in-family,White,Female,0,0,40,United-States,<=50K
34,Private,238305,Some-college,10,Married-civ-spouse,Other-service,Wife,White,Female,0,1628,12,?,<=50K
25,?,237865,Some-college,10,Never-married,?,Own-child,Black,Male,0,0,40,?,<=50K
56,Private,288530,HS-grad,9,Married-civ-spouse,Adm-clerical,Wife,White,Female,0,0,37,United-States,>50K.
52,Private,210736,HS-grad,9,Married-civ-spouse,Craft-repair,Husband,White,Male,7298,0,50,United-States,>50K.
23,Private,95989,Some-college,10,Never-married,Other-service,Own-child,White,Female,0,0,30,United-States,<=50K
25,Private,204338,10th,6,Married-civ-spouse,Craft-repair,Husband,White,Male,0,0,40,Mexico,<=50K
40,Private,180206,Assoc-acdm,12,Married-civ-spouse,Exec-managerial,Husband,White,Male,0,0,40,United-States,>50K.
37,Private,183739,Masters,14,Married-civ-spouse,Prof-specialty,Wife,White,Female,0,0,8,United-States,>50K.
39,Local-gov,364782,Some-college,10,Married-civ-spouse,Protective-serv,Husband,White,Male,0,0,40,United-States,>50K.
47,Private,202322,5th-6th,3,Married-civ-spouse,Handlers-cleaners,Husband,White,Male,0,0,40,Mexico,<=50K
51,Private,123429,HS-grad,9,Married-civ-spouse,Craft-repair,Husband,White,Male,15024,0,40,United-States,>50K.
42,Private,602513,Bachelors,13,Married-civ-spouse,Prof-specialty,Husband,White,Male,0,0,45,United-States,>50K.
49,Private,189462,HS-grad,9,Married-civ-spouse,Craft-repair,Husband,White,Male,0,0,40,United-States,<=50K
38,Self-emp-not-inc,190387,HS-grad,9,Married-civ-spouse,Craft-repair,Husband,White,Male,0,0,50,United-States,<=50K
24,Private,308205,Some-college,10,Never-married,Exec-managerial,Own-child,White,Male,0,0,40,United-States,<=50K
29,Private,29974,HS-grad,9,Married-civ-spouse,Craft-repair,Husband,White,Male,0,0,40,United-States,<=50K
37,Private,220644,HS-grad,9,Divorced,Other-service,Unmarried,Black,Female,0,0,40,?,<=50K
31,Local-gov,128016,Bachelors,13,Never-married,Sales,Own-child,White,Female,0,0,40,United-States,<=50K
33,Local-gov,83413,Some-college,10,Married-civ-spouse,Protective-serv,Husband,White,Male,0,0,50,United-States,>50K.
32,Private,372692,HS-grad,9,Married-civ-spouse,Craft-repair,Husband,White,Male,0,0,40,United-States,<=50K
46,Self-emp-not-inc,204698,Bachelors,13,Married-civ-spouse,Tech-support,Husband,White,Male,0,0,40,United-States,>50K.
35,Private,77792,HS-grad,9,Married-civ-spouse,Exec-managerial,Husband,White,Male,0,0,45,United-States,>50K.
41,Private,76625,Assoc-acdm,12,Married-civ-spouse,Prof-specialty,Husband,White,Male,0,0,40,United-States,>50K.
62,Private,174355,HS-grad,9,Widowed,Other-service,Not-in-family,White,Female,0,0,40,United-States,<=50K
28,Private,32291,Bachelors,13,Never-married,Prof-specialty,Not-in-family,White,Female,2174,0,40,United-States,<=50K
37,Private,109133,HS-grad,9,Married-civ-spouse,Machine-op-inspct,Husband,White,Male,0,0,40,Portugal,<=50K
57,Self-emp-inc,165881,Prof-school,15,Married-civ-spouse,Prof-specialty,Husband,White,Male,0,0,40,United-States,<=50K
39,Self-emp-not-inc,331481,Bachelors,13,Divorced,Craft-repair,Not-in-family,Black,Male,0,1669,60,?,<=50K
39,Private,183279,Bachelors,13,Married-civ-spouse,Sales,Husband,White,Male,7298,0,40,United-States,>50K.
42,Private,245317,10th,6,Married-civ-spouse,Transport-moving,Husband,White,Male,0,0,50,United-States,<=50K
42,Private,169948,Some-college,10,Never-married,Sales,Not-in-family,White,Male,0,0,80,United-States,>50K.
38,?,104094,Some-college,10,Married-civ-spouse,?,Husband,White,Male,0,0,15,United-States,<=50K
37,Private,32719,Bachelors,13,Married-civ-spouse,Prof-specialty,Wife,White,Female,0,0,50,United-States,>50K.
57,Local-gov,237546,Masters,14,Married-civ-spouse,Exec-managerial,Husband,White,Male,0,0,60,United-States,>50K.
41,Private,169823,Prof-school,15,Married-civ-spouse,Prof-specialty,Husband,White,Male,0,0,46,United-States,>50K.
48,Private,135525,Some-college,10,Widowed,Adm-clerical,Unmarried,White,Female,0,0,40,United-States,>50K.
64,Without-pay,209291,HS-grad,9,Married-civ-spouse,Handlers-cleaners,Husband,White,Male,0,0,60,United-States,>50K.
48,Private,93476,HS-grad,9,Separated,Adm-clerical,Not-in-family,White,Female,0,2001,40,United-States,<=50K
35,Private,122353,HS-grad,9,Married-civ-spouse,Exec-managerial,Husband,White,Male,0,0,40,United-States,>50K.
31,Self-emp-inc,264554,HS-grad,9,Married-civ-spouse,Transport-moving,Husband,White,Male,0,1977,40,United-States,>50K.
50,Local-gov,120521,Some-college,10,Married-civ-spouse,Exec-managerial,Husband,Amer-Indian-Eskimo,Male,0,0,50,United-States,>50K.
63,Self-emp-not-inc,261995,Some-college,10,Married-civ-spouse,Exec-managerial,Husband,White,Male,0,0,40,United-States,>50K.
44,Private,184527,Bachelors,13,Divorced,Exec-managerial,Unmarried,White,Female,4934,0,45,United-States,>50K.
21,State-gov,196827,Assoc-acdm,12,Never-married,Tech-support,Own-child,White,Male,0,0,10,United-States,<=50K
62,Private,104849,Masters,14,Married-civ-spouse,Adm-clerical,Husband,Asian-Pac-Islander,Male,0,0,40,China,>50K.
49,Private,186256,Prof-school,15,Married-civ-spouse,Sales,Husband,White,Male,0,0,40,United-States,>50K.
58,Private,147098,Prof-school,15,Married-civ-spouse,Prof-specialty,Husband,White,Male,15024,0,60,United-States,>50K.
43,Private,112607,11th,7,Married-civ-spouse,Sales,Husband,White,Male,0,0,60,United-States,<=50K
28,Private,210313,10th,6,Never-married,Handlers-cleaners,Other-relative,White,Male,0,0,40,Mexico,<=50K
23,Federal-gov,41432,Bachelors,13,Never-married,Prof-specialty,Not-in-family,White,Female,0,0,15,United-States,<=50K
24,Private,103064,Bachelors,13,Never-married,Tech-support,Not-in-family,White,Female,3674,0,40,United-States,<=50K
56,Self-emp-not-inc,296991,Prof-school,15,Married-civ-spouse,Prof-specialty,Husband,White,Male,0,0,55,England,>50K.
61,Private,149653,HS-grad,9,Married-civ-spouse,Exec-managerial,Husband,White,Male,0,0,50,United-States,<=50K
55,Federal-gov,212600,Masters,14,Divorced,Exec-managerial,Not-in-family,White,Male,0,0,40,,>50K.
47,Private,246891,Bachelors,13,Married-civ-spouse,Sales,Husband,White,Male,15024,0,45,United-States,>50K.
60,Local-gov,313852,Masters,14,Divorced,Prof-specialty,Not-in-family,White,Female,0,0,25,United-States,<=50K
64,,285742,10th,6,Married-civ-spouse,,Husband,White,Male,0,0,50,United-States,>50K.
52,Private,227832,Bachelors,13,Married-civ-spouse,Prof-specialty,Husband,White,Male,0,0,50,United-States,>50K.
64,Private,61892,HS-grad,9,Widowed,Priv-house-serv,Not-in-family,White,Female,0,0,15,United-States,<=50K
40,Private,135056,Assoc-acdm,12,Divorced,Adm-clerical,Unmarried,White,Female,0,0,40,United-States,<=50K
26,Private,292303,HS-grad,9,Never-married,Handlers-cleaners,Own-child,White,Female,0,0,40,United-States,<=50K
43,Private,162887,Some-college,10,Married-civ-spouse,Exec-managerial,Husband,Black,Male,0,0,40,United-States,>50K.
46,Federal-gov,83610,Bachelors,13,Married-civ-spouse,Adm-clerical,Husband,White,Male,0,0,40,United-States,>50K.
18,Private,177648,HS-grad,9,Never-married,Sales,Own-child,White,Female,0,0,25,United-States,<=50K
47,Self-emp-not-inc,208407,Bachelors,13,Married-civ-spouse,Prof-specialty,Husband,White,Male,0,2002,30,United-States,<=50K
33,Private,203488,Bachelors,13,Married-civ-spouse,Prof-specialty,Husband,White,Male,15024,0,50,United-States,>50K.
23,Private,96635,Some-college,10,Never-married,Machine-op-inspct,Own-child,Asian-Pac-Islander,Male,0,0,30,United-States,<=50K
30,Self-emp-not-inc,96480,Masters,14,Married-civ-spouse,Prof-specialty,Wife,White,Female,0,0,60,United-States,>50K.
34,Private,185041,HS-grad,9,Never-married,Prof-specialty,Not-in-family,White,Female,0,1669,45,United-States,<=50K
37,Local-gov,188612,Masters,14,Married-civ-spouse,Exec-managerial,Husband,White,Male,0,0,50,United-States,>50K.
29,Private,112754,Some-college,10,Never-married,Craft-repair,Own-child,White,Male,0,0,40,United-States,<=50K
45,Private,353824,Some-college,10,Married-civ-spouse,Handlers-cleaners,Husband,White,Male,0,0,40,United-States,>50K.
53,Local-gov,20676,HS-grad,9,Married-civ-spouse,Exec-managerial,Husband,Amer-Indian-Eskimo,Male,0,0,48,United-States,<=50K
46,Private,30840,Bachelors,13,Married-civ-spouse,Exec-managerial,Husband,White,Male,0,0,50,United-States,>50K.
54,Private,177927,Masters,14,Married-civ-spouse,Prof-specialty,Husband,White,Male,0,0,60,United-States,<=50K
34,Private,318886,HS-grad,9,Married-civ-spouse,Farming-fishing,Husband,Black,Male,0,0,40,United-States,<=50K
36,Private,189703,HS-grad,9,Married-civ-spouse,Handlers-cleaners,Husband,White,Male,0,0,60,United-States,>50K.
42,Private,199018,Masters,14,Married-civ-spouse,Exec-managerial,Husband,White,Male,0,0,40,United-States,>50K.
40,Private,244835,Some-college,10,Married-civ-spouse,Sales,Husband,White,Male,15024,0,50,United-States,>50K.
54,Federal-gov,151135,Bachelors,13,Married-civ-spouse,Exec-managerial,Husband,White,Male,0,0,40,United-States,>50K.
38,Private,201454,Some-college,10,Divorced,Adm-clerical,Unmarried,White,Female,0,0,40,United-States,<=50K
30,Private,188362,HS-grad,9,Married-civ-spouse,Exec-managerial,Husband,White,Male,5178,0,40,United-States,>50K.
46,Private,185870,Bachelors,13,Married-civ-spouse,Sales,Husband,White,Male,0,1902,40,United-States,>50K.
64,Private,47589,Some-college,10,Married-civ-spouse,Exec-managerial,Husband,White,Male,15024,0,50,United-States,>50K.
49,Private,182541,10th,6,Married-civ-spouse,Handlers-cleaners,Husband,White,Male,0,1485,40,United-States,>50K.
58,Self-emp-not-inc,359972,Assoc-acdm,12,Married-civ-spouse,Sales,Husband,White,Male,0,0,25,United-States,>50K.
23,?,449101,HS-grad,9,Married-civ-spouse,?,Own-child,White,Female,0,0,30,United-States,<=50K
43,Private,334991,Bachelors,13,Married-civ-spouse,Sales,Husband,White,Male,0,0,50,United-States,>50K.
35,Local-gov,405284,Masters,14,Married-civ-spouse,Prof-specialty,Wife,White,Female,0,0,35,United-States,>50K.
50,State-gov,392668,Doctorate,16,Married-civ-spouse,Prof-specialty,Husband,White,Male,0,0,40,United-States,>50K.
29,State-gov,103389,Prof-school,15,Never-married,Prof-specialty,Not-in-family,White,Female,4787,0,40,United-States,>50K.
64,,22228,Some-college,10,Married-civ-spouse,,Husband,White,Male,0,0,10,United-States,>50K.
58,Private,107897,Bachelors,13,Married-civ-spouse,Exec-managerial,Husband,White,Male,7688,0,40,United-States,>50K.
46,Private,39363,Some-college,10,Divorced,Other-service,Unmarried,White,Female,0,0,10,?,<=50K
36,Private,128392,Bachelors,13,Divorced,Exec-managerial,Not-in-family,White,Male,4787,0,40,United-States,>50K.
29,Private,336624,Bachelors,13,Never-married,Prof-specialty,Not-in-family,White,Male,8614,0,40,United-States,>50K.
73,Self-emp-not-inc,256401,Doctorate,16,Married-civ-spouse,Prof-specialty,Husband,White,Male,0,0,28,United-States,>50K.
50,Private,86373,HS-grad,9,Married-civ-spouse,Machine-op-inspct,Husband,White,Male,0,0,50,United-States,<=50K
53,Private,208122,Some-college,10,Married-civ-spouse,Transport-moving,Husband,Other,Male,0,0,60,United-States,>50K.
24,Federal-gov,44075,Bachelors,13,Never-married,Prof-specialty,Not-in-family,Asian-Pac-Islander,Male,0,0,40,United-States,<=50K
42,Private,349884,10th,6,Married-civ-spouse,Craft-repair,Husband,White,Male,0,0,35,United-States,<=50K
48,Private,141483,Some-college,10,Divorced,Exec-managerial,Unmarried,White,Female,0,0,40,United-States,<=50K
38,Private,103408,Masters,14,Married-civ-spouse,Exec-managerial,Husband,Black,Male,0,0,40,?,<=50K
47,Self-emp-not-inc,192053,7th-8th,4,Married-civ-spouse,Exec-managerial,Husband,White,Male,0,0,55,United-States,>50K.
38,Private,173858,Bachelors,13,Married-civ-spouse,Exec-managerial,Husband,Asian-Pac-Islander,Male,7688,0,35,China,>50K.
52,State-gov,184529,HS-grad,9,Married-civ-spouse,Protective-serv,Husband,White,Male,0,0,40,United-States,>50K.
44,Private,254303,Masters,14,Never-married,Prof-specialty,Not-in-family,White,Male,0,0,40,Hungary,>50K.
41,Self-emp-not-inc,49572,Some-college,10,Married-civ-spouse,Exec-managerial,Husband,White,Male,0,0,60,United-States,<=50K
35,Private,208358,Bachelors,13,Married-civ-spouse,Exec-managerial,Husband,White,Male,0,0,37,United-States,>50K.
31,Private,169122,Some-college,10,Married-civ-spouse,Prof-specialty,Husband,White,Male,0,0,50,United-States,<=50K
31,Private,156493,Some-college,10,Married-civ-spouse,Exec-managerial,Husband,White,Male,0,0,40,United-States,>50K.
38,Local-gov,140854,HS-grad,9,Married-civ-spouse,Protective-serv,Husband,White,Male,0,0,40,United-States,>50K.
51,Private,250423,Masters,14,Married-civ-spouse,Sales,Husband,White,Male,0,0,55,United-States,>50K.
43,Private,33331,Bachelors,13,Married-civ-spouse,Sales,Husband,White,Male,0,0,55,United-States,<=50K
57,Private,201991,Bachelors,13,Married-civ-spouse,Prof-specialty,Husband,White,Male,0,0,40,United-States,<=50K
41,Private,239296,Masters,14,Married-civ-spouse,Prof-specialty,Husband,White,Male,0,2415,50,United-States,>50K.
69,Private,165017,HS-grad,9,Widowed,Machine-op-inspct,Unmarried,White,Male,2538,0,40,United-States,<=50K
55,Private,66356,HS-grad,9,Separated,Handlers-cleaners,Unmarried,White,Male,0,0,40,United-States,<=50K
31,Private,202822,Some-college,10,Divorced,Adm-clerical,Unmarried,Black,Female,0,0,40,United-States,<=50K
32,Private,32326,Bachelors,13,Married-civ-spouse,Craft-repair,Wife,White,Female,0,0,40,United-States,>50K.
57,Local-gov,101444,Masters,14,Married-civ-spouse,Exec-managerial,Husband,White,Male,0,0,40,United-States,>50K.
41,Private,135056,Masters,14,Widowed,Prof-specialty,Not-in-family,White,Female,10520,0,38,United-States,>50K.
30,Self-emp-not-inc,437458,Some-college,10,Married-civ-spouse,Sales,Husband,White,Male,0,0,40,United-States,>50K.
40,Private,266084,Some-college,10,Divorced,Craft-repair,Other-relative,White,Male,0,0,50,United-States,<=50K
53,Private,127749,HS-grad,9,Married-civ-spouse,Adm-clerical,Husband,White,Male,0,0,40,United-States,>50K.
37,Private,389725,HS-grad,9,Married-civ-spouse,Machine-op-inspct,Husband,White,Male,7298,0,40,United-States,>50K.
19,Private,106273,Some-college,10,Never-married,Sales,Own-child,White,Female,0,0,38,United-States,<=50K
19,?,124651,11th,7,Never-married,?,Own-child,Black,Male,0,0,25,United-States,<=50K
38,Federal-gov,81232,Bachelors,13,Married-civ-spouse,Prof-specialty,Husband,White,Male,0,0,40,United-States,>50K.
31,Private,373903,Bachelors,13,Married-civ-spouse,Adm-clerical,Husband,White,Male,0,0,40,United-States,>50K.
44,Private,116632,Assoc-acdm,12,Never-married,Farming-fishing,Own-child,White,Male,0,0,40,United-States,<=50K
41,Private,286970,Bachelors,13,Married-civ-spouse,Adm-clerical,Husband,White,Male,0,0,40,United-States,<=50K
48,Private,156926,Bachelors,13,Married-civ-spouse,Sales,Husband,White,Male,0,0,45,United-States,>50K.
51,Self-emp-inc,98980,HS-grad,9,Married-spouse-absent,Exec-managerial,Not-in-family,White,Male,0,0,99,United-States,>50K.
44,Private,172026,HS-grad,9,Married-civ-spouse,Sales,Husband,Black,Male,0,0,40,United-States,>50K.
58,Local-gov,259216,9th,5,Divorced,Other-service,Not-in-family,White,Female,0,0,40,United-States,<=50K
27,State-gov,206889,Assoc-acdm,12,Never-married,Protective-serv,Not-in-family,White,Male,0,0,40,United-States,<=50K
50,Private,178251,Masters,14,Married-civ-spouse,Adm-clerical,Wife,White,Female,0,0,40,United-States,>50K.
38,Private,108140,Masters,14,Married-civ-spouse,Prof-specialty,Husband,White,Male,7298,0,50,United-States,>50K.
40,Private,239708,HS-grad,9,Divorced,Craft-repair,Not-in-family,White,Male,0,0,50,United-States,<=50K
54,Private,178839,HS-grad,9,Married-civ-spouse,Exec-managerial,Husband,White,Male,0,1848,40,England,>50K.
50,Private,165001,Masters,14,Married-civ-spouse,Exec-managerial,Husband,White,Male,0,0,40,United-States,>50K.
51,Private,257756,HS-grad,9,Married-civ-spouse,Prof-specialty,Wife,White,Female,0,0,50,United-States,>50K.
40,Private,222596,Bachelors,13,Married-civ-spouse,Prof-specialty,Husband,White,Male,0,0,60,United-States,>50K.
30,Private,77143,Bachelors,13,Never-married,Exec-managerial,Own-child,Black,Male,0,0,40,Germany,<=50K
26,Self-emp-not-inc,86646,Some-college,10,Married-civ-spouse,Craft-repair,Husband,White,Male,0,0,45,United-States,<=50K
24,Private,165064,Some-college,10,Never-married,Handlers-cleaners,Not-in-family,White,Male,0,0,40,United-States,<=50K
43,Private,212894,HS-grad,9,Divorced,Craft-repair,Other-relative,White,Male,0,0,40,United-States,<=50K
40,Private,154374,Prof-school,15,Married-civ-spouse,Prof-specialty,Husband,White,Male,0,0,60,United-States,>50K.
51,Private,194995,Masters,14,Married-civ-spouse,Exec-managerial,Husband,White,Male,0,0,50,United-States,>50K.
34,Private,216645,HS-grad,9,Married-civ-spouse,Machine-op-inspct,Husband,White,Male,0,0,40,United-States,>50K.
25,Private,195994,1st-4th,2,Never-married,Priv-house-serv,Not-in-family,White,Female,0,0,40,Guatemala,<=50K
45,Self-emp-inc,363298,Bachelors,13,Married-civ-spouse,Exec-managerial,Husband,Black,Male,0,0,45,United-States,>50K.
54,Private,387540,Masters,14,Married-civ-spouse,Prof-specialty,Husband,White,Male,0,0,45,United-States,>50K.
22,Private,64292,Some-college,10,Never-married,Adm-clerical,Own-child,White,Female,0,0,37,United-States,<=50K
58,Private,65325,10th,6,Married-civ-spouse,Transport-moving,Husband,White,Male,0,0,40,United-States,>50K.
44,Private,54611,Some-college,10,Divorced,Machine-op-inspct,Not-in-family,White,Male,0,0,50,United-States,<=50K
46,Private,169711,Some-college,10,Married-civ-spouse,Prof-specialty,Husband,White,Male,0,0,40,United-States,>50K.
34,Private,110476,HS-grad,9,Married-civ-spouse,Adm-clerical,Husband,White,Male,0,0,40,United-States,<=50K
59,State-gov,354948,Bachelors,13,Married-civ-spouse,Prof-specialty,Husband,White,Male,3103,0,40,United-States,>50K.
36,Private,307520,Bachelors,13,Married-civ-spouse,Exec-managerial,Wife,Asian-Pac-Islander,Female,0,0,40,Philippines,>50K.
24,Private,390348,HS-grad,9,Never-married,Transport-moving,Not-in-family,White,Male,0,0,40,United-States,<=50K
45,Private,158685,HS-grad,9,Separated,Sales,Not-in-family,White,Female,0,0,40,United-States,<=50K
76,Private,93125,HS-grad,9,Married-civ-spouse,Sales,Husband,White,Male,1424,0,24,United-States,<=50K
51,Private,266336,Bachelors,13,Married-civ-spouse,Protective-serv,Husband,White,Male,0,1902,50,United-States,>50K.
33,Private,96635,Some-college,10,Never-married,Sales,Not-in-family,Asian-Pac-Islander,Male,0,0,26,South,<=50K
26,Private,108019,HS-grad,9,Never-married,Craft-repair,Own-child,White,Male,3325,0,40,United-States,<=50K
54,Private,69477,Masters,14,Married-civ-spouse,Prof-specialty,Husband,White,Male,0,1902,60,United-States,>50K.
46,Local-gov,481258,Bachelors,13,Married-civ-spouse,Adm-clerical,Husband,White,Male,0,0,45,United-States,>50K.
61,Private,183355,11th,7,Married-civ-spouse,Transport-moving,Husband,White,Male,0,0,40,United-States,<=50K
22,Private,194848,HS-grad,9,Never-married,Farming-fishing,Own-child,White,Male,0,0,40,United-States,<=50K
55,Federal-gov,171870,HS-grad,9,Married-civ-spouse,Adm-clerical,Husband,White,Male,0,0,46,United-States,>50K.
20,Private,54152,Some-college,10,Never-married,Adm-clerical,Own-child,White,Female,0,0,30,?,<=50K
47,Local-gov,377401,Masters,14,Married-civ-spouse,Prof-specialty,Husband,White,Male,0,0,40,United-States,>50K.
27,?,189399,Some-college,10,Divorced,?,Not-in-family,White,Female,0,0,40,United-States,<=50K
48,Private,198000,Bachelors,13,Never-married,Sales,Other-relative,White,Female,0,0,38,United-States,>50K.
40,Private,197919,Assoc-acdm,12,Divorced,Sales,Unmarried,White,Female,0,0,40,United-States,<=50K
63,?,257876,Prof-school,15,Married-civ-spouse,?,Husband,White,Male,0,0,40,United-States,<=50K
70,Private,177906,Some-college,10,Married-civ-spouse,Exec-managerial,Husband,White,Male,6514,0,40,United-States,>50K.
18,Private,89419,HS-grad,9,Never-married,Tech-support,Own-child,White,Female,0,0,10,United-States,<=50K
27,Private,278617,Some-college,10,Never-married,Craft-repair,Not-in-family,White,Male,0,0,40,United-States,<=50K
46,Private,122194,Some-college,10,Married-civ-spouse,Craft-repair,Wife,White,Female,7298,0,40,United-States,>50K.
30,Local-gov,263561,HS-grad,9,Married-civ-spouse,Protective-serv,Husband,White,Male,0,0,40,United-States,>50K.
41,Self-emp-not-inc,195124,HS-grad,9,Never-married,Sales,Not-in-family,White,Male,0,0,50,?,<=50K
43,Private,184099,Assoc-acdm,12,Married-civ-spouse,Transport-moving,Husband,White,Male,0,0,40,United-States,<=50K
53,Private,53833,Some-college,10,Married-civ-spouse,Transport-moving,Husband,White,Male,0,0,32,United-States,>50K.
36,Private,305319,Masters,14,Married-civ-spouse,Exec-managerial,Husband,White,Male,0,0,50,United-States,>50K.
35,Private,223749,Assoc-voc,11,Married-civ-spouse,Tech-support,Husband,White,Male,7298,0,48,United-States,>50K.
50,Private,421561,Some-college,10,Divorced,Exec-managerial,Not-in-family,White,Male,0,0,40,United-States,<=50K
51,?,175985,HS-grad,9,Married-civ-spouse,?,Husband,White,Male,0,0,40,United-States,<=50K
30,Self-emp-inc,204742,Bachelors,13,Married-civ-spouse,Exec-managerial,Husband,White,Male,0,0,50,United-States,>50K.
64,Private,265661,HS-grad,9,Married-civ-spouse,Transport-moving,Husband,White,Male,0,0,40,United-States,<=50K
24,Private,149396,Some-college,10,Never-married,Other-service,Other-relative,Black,Female,0,0,30,Haiti,<=50K
20,Private,151790,Some-college,10,Never-married,Adm-clerical,Own-child,White,Female,0,0,30,United-States,<=50K
28,Private,101618,Bachelors,13,Married-civ-spouse,Exec-managerial,Husband,White,Male,0,0,42,United-States,>50K.
66,,128609,HS-grad,9,Divorced,,Not-in-family,Black,Male,0,0,40,United-States,>50K.
35,Private,151322,Bachelors,13,Married-civ-spouse,Exec-managerial,Husband,White,Male,15024,0,55,United-States,>50K.
30,Self-emp-inc,178383,Some-college,10,Married-civ-spouse,Craft-repair,Husband,Black,Male,0,0,70,United-States,<=50K
31,State-gov,195181,Masters,14,Married-civ-spouse,Prof-specialty,Husband,White,Male,0,0,35,United-States,>50K.
37,Private,353550,Masters,14,Married-civ-spouse,Exec-managerial,Husband,White,Male,15024,0,60,United-States,>50K.
42,State-gov,184105,Assoc-voc,11,Married-civ-spouse,Other-service,Husband,White,Male,0,0,45,United-States,>50K.
69,,214923,Prof-school,15,Married-civ-spouse,,Husband,White,Male,0,0,35,United-States,>50K.
60,Private,156774,HS-grad,9,Married-civ-spouse,Prof-specialty,Husband,White,Male,0,0,45,United-States,>50K.
55,Local-gov,135439,Bachelors,13,Widowed,Prof-specialty,Not-in-family,White,Female,0,0,48,United-States,<=50K
81,Self-emp-not-inc,193237,1st-4th,2,Widowed,Sales,Other-relative,White,Male,0,0,45,Mexico,<=50K
32,Private,187560,Prof-school,15,Married-civ-spouse,Prof-specialty,Husband,White,Male,3908,0,40,United-States,<=50K
37,Private,20308,Bachelors,13,Married-civ-spouse,Prof-specialty,Husband,White,Male,0,0,65,United-States,>50K.
18,Private,115443,11th,7,Never-married,Handlers-cleaners,Not-in-family,White,Male,0,0,25,United-States,<=50K
46,Private,67001,Doctorate,16,Married-civ-spouse,Prof-specialty,Husband,White,Male,0,0,40,United-States,>50K.
26,Private,41521,HS-grad,9,Never-married,Other-service,Not-in-family,White,Female,0,0,35,United-States,<=50K
42,Self-emp-inc,272551,Bachelors,13,Divorced,Tech-support,Not-in-family,White,Female,0,1564,60,United-States,>50K.
37,Federal-gov,33487,Some-college,10,Divorced,Tech-support,Unmarried,Amer-Indian-Eskimo,Female,0,0,20,United-States,<=50K
49,Private,105431,HS-grad,9,Divorced,Other-service,Not-in-family,Black,Female,0,0,40,United-States,<=50K
23,Private,482082,12th,8,Never-married,Machine-op-inspct,Own-child,White,Male,0,0,21,Mexico,<=50K
54,Self-emp-not-inc,236157,Masters,14,Married-civ-spouse,Sales,Husband,White,Male,0,0,40,United-States,>50K.
31,Private,156493,HS-grad,9,Never-married,Prof-specialty,Own-child,White,Male,0,0,40,United-States,<=50K
34,Private,260560,HS-grad,9,Married-civ-spouse,Machine-op-inspct,Husband,White,Male,0,0,40,United-States,<=50K
35,Private,302149,Some-college,10,Married-civ-spouse,Craft-repair,Husband,Asian-Pac-Islander,Male,0,0,40,Cambodia,>50K.
59,Self-emp-not-inc,275236,11th,7,Married-civ-spouse,Sales,Husband,White,Male,0,0,70,United-States,>50K.
30,Private,204374,Bachelors,13,Never-married,Sales,Not-in-family,White,Male,0,1741,48,United-States,<=50K
34,Self-emp-not-inc,112650,7th-8th,4,Never-married,Craft-repair,Own-child,White,Male,0,0,40,United-States,<=50K
41,Federal-gov,193882,HS-grad,9,Never-married,Adm-clerical,Own-child,White,Male,0,0,40,United-States,<=50K
35,Private,179579,Masters,14,Married-civ-spouse,Exec-managerial,Husband,White,Male,0,1977,48,United-States,>50K.
31,Private,329635,Bachelors,13,Married-civ-spouse,Adm-clerical,Husband,White,Male,0,0,50,United-States,>50K.
36,Private,242713,HS-grad,9,Divorced,Adm-clerical,Unmarried,Black,Female,0,0,40,?,<=50K
33,Private,82623,HS-grad,9,Married-civ-spouse,Craft-repair,Husband,White,Male,4386,0,48,United-States,>50K.
38,State-gov,143517,Bachelors,13,Never-married,Exec-managerial,Own-child,White,Male,0,0,40,United-States,<=50K
37,Private,196373,HS-grad,9,Married-civ-spouse,Craft-repair,Husband,White,Male,0,0,40,United-States,>50K.
48,Private,349986,Prof-school,15,Married-civ-spouse,Prof-specialty,Husband,White,Male,99999,0,50,United-States,>50K.
45,Private,190115,Assoc-acdm,12,Divorced,Exec-managerial,Unmarried,White,Male,0,0,40,United-States,<=50K
24,Private,243368,Preschool,1,Never-married,Farming-fishing,Not-in-family,White,Male,0,0,36,Mexico,<=50K
58,Private,204678,Bachelors,13,Married-civ-spouse,Tech-support,Wife,White,Female,0,0,40,United-States,>50K.
39,Private,153997,HS-grad,9,Married-civ-spouse,Other-service,Wife,White,Female,0,1902,40,Puerto-Rico,>50K.
46,Private,129007,HS-grad,9,Married-civ-spouse,Transport-moving,Husband,White,Male,0,0,41,United-States,>50K.
48,Self-emp-not-inc,218835,Masters,14,Married-civ-spouse,Sales,Husband,White,Male,0,0,50,England,<=50K
49,Private,169760,Bachelors,13,Married-civ-spouse,Prof-specialty,Wife,White,Female,0,0,50,United-States,>50K.
26,Private,30776,Bachelors,13,Married-civ-spouse,Sales,Husband,White,Male,0,0,40,United-States,>50K.
32,Private,146161,Masters,14,Married-civ-spouse,Exec-managerial,Husband,White,Male,0,0,40,United-States,>50K.
39,Private,236648,Some-college,10,Married-civ-spouse,Machine-op-inspct,Husband,White,Male,0,1848,42,United-States,>50K.
41,Private,29702,Assoc-voc,11,Never-married,Craft-repair,Not-in-family,White,Male,0,0,30,United-States,<=50K
38,Private,139364,Bachelors,13,Never-married,Adm-clerical,Not-in-family,White,Male,0,0,40,United-States,>50K.
73,?,132737,10th,6,Never-married,?,Not-in-family,White,Male,0,0,4,United-States,<=50K
38,Private,107302,Some-college,10,Married-civ-spouse,Craft-repair,Husband,White,Male,3103,0,40,United-States,>50K.
48,Self-emp-inc,49298,Doctorate,16,Married-civ-spouse,Prof-specialty,Husband,White,Male,0,1902,50,United-States,>50K.
43,Federal-gov,53956,HS-grad,9,Married-civ-spouse,Adm-clerical,Husband,White,Male,0,0,55,United-States,>50K.
30,Private,130078,Bachelors,13,Never-married,Sales,Not-in-family,White,Female,0,0,45,United-States,<=50K
24,Private,22201,HS-grad,9,Married-civ-spouse,Protective-serv,Husband,Asian-Pac-Islander,Male,0,0,40,Thailand,<=50K
21,?,189888,Assoc-acdm,12,Never-married,?,Not-in-family,White,Male,0,0,55,United-States,<=50K
35,Self-emp-not-inc,313132,Prof-school,15,Married-civ-spouse,Prof-specialty,Husband,White,Male,0,0,40,United-States,>50K.
49,Private,68505,9th,5,Divorced,Other-service,Not-in-family,Black,Male,0,0,37,United-States,<=50K
60,Private,114413,Assoc-acdm,12,Married-civ-spouse,Sales,Husband,White,Male,0,0,30,United-States,<=50K
34,Private,181388,HS-grad,9,Divorced,Adm-clerical,Not-in-family,White,Female,0,0,40,United-States,<=50K
27,Federal-gov,182637,Prof-school,15,Married-civ-spouse,Prof-specialty,Husband,White,Male,0,0,45,,>50K.
30,Local-gov,131776,Masters,14,Never-married,Adm-clerical,Not-in-family,White,Female,0,0,40,United-States,<=50K
22,Private,188950,Some-college,10,Never-married,Tech-support,Own-child,White,Male,0,0,40,United-States,<=50K
25,Private,503012,5th-6th,3,Never-married,Craft-repair,Not-in-family,White,Male,0,0,40,Mexico,<=50K
46,Private,199316,Some-college,10,Married-civ-spouse,Craft-repair,Other-relative,Asian-Pac-Islander,Male,0,0,40,India,<=50K
55,?,136819,Bachelors,13,Married-civ-spouse,?,Husband,White,Male,0,0,40,United-States,<=50K
71,Self-emp-inc,45741,Bachelors,13,Married-civ-spouse,Sales,Husband,White,Male,20051,0,30,United-States,>50K.
42,Self-emp-not-inc,344624,Doctorate,16,Never-married,Prof-specialty,Not-in-family,White,Male,0,0,99,United-States,>50K.
65,Private,469602,Bachelors,13,Married-civ-spouse,Sales,Husband,White,Male,0,0,15,United-States,<=50K
56,Self-emp-inc,373593,Masters,14,Married-civ-spouse,Exec-managerial,Husband,White,Male,0,1977,60,Italy,>50K.
23,Private,189461,HS-grad,9,Never-married,Sales,Other-relative,White,Male,0,0,55,United-States,<=50K
21,Private,153718,Some-college,10,Never-married,Other-service,Not-in-family,Asian-Pac-Islander,Female,0,0,25,United-States,<=50K
24,Private,283613,Bachelors,13,Never-married,Prof-specialty,Not-in-family,White,Male,0,0,43,United-States,<=50K
44,Private,262684,HS-grad,9,Divorced,Adm-clerical,Not-in-family,White,Female,0,1504,45,United-States,<=50K
44,Self-emp-inc,223881,HS-grad,9,Married-civ-spouse,Craft-repair,Husband,White,Male,99999,0,50,,>50K.
17,Local-gov,170916,10th,6,Never-married,Protective-serv,Own-child,White,Female,0,1602,40,United-States,<=50K
63,Self-emp-not-inc,104626,Prof-school,15,Married-civ-spouse,Prof-specialty,Husband,White,Male,3103,0,32,United-States,>50K.
73,Self-emp-not-inc,241121,7th-8th,4,Married-civ-spouse,Farming-fishing,Husband,White,Male,0,0,40,United-States,<=50K
34,Private,342709,Masters,14,Married-civ-spouse,Exec-managerial,Husband,White,Male,0,0,40,United-States,<=50K
34,Private,248795,HS-grad,9,Never-married,Machine-op-inspct,Not-in-family,White,Female,0,0,45,United-States,<=50K
25,Private,336440,Some-college,10,Never-married,Other-service,Not-in-family,White,Male,0,0,40,United-States,<=50K
26,Private,213385,Some-college,10,Never-married,Other-service,Not-in-family,White,Male,0,0,20,United-States,<=50K
34,Private,737315,Prof-school,15,Married-civ-spouse,Prof-specialty,Husband,White,Male,0,0,65,United-States,>50K.
32,Private,316470,5th-6th,3,Married-civ-spouse,Craft-repair,Husband,White,Male,0,0,60,Mexico,<=50K
39,State-gov,105803,Masters,14,Married-civ-spouse,Prof-specialty,Husband,White,Male,0,0,48,United-States,>50K.
35,Private,111128,10th,6,Never-married,Adm-clerical,Own-child,White,Male,0,0,40,United-States,<=50K
29,Private,35032,HS-grad,9,Married-civ-spouse,Craft-repair,Husband,White,Male,0,0,40,United-States,<=50K
31,Private,188246,Some-college,10,Married-civ-spouse,Handlers-cleaners,Husband,White,Male,0,0,40,United-States,>50K.
44,Private,36271,Bachelors,13,Married-civ-spouse,Craft-repair,Husband,White,Male,0,0,40,United-States,<=50K
41,Private,242804,HS-grad,9,Married-civ-spouse,Transport-moving,Husband,White,Male,0,0,40,United-States,>50K.
29,Private,394927,10th,6,Married-civ-spouse,Transport-moving,Husband,White,Male,0,0,45,United-States,>50K.
45,Local-gov,181964,Some-college,10,Married-civ-spouse,Prof-specialty,Husband,White,Male,0,1887,47,United-States,>50K.
42,Private,169980,Some-college,10,Married-civ-spouse,Craft-repair,Husband,Black,Male,0,0,50,United-States,>50K.
42,Private,435356,Assoc-acdm,12,Married-civ-spouse,Exec-managerial,Husband,White,Male,0,0,44,United-States,>50K.
59,Private,296253,HS-grad,9,Divorced,Exec-managerial,Not-in-family,White,Female,0,0,40,United-States,<=50K
50,Private,121038,Assoc-voc,11,Married-civ-spouse,Other-service,Wife,Black,Female,0,0,40,United-States,<=50K
39,Self-emp-inc,91039,Masters,14,Married-civ-spouse,Exec-managerial,Husband,White,Male,15024,0,45,United-States,>50K.
42,Private,77373,Some-college,10,Married-civ-spouse,Handlers-cleaners,Husband,White,Male,0,0,38,United-States,<=50K
23,Private,330571,Bachelors,13,Never-married,Adm-clerical,Own-child,White,Female,0,0,25,United-States,<=50K
39,Private,192251,10th,6,Divorced,Other-service,Not-in-family,White,Female,0,0,60,United-States,<=50K
40,Private,174395,Doctorate,16,Married-civ-spouse,Exec-managerial,Husband,White,Male,0,0,40,United-States,>50K.
47,Private,161950,HS-grad,9,Divorced,Other-service,Unmarried,White,Female,0,0,32,United-States,<=50K
27,Private,127833,HS-grad,9,Never-married,Adm-clerical,Own-child,Black,Female,0,0,40,United-States,<=50K
50,Private,145033,Prof-school,15,Married-civ-spouse,Prof-specialty,Husband,White,Male,0,2415,60,United-States,>50K.
55,Self-emp-not-inc,73684,Bachelors,13,Married-civ-spouse,Sales,Husband,White,Male,15024,0,65,United-States,>50K.
41,Private,114157,HS-grad,9,Divorced,Machine-op-inspct,Own-child,White,Male,0,0,40,United-States,<=50K
31,Private,109020,Bachelors,13,Never-married,Prof-specialty,Unmarried,Other,Male,0,0,40,United-States,<=50K
41,Federal-gov,350387,Masters,14,Married-civ-spouse,Craft-repair,Husband,White,Male,0,0,60,India,>50K.
24,Private,137876,HS-grad,9,Never-married,Craft-repair,Own-child,White,Male,0,0,50,United-States,<=50K
66,,194480,11th,7,Married-civ-spouse,,Husband,White,Male,0,2377,2,United-States,>50K.
56,Private,179641,HS-grad,9,Never-married,Prof-specialty,Not-in-family,White,Female,0,0,45,United-States,<=50K
48,Private,186299,Bachelors,13,Married-civ-spouse,Exec-managerial,Husband,White,Male,0,0,40,United-States,>50K.
40,?,84232,HS-grad,9,Never-married,?,Not-in-family,White,Female,0,0,4,United-States,<=50K
29,Private,37359,Bachelors,13,Married-civ-spouse,Machine-op-inspct,Husband,White,Male,7298,0,40,United-States,>50K.
32,Private,236861,Assoc-acdm,12,Married-civ-spouse,Exec-managerial,Husband,White,Male,0,0,45,United-States,>50K.
40,Private,222434,Bachelors,13,Married-civ-spouse,Machine-op-inspct,Husband,White,Male,0,0,45,Canada,>50K.
39,Federal-gov,135500,HS-grad,9,Married-civ-spouse,Adm-clerical,Husband,White,Male,0,0,40,United-States,>50K.
61,Private,142922,HS-grad,9,Married-civ-spouse,Transport-moving,Husband,White,Male,0,0,40,United-States,<=50K
45,Private,102318,Assoc-voc,11,Married-civ-spouse,Exec-managerial,Husband,White,Male,0,0,45,United-States,>50K.
34,Private,381153,HS-grad,9,Married-civ-spouse,Transport-moving,Husband,White,Male,0,0,40,United-States,<=50K
38,Private,29874,Bachelors,13,Never-married,Sales,Not-in-family,White,Male,0,0,48,United-States,>50K.
67,Self-emp-inc,127605,Masters,14,Married-civ-spouse,Prof-specialty,Husband,White,Male,20051,0,60,Italy,>50K.
24,Private,140001,Bachelors,13,Never-married,Adm-clerical,Not-in-family,White,Male,0,0,40,United-States,<=50K
22,Private,180060,Bachelors,13,Never-married,Exec-managerial,Unmarried,White,Male,0,0,40,United-States,<=50K
59,Private,117059,11th,7,Married-civ-spouse,Transport-moving,Husband,Amer-Indian-Eskimo,Male,0,0,40,United-States,<=50K
43,Private,176452,9th,5,Married-spouse-absent,Craft-repair,Not-in-family,White,Male,0,0,50,,>50K.
28,Federal-gov,24153,10th,6,Married-civ-spouse,Other-service,Wife,Amer-Indian-Eskimo,Female,0,0,40,United-States,<=50K
52,Federal-gov,418640,Masters,14,Married-civ-spouse,Prof-specialty,Husband,White,Male,15024,0,40,Haiti,>50K.
38,Local-gov,32587,Bachelors,13,Married-civ-spouse,Exec-managerial,Husband,Amer-Indian-Eskimo,Male,0,0,50,United-States,>50K.
30,Local-gov,19302,HS-grad,9,Married-civ-spouse,Craft-repair,Husband,White,Male,4386,0,70,Germany,>50K.
27,Private,203776,Bachelors,13,Married-civ-spouse,Sales,Husband,White,Male,7688,0,45,United-States,>50K.
37,Private,281012,HS-grad,9,Married-civ-spouse,Craft-repair,Wife,Asian-Pac-Islander,Female,0,0,40,China,>50K.
21,Private,394484,Some-college,10,Never-married,Adm-clerical,Own-child,White,Female,0,0,40,United-States,<=50K
43,Private,180138,HS-grad,9,Separated,Craft-repair,Not-in-family,White,Male,0,0,40,United-States,>50K.
44,Private,172600,HS-grad,9,Never-married,Sales,Not-in-family,White,Female,10520,0,50,United-States,>50K.
35,Private,111128,Bachelors,13,Married-civ-spouse,Exec-managerial,Husband,White,Male,15024,0,65,United-States,>50K.
31,Private,33117,Some-college,10,Married-civ-spouse,Craft-repair,Husband,White,Male,0,0,45,United-States,>50K.
31,Private,301251,Bachelors,13,Married-civ-spouse,Craft-repair,Husband,White,Male,0,0,50,United-States,>50K.
53,Private,260106,HS-grad,9,Widowed,Sales,Not-in-family,White,Female,0,0,30,United-States,<=50K
57,Private,220262,Assoc-acdm,12,Divorced,Tech-support,Not-in-family,White,Female,0,0,40,United-States,<=50K
46,Private,344415,Doctorate,16,Married-civ-spouse,Prof-specialty,Husband,White,Male,0,0,40,United-States,>50K.
27,Self-emp-not-inc,115438,HS-grad,9,Married-civ-spouse,Craft-repair,Husband,White,Male,0,0,60,Ireland,>50K.
27,Private,158156,Doctorate,16,Never-married,Prof-specialty,Not-in-family,White,Female,0,0,70,United-States,<=50K
41,Private,195821,Doctorate,16,Married-civ-spouse,Exec-managerial,Wife,White,Female,0,1902,40,United-States,>50K.
22,Private,113062,Bachelors,13,Never-married,Prof-specialty,Own-child,White,Female,0,0,40,United-States,<=50K
37,Private,196434,Some-college,10,Married-civ-spouse,Sales,Husband,White,Male,0,0,40,United-States,>50K.
28,Private,213276,HS-grad,9,Married-civ-spouse,Exec-managerial,Husband,White,Male,0,0,50,United-States,<=50K
51,Private,241745,5th-6th,3,Separated,Machine-op-inspct,Unmarried,White,Female,0,0,40,Mexico,<=50K
49,Self-emp-inc,201080,Some-college,10,Divorced,Craft-repair,Not-in-family,White,Male,0,0,55,United-States,<=50K
18,Private,78181,11th,7,Never-married,Other-service,Own-child,White,Female,0,0,30,United-States,<=50K
44,Federal-gov,320451,Bachelors,13,Married-civ-spouse,Prof-specialty,Husband,Asian-Pac-Islander,Male,15024,0,40,Philippines,>50K.
43,Private,383670,HS-grad,9,Married-civ-spouse,Craft-repair,Husband,White,Male,0,1902,40,United-States,>50K.
18,Private,243240,HS-grad,9,Never-married,Machine-op-inspct,Not-in-family,White,Male,0,0,37,United-States,<=50K
26,Private,190027,10th,6,Divorced,Handlers-cleaners,Not-in-family,White,Female,0,0,30,United-States,<=50K
36,Private,379522,HS-grad,9,Married-civ-spouse,Craft-repair,Husband,White,Male,15024,0,40,United-States,>50K.
33,Private,89360,HS-grad,9,Married-civ-spouse,Transport-moving,Husband,Black,Male,5178,0,55,United-States,>50K.
47,Federal-gov,187581,Bachelors,13,Married-civ-spouse,Adm-clerical,Husband,White,Male,0,0,48,United-States,>50K.
43,Self-emp-inc,375807,Bachelors,13,Married-civ-spouse,Sales,Husband,White,Male,0,1977,60,United-States,>50K.
34,Self-emp-not-inc,321709,Assoc-acdm,12,Never-married,Prof-specialty,Not-in-family,White,Female,0,0,25,United-States,<=50K
37,Private,258827,Bachelors,13,Married-civ-spouse,Sales,Husband,White,Male,0,0,50,United-States,>50K.
26,Private,126829,Some-college,10,Never-married,Sales,Not-in-family,White,Male,0,0,40,United-States,<=50K
33,Private,176410,Masters,14,Married-civ-spouse,Prof-specialty,Wife,White,Female,5178,0,10,United-States,>50K.
40,State-gov,353687,HS-grad,9,Married-civ-spouse,Exec-managerial,Wife,White,Female,0,0,40,United-States,>50K.
48,Private,197836,Some-college,10,Married-civ-spouse,Machine-op-inspct,Husband,White,Male,0,0,40,United-States,>50K.
43,Self-emp-inc,49249,Assoc-acdm,12,Married-civ-spouse,Exec-managerial,Husband,White,Male,0,0,50,United-States,>50K.
30,Private,206923,Assoc-acdm,12,Married-civ-spouse,Exec-managerial,Wife,Other,Female,0,1977,40,United-States,>50K.
21,Private,145964,12th,8,Never-married,Farming-fishing,Not-in-family,White,Male,0,0,40,United-States,<=50K
21,Private,222490,Assoc-voc,11,Never-married,Adm-clerical,Own-child,White,Female,0,0,40,United-States,<=50K
21,Private,417668,Some-college,10,Never-married,Other-service,Own-child,White,Male,0,0,20,United-States,<=50K
17,Private,197732,11th,7,Never-married,Other-service,Own-child,White,Female,0,0,12,United-States,<=50K
36,Private,126675,Bachelors,13,Married-civ-spouse,Prof-specialty,Husband,White,Male,0,0,45,United-States,>50K.
34,Private,206609,Some-college,10,Never-married,Sales,Unmarried,White,Male,0,0,35,United-States,<=50K
28,Private,231197,10th,6,Married-spouse-absent,Craft-repair,Unmarried,White,Male,0,0,40,Mexico,<=50K
32,Private,168138,Assoc-acdm,12,Divorced,Sales,Not-in-family,White,Male,2597,0,48,United-States,<=50K
33,Private,187802,Bachelors,13,Married-civ-spouse,Adm-clerical,Wife,White,Female,0,1887,40,United-States,>50K.
72,Private,108038,Masters,14,Divorced,Prof-specialty,Not-in-family,White,Male,0,0,60,Cuba,>50K.
23,Private,201682,Bachelors,13,Married-civ-spouse,Adm-clerical,Other-relative,White,Female,0,0,40,United-States,<=50K
34,Private,309513,HS-grad,9,Married-civ-spouse,Machine-op-inspct,Husband,White,Male,0,0,40,United-States,<=50K
29,State-gov,214881,Bachelors,13,Married-civ-spouse,Prof-specialty,Husband,White,Male,0,0,40,Honduras,>50K.
27,Private,384308,Some-college,10,Never-married,Craft-repair,Not-in-family,White,Male,0,0,45,United-States,<=50K
40,Private,41888,Some-college,10,Married-civ-spouse,Transport-moving,Husband,Black,Male,0,2415,70,United-States,>50K.
47,Private,198901,HS-grad,9,Married-civ-spouse,Craft-repair,Husband,White,Male,0,0,48,United-States,<=50K
46,Private,149949,7th-8th,4,Married-civ-spouse,Transport-moving,Husband,White,Male,0,0,40,United-States,<=50K
31,Private,77634,Assoc-voc,11,Married-civ-spouse,Other-service,Husband,White,Male,0,0,42,United-States,<=50K
45,Private,387074,Assoc-voc,11,Married-civ-spouse,Craft-repair,Husband,White,Male,0,0,40,United-States,<=50K
34,Private,134886,Some-college,10,Never-married,Adm-clerical,Not-in-family,White,Female,0,0,40,United-States,<=50K
32,Self-emp-not-inc,292465,Some-college,10,Married-civ-spouse,Exec-managerial,Husband,White,Male,0,0,35,United-States,>50K.
34,Private,178615,HS-grad,9,Never-married,Handlers-cleaners,Not-in-family,White,Male,0,0,40,United-States,<=50K
46,Private,203785,Some-college,10,Married-civ-spouse,Sales,Husband,White,Male,0,0,40,United-States,>50K.
19,Private,138760,HS-grad,9,Never-married,Machine-op-inspct,Own-child,White,Male,0,0,40,United-States,<=50K
24,State-gov,163480,Masters,14,Never-married,Adm-clerical,Not-in-family,Black,Female,0,0,40,United-States,<=50K
46,Self-emp-inc,340651,Bachelors,13,Married-civ-spouse,Other-service,Husband,Black,Male,0,1977,60,United-States,>50K.
37,Private,195189,Some-college,10,Divorced,Other-service,Unmarried,Black,Female,0,0,40,United-States,<=50K
32,Private,235109,Some-college,10,Divorced,Adm-clerical,Unmarried,White,Female,0,0,40,United-States,<=50K
57,Private,161944,Some-college,10,Married-civ-spouse,Prof-specialty,Husband,White,Male,7688,0,60,United-States,>50K.
26,Private,179633,HS-grad,9,Never-married,Tech-support,Other-relative,White,Male,0,0,40,United-States,<=50K
53,Private,196328,Bachelors,13,Married-civ-spouse,Exec-managerial,Husband,Black,Male,0,0,40,United-States,<=50K
76,Private,97077,10th,6,Widowed,Sales,Unmarried,Black,Female,0,0,12,United-States,<=50K
36,Private,228190,HS-grad,9,Married-civ-spouse,Handlers-cleaners,Husband,Black,Male,0,0,20,United-States,<=50K
43,Self-emp-not-inc,147269,10th,6,Married-civ-spouse,Craft-repair,Husband,White,Male,0,0,60,?,<=50K
54,Private,317733,Doctorate,16,Widowed,Tech-support,Unmarried,White,Male,0,2472,40,United-States,>50K.
18,Private,145005,Some-college,10,Never-married,Other-service,Own-child,White,Male,0,0,20,United-States,<=50K
45,Self-emp-not-inc,328051,Masters,14,Never-married,Prof-specialty,Not-in-family,White,Female,0,0,60,United-States,<=50K
38,Private,161016,Some-college,10,Divorced,Prof-specialty,Not-in-family,White,Female,0,0,32,United-States,<=50K
27,Private,376150,Some-college,10,Married-spouse-absent,Sales,Not-in-family,White,Female,0,0,25,United-States,<=50K
19,Private,418176,HS-grad,9,Never-married,Exec-managerial,Not-in-family,Black,Male,0,0,32,United-States,<=50K
29,Local-gov,195520,Masters,14,Married-civ-spouse,Prof-specialty,Husband,White,Male,0,0,40,United-States,<=50K
39,State-gov,252662,Doctorate,16,Never-married,Prof-specialty,Not-in-family,White,Male,0,2824,50,United-States,>50K.
51,Private,184529,HS-grad,9,Married-civ-spouse,Sales,Husband,White,Male,0,1977,50,United-States,>50K.
39,Local-gov,20308,Bachelors,13,Married-civ-spouse,Prof-specialty,Husband,White,Male,0,0,40,United-States,>50K.
70,Self-emp-inc,243436,9th,5,Divorced,Sales,Not-in-family,White,Male,0,0,45,United-States,<=50K
26,Private,35917,Some-college,10,Never-married,Transport-moving,Not-in-family,White,Male,0,0,50,United-States,<=50K
22,?,219941,Some-college,10,Never-married,?,Own-child,Black,Male,0,0,40,United-States,<=50K
20,Private,82777,HS-grad,9,Married-civ-spouse,Sales,Own-child,White,Male,0,0,40,United-States,<=50K
57,Self-emp-not-inc,204387,Bachelors,13,Married-civ-spouse,Exec-managerial,Husband,White,Male,0,1977,10,United-States,>50K.
69,?,262352,Some-college,10,Married-civ-spouse,?,Husband,White,Male,0,0,32,United-States,<=50K
18,Private,201901,HS-grad,9,Never-married,Handlers-cleaners,Own-child,White,Female,0,1719,15,United-States,<=50K
35,Private,173586,HS-grad,9,Married-civ-spouse,Craft-repair,Husband,White,Male,0,0,45,United-States,>50K.
37,Private,105044,Bachelors,13,Married-civ-spouse,Prof-specialty,Husband,White,Male,0,0,40,United-States,>50K.
41,Federal-gov,46366,Bachelors,13,Married-civ-spouse,Exec-managerial,Wife,Black,Female,0,0,50,United-States,>50K.
47,Local-gov,284871,Prof-school,15,Married-civ-spouse,Prof-specialty,Husband,White,Male,0,0,35,United-States,>50K.
23,?,22966,Bachelors,13,Never-married,?,Own-child,White,Male,0,0,35,United-States,<=50K
57,Private,220986,HS-grad,9,Married-civ-spouse,Sales,Husband,White,Male,0,0,40,United-States,>50K.
35,State-gov,88215,Bachelors,13,Married-civ-spouse,Prof-specialty,Wife,Asian-Pac-Islander,Female,0,0,40,Philippines,>50K.
30,Private,247444,Some-college,10,Married-civ-spouse,Machine-op-inspct,Husband,White,Male,0,0,40,Nicaragua,<=50K
27,Private,189462,Masters,14,Never-married,Adm-clerical,Not-in-family,White,Female,0,0,46,United-States,<=50K
29,Private,106153,HS-grad,9,Never-married,Craft-repair,Not-in-family,White,Male,0,0,50,United-States,<=50K
39,Private,252445,Masters,14,Married-civ-spouse,Prof-specialty,Husband,White,Male,0,0,45,United-States,>50K.
57,Private,206206,11th,7,Married-civ-spouse,Craft-repair,Husband,White,Male,0,0,40,United-States,>50K.
53,Private,358056,11th,7,Divorced,Other-service,Unmarried,White,Female,0,0,40,United-States,<=50K
38,Private,339677,Masters,14,Divorced,Tech-support,Unmarried,White,Female,0,0,40,,>50K.
41,Local-gov,97064,Assoc-voc,11,Divorced,Adm-clerical,Unmarried,White,Female,0,0,44,United-States,<=50K
46,Private,140782,Assoc-acdm,12,Divorced,Prof-specialty,Not-in-family,White,Female,0,0,50,United-States,<=50K
35,Private,188391,Bachelors,13,Married-civ-spouse,Exec-managerial,Husband,White,Male,0,0,55,United-States,>50K.
56,Private,177271,Masters,14,Married-civ-spouse,Exec-managerial,Husband,White,Male,0,0,50,United-States,>50K.
36,Private,207853,Bachelors,13,Married-civ-spouse,Sales,Husband,White,Male,15024,0,65,United-States,>50K.
41,Private,174189,9th,5,Separated,Other-service,Not-in-family,White,Male,0,0,40,United-States,<=50K
47,Self-emp-inc,77764,Bachelors,13,Married-civ-spouse,Prof-specialty,Husband,White,Male,0,0,60,United-States,>50K.
29,Private,231148,Bachelors,13,Married-civ-spouse,Prof-specialty,Husband,White,Male,0,0,50,United-States,>50K.
22,Private,147397,Bachelors,13,Never-married,Farming-fishing,Not-in-family,White,Male,0,0,20,United-States,<=50K
52,Private,155233,Some-college,10,Divorced,Adm-clerical,Unmarried,White,Female,0,0,40,United-States,<=50K
41,Private,106501,Assoc-acdm,12,Married-civ-spouse,Exec-managerial,Husband,White,Male,7688,0,50,United-States,>50K.
30,Private,35644,HS-grad,9,Never-married,Other-service,Own-child,White,Male,0,0,10,United-States,<=50K
24,Private,321435,Bachelors,13,Married-civ-spouse,Farming-fishing,Husband,White,Male,0,0,35,United-States,>50K.
34,State-gov,50178,Some-college,10,Married-civ-spouse,Exec-managerial,Husband,White,Male,0,0,38,United-States,<=50K
70,?,92593,Some-college,10,Widowed,?,Not-in-family,White,Female,0,0,25,United-States,<=50K
57,Local-gov,317690,Masters,14,Married-civ-spouse,Exec-managerial,Husband,White,Male,7688,0,60,United-States,>50K.
35,Private,180131,Bachelors,13,Separated,Sales,Not-in-family,White,Male,0,0,50,United-States,>50K.
51,Private,126010,HS-grad,9,Married-civ-spouse,Craft-repair,Husband,White,Male,0,0,40,United-States,<=50K
32,Private,246038,Bachelors,13,Never-married,Prof-specialty,Not-in-family,White,Male,0,0,40,United-States,>50K.
34,Self-emp-not-inc,136204,Bachelors,13,Married-civ-spouse,Prof-specialty,Husband,White,Male,0,1902,32,United-States,>50K.
33,Private,240979,Some-college,10,Never-married,Exec-managerial,Not-in-family,White,Male,0,0,40,United-States,<=50K
33,Federal-gov,188246,HS-grad,9,Married-civ-spouse,Craft-repair,Husband,White,Male,0,0,40,United-States,<=50K
52,Private,357596,Some-college,10,Married-civ-spouse,Sales,Husband,White,Male,0,0,48,United-States,>50K.
33,Self-emp-not-inc,141118,Prof-school,15,Married-civ-spouse,Prof-specialty,Wife,White,Female,0,0,55,United-States,>50K.
33,Self-emp-not-inc,37232,Assoc-voc,11,Divorced,Craft-repair,Not-in-family,White,Male,10520,0,80,United-States,>50K.
29,Private,205903,HS-grad,9,Never-married,Other-service,Own-child,White,Male,0,0,40,United-States,<=50K
35,Private,152734,Some-college,10,Married-civ-spouse,Protective-serv,Husband,Black,Male,0,0,40,?,<=50K
34,Private,215047,Some-college,10,Never-married,Exec-managerial,Not-in-family,White,Male,0,0,45,United-States,<=50K
43,Private,185860,Bachelors,13,Married-civ-spouse,Prof-specialty,Husband,White,Male,0,0,40,United-States,>50K.
40,State-gov,385357,Bachelors,13,Married-civ-spouse,Protective-serv,Husband,White,Male,0,0,72,United-States,>50K.
31,Private,220690,Some-college,10,Divorced,Craft-repair,Not-in-family,White,Male,0,0,80,United-States,<=50K
41,Private,54422,Assoc-acdm,12,Married-civ-spouse,Prof-specialty,Wife,White,Female,0,0,40,United-States,>50K.
26,Private,158846,HS-grad,9,Married-civ-spouse,Machine-op-inspct,Husband,White,Male,0,0,45,United-States,<=50K
42,Private,46019,Some-college,10,Married-civ-spouse,Craft-repair,Husband,Amer-Indian-Eskimo,Male,5178,0,50,United-States,>50K.
43,State-gov,125831,Bachelors,13,Never-married,Prof-specialty,Own-child,White,Male,99999,0,60,United-States,>50K.
61,Private,328881,Bachelors,13,Married-civ-spouse,Prof-specialty,Husband,White,Male,0,1902,40,United-States,>50K.
57,Private,172291,HS-grad,9,Divorced,Adm-clerical,Other-relative,Black,Female,0,0,40,United-States,<=50K
34,Private,116910,HS-grad,9,Married-civ-spouse,Craft-repair,Husband,White,Male,0,0,50,United-States,<=50K
63,State-gov,99823,Some-college,10,Married-civ-spouse,Protective-serv,Husband,White,Male,0,0,32,United-States,<=50K
31,Private,323985,HS-grad,9,Married-civ-spouse,Exec-managerial,Wife,White,Female,0,0,40,United-States,>50K.
33,Private,392812,Some-college,10,Married-civ-spouse,Sales,Husband,White,Male,0,0,45,United-States,>50K.
26,Private,34393,Some-college,10,Divorced,Adm-clerical,Not-in-family,White,Female,0,0,40,United-States,<=50K
42,Local-gov,175674,9th,5,Married-civ-spouse,Other-service,Husband,White,Male,0,0,40,United-States,<=50K
38,Private,108293,Some-college,10,Married-civ-spouse,Exec-managerial,Wife,White,Female,0,0,45,United-States,>50K.
62,Federal-gov,159165,HS-grad,9,Widowed,Exec-managerial,Not-in-family,White,Female,0,0,36,United-States,<=50K
58,State-gov,200316,HS-grad,9,Married-civ-spouse,Craft-repair,Husband,White,Male,0,0,40,United-States,<=50K
31,Local-gov,164243,HS-grad,9,Married-civ-spouse,Protective-serv,Husband,White,Male,0,0,55,United-States,>50K.
31,Private,263561,Bachelors,13,Married-civ-spouse,Craft-repair,Husband,White,Male,0,0,40,United-States,>50K.
29,Private,123200,Some-college,10,Married-civ-spouse,Machine-op-inspct,Husband,Other,Male,0,2415,40,Puerto-Rico,>50K.
38,Private,179481,Some-college,10,Married-civ-spouse,Exec-managerial,Husband,White,Male,0,0,45,United-States,>50K.
35,Self-emp-not-inc,269300,Bachelors,13,Never-married,Other-service,Not-in-family,Black,Female,0,0,60,United-States,<=50K
31,Private,172865,5th-6th,3,Never-married,Farming-fishing,Own-child,White,Male,0,0,25,Mexico,<=50K
40,Private,385266,Some-college,10,Married-civ-spouse,Machine-op-inspct,Husband,White,Male,0,0,40,United-States,>50K.
47,?,186805,HS-grad,9,Married-civ-spouse,?,Not-in-family,White,Female,0,0,35,United-States,<=50K
49,Private,178749,Masters,14,Married-spouse-absent,Adm-clerical,Unmarried,White,Female,0,0,40,United-States,<=50K
37,Private,248010,Some-college,10,Married-civ-spouse,Machine-op-inspct,Husband,White,Male,0,1887,40,United-States,>50K.
61,Private,182163,Some-college,10,Married-civ-spouse,Prof-specialty,Husband,White,Male,0,1902,40,United-States,>50K.
37,Private,198216,Assoc-acdm,12,Divorced,Tech-support,Not-in-family,White,Female,0,0,40,United-States,<=50K
33,State-gov,357691,Masters,14,Married-civ-spouse,Protective-serv,Husband,Black,Male,0,0,40,United-States,<=50K
66,Self-emp-not-inc,34218,HS-grad,9,Married-civ-spouse,Transport-moving,Husband,White,Male,0,0,50,United-States,>50K.
43,Private,288829,Assoc-voc,11,Married-civ-spouse,Protective-serv,Husband,White,Male,0,1902,42,United-States,>50K.
56,Self-emp-inc,124137,Prof-school,15,Married-civ-spouse,Prof-specialty,Husband,White,Male,99999,0,45,United-States,>50K.
35,Private,509462,Bachelors,13,Never-married,Exec-managerial,Not-in-family,White,Female,0,0,45,United-States,<=50K
18,Private,53109,11th,7,Never-married,Other-service,Own-child,Amer-Indian-Eskimo,Male,0,0,20,United-States,<=50K
52,Private,259323,HS-grad,9,Married-civ-spouse,Craft-repair,Husband,White,Male,0,0,40,United-States,>50K.
20,?,220115,HS-grad,9,Never-married,?,Own-child,White,Male,0,0,12,United-States,<=50K
45,Private,101656,10th,6,Never-married,Machine-op-inspct,Not-in-family,Asian-Pac-Islander,Male,0,0,40,Vietnam,<=50K
41,Self-emp-inc,130126,Some-college,10,Married-civ-spouse,Farming-fishing,Husband,White,Male,0,0,60,United-States,>50K.
22,Private,156822,10th,6,Never-married,Sales,Not-in-family,White,Female,0,1762,25,United-States,<=50K
24,Private,206008,Assoc-acdm,12,Never-married,Prof-specialty,Own-child,Black,Male,0,0,20,United-States,<=50K
21,Private,138768,Some-college,10,Never-married,Sales,Other-relative,White,Male,0,0,40,United-States,<=50K
36,Private,149833,HS-grad,9,Married-civ-spouse,Exec-managerial,Wife,White,Female,0,0,40,United-States,<=50K
55,Private,223613,1st-4th,2,Divorced,Priv-house-serv,Unmarried,White,Female,0,0,30,Cuba,<=50K
43,Self-emp-not-inc,95246,Prof-school,15,Married-civ-spouse,Prof-specialty,Wife,White,Female,0,0,5,United-States,>50K.
62,State-gov,159699,Bachelors,13,Married-civ-spouse,Adm-clerical,Husband,White,Male,0,0,38,United-States,<=50K
18,?,151463,11th,7,Never-married,?,Other-relative,White,Male,0,0,7,United-States,<=50K
27,Private,60288,Masters,14,Never-married,Sales,Own-child,White,Female,0,0,40,United-States,<=50K
21,?,230397,Some-college,10,Never-married,?,Own-child,White,Female,0,0,5,United-States,<=50K
34,Private,130078,Masters,14,Married-civ-spouse,Prof-specialty,Wife,White,Female,7688,0,32,,>50K.
29,Private,71067,Prof-school,15,Never-married,Prof-specialty,Not-in-family,White,Female,0,0,55,United-States,<=50K
28,Private,356555,Some-college,10,Married-civ-spouse,Exec-managerial,Husband,White,Male,0,0,48,United-States,<=50K
26,Local-gov,150553,Bachelors,13,Never-married,Adm-clerical,Own-child,Asian-Pac-Islander,Female,0,0,50,United-States,<=50K
41,Private,43501,Some-college,10,Married-civ-spouse,Tech-support,Husband,White,Male,0,0,40,United-States,>50K.
19,Private,250818,Some-college,10,Never-married,Adm-clerical,Not-in-family,White,Male,0,0,40,United-States,<=50K
30,Private,226296,Masters,14,Married-civ-spouse,Prof-specialty,Husband,White,Male,0,0,40,United-States,>50K.
42,Private,263339,HS-grad,9,Married-civ-spouse,Craft-repair,Husband,White,Male,5178,0,40,United-States,>50K.
56,Self-emp-not-inc,121362,Bachelors,13,Married-civ-spouse,Exec-managerial,Wife,White,Female,15024,0,40,United-States,>50K.
21,Private,143604,Some-college,10,Never-married,Sales,Own-child,White,Female,0,0,8,United-States,<=50K
60,Private,156889,Some-college,10,Divorced,Adm-clerical,Not-in-family,White,Female,0,0,40,United-States,<=50K
49,Private,27802,Some-college,10,Married-civ-spouse,Craft-repair,Husband,White,Male,0,1887,40,United-States,>50K.
34,Private,334744,Masters,14,Married-civ-spouse,Adm-clerical,Husband,White,Male,0,0,50,United-States,>50K.
52,Private,279543,Some-college,10,Married-civ-spouse,Sales,Husband,White,Male,0,0,60,Cuba,>50K.
59,Private,318450,Bachelors,13,Married-civ-spouse,Exec-managerial,Husband,White,Male,0,0,50,United-States,>50K.
33,Self-emp-not-inc,24504,HS-grad,9,Separated,Craft-repair,Other-relative,White,Male,0,0,50,United-States,<=50K
25,Private,190107,HS-grad,9,Married-civ-spouse,Craft-repair,Husband,White,Male,0,0,40,United-States,>50K.
37,Private,326886,HS-grad,9,Married-civ-spouse,Transport-moving,Husband,White,Male,0,0,40,United-States,<=50K
67,Private,131656,Bachelors,13,Married-civ-spouse,Transport-moving,Husband,White,Male,0,2392,24,United-States,>50K.
45,Private,121676,Some-college,10,Married-civ-spouse,Prof-specialty,Wife,White,Female,0,0,36,United-States,>50K.
39,Private,126569,Some-college,10,Married-civ-spouse,Adm-clerical,Husband,White,Male,0,0,40,United-States,>50K.
28,State-gov,134813,Bachelors,13,Never-married,Prof-specialty,Not-in-family,White,Male,0,0,65,United-States,>50K.
17,Private,89821,11th,7,Never-married,Other-service,Own-child,White,Male,0,0,10,United-States,<=50K
32,Private,160594,Bachelors,13,Never-married,Sales,Not-in-family,White,Male,0,1564,50,United-States,>50K.
67,Private,118363,Bachelors,13,Divorced,Exec-managerial,Not-in-family,White,Female,0,2206,5,United-States,<=50K
40,Private,56072,Masters,14,Divorced,Prof-specialty,Not-in-family,White,Male,0,0,20,United-States,<=50K
34,Private,60567,11th,7,Divorced,Transport-moving,Unmarried,White,Male,0,880,60,United-States,<=50K
21,Private,231160,Some-college,10,Never-married,Other-service,Own-child,White,Male,0,0,25,United-States,<=50K
41,Private,172712,Bachelors,13,Divorced,Tech-support,Unmarried,White,Female,0,0,40,United-States,>50K.
60,Private,334984,HS-grad,9,Divorced,Adm-clerical,Unmarried,White,Female,0,2231,40,United-States,>50K.
79,Private,266119,Bachelors,13,Married-civ-spouse,Sales,Husband,White,Male,0,0,40,United-States,<=50K
49,Private,148549,Bachelors,13,Married-civ-spouse,Prof-specialty,Husband,White,Male,0,0,55,United-States,>50K.
32,Private,173998,Some-college,10,Never-married,Adm-clerical,Not-in-family,White,Female,0,0,60,United-States,<=50K
32,Private,174201,HS-grad,9,Married-civ-spouse,Handlers-cleaners,Husband,White,Male,0,0,38,United-States,>50K.
64,Self-emp-not-inc,253759,Some-college,10,Married-civ-spouse,Sales,Husband,White,Male,0,1977,50,United-States,>50K.
54,Self-emp-not-inc,118365,10th,6,Divorced,Other-service,Not-in-family,Black,Female,0,0,10,United-States,<=50K
17,Private,104232,10th,6,Never-married,Other-service,Own-child,White,Male,0,0,10,United-States,<=50K
24,Private,119156,HS-grad,9,Never-married,Handlers-cleaners,Own-child,White,Male,0,0,40,United-States,<=50K
22,Private,162869,Some-college,10,Never-married,Sales,Other-relative,White,Male,0,0,65,United-States,<=50K
19,Private,120277,HS-grad,9,Never-married,Other-service,Not-in-family,White,Female,0,0,30,United-States,<=50K
39,Private,132879,Doctorate,16,Married-civ-spouse,Exec-managerial,Husband,White,Male,0,0,42,United-States,>50K.
27,Private,118799,HS-grad,9,Divorced,Adm-clerical,Not-in-family,White,Female,0,0,40,United-States,<=50K
23,Private,322674,Some-college,10,Never-married,Handlers-cleaners,Not-in-family,White,Male,0,0,40,United-States,<=50K
25,Private,44363,HS-grad,9,Never-married,Handlers-cleaners,Not-in-family,White,Male,0,0,35,United-States,<=50K
31,Private,197886,Bachelors,13,Married-civ-spouse,Exec-managerial,Husband,White,Male,0,0,50,United-States,>50K.
34,Private,163581,HS-grad,9,Never-married,Other-service,Not-in-family,White,Male,10520,0,40,Puerto-Rico,>50K.
44,Private,297991,Assoc-acdm,12,Never-married,Exec-managerial,Not-in-family,Asian-Pac-Islander,Female,0,0,50,United-States,<=50K
59,Private,178282,HS-grad,9,Married-civ-spouse,Machine-op-inspct,Husband,White,Male,7688,0,40,United-States,>50K.
56,Private,226985,Assoc-acdm,12,Married-civ-spouse,Other-service,Husband,White,Male,0,0,50,United-States,<=50K
41,Private,178431,HS-grad,9,Married-civ-spouse,Craft-repair,Husband,Asian-Pac-Islander,Male,0,0,40,Taiwan,<=50K
32,Private,364657,Bachelors,13,Married-civ-spouse,Prof-specialty,Husband,White,Male,0,0,50,United-States,>50K.
37,Private,213726,HS-grad,9,Divorced,Machine-op-inspct,Not-in-family,Asian-Pac-Islander,Female,0,0,40,Philippines,<=50K
17,?,89870,10th,6,Never-married,?,Own-child,White,Male,0,0,40,United-States,<=50K
36,Private,177907,Some-college,10,Married-civ-spouse,Machine-op-inspct,Husband,White,Male,0,0,65,United-States,<=50K
39,Private,219155,HS-grad,9,Married-civ-spouse,Machine-op-inspct,Husband,White,Male,0,0,43,United-States,<=50K
43,Self-emp-not-inc,277647,HS-grad,9,Married-civ-spouse,Exec-managerial,Husband,White,Male,0,0,35,United-States,<=50K
47,Local-gov,162236,Bachelors,13,Divorced,Prof-specialty,Not-in-family,White,Female,0,0,35,United-States,>50K.
27,Self-emp-not-inc,357283,HS-grad,9,Never-married,Sales,Not-in-family,Black,Male,0,0,40,United-States,<=50K
37,Private,98644,Bachelors,13,Married-civ-spouse,Prof-specialty,Wife,White,Female,0,0,16,,>50K.
27,Private,168470,Bachelors,13,Never-married,Exec-managerial,Not-in-family,White,Male,0,0,40,United-States,<=50K
19,?,182609,HS-grad,9,Never-married,?,Own-child,Black,Female,0,0,25,United-States,<=50K
47,Federal-gov,231797,Bachelors,13,Married-civ-spouse,Exec-managerial,Husband,White,Male,0,1977,55,United-States,>50K.
55,Private,160303,HS-grad,9,Widowed,Adm-clerical,Other-relative,White,Female,0,0,40,United-States,<=50K
34,Private,111567,Some-college,10,Never-married,Exec-managerial,Not-in-family,White,Male,0,0,40,United-States,>50K.
53,Private,374588,HS-grad,9,Married-civ-spouse,Transport-moving,Husband,Black,Male,0,0,60,United-States,<=50K
59,Self-emp-inc,36085,Prof-school,15,Married-civ-spouse,Prof-specialty,Husband,White,Male,15024,0,60,United-States,>50K.
45,Federal-gov,126754,Masters,14,Married-civ-spouse,Prof-specialty,Husband,White,Male,0,0,45,United-States,>50K.
35,Private,144322,HS-grad,9,Divorced,Machine-op-inspct,Unmarried,White,Female,0,0,40,United-States,<=50K
38,Private,202937,Assoc-acdm,12,Married-civ-spouse,Adm-clerical,Wife,White,Female,0,0,40,United-States,>50K.
55,Private,342121,Some-college,10,Married-civ-spouse,Tech-support,Husband,White,Male,0,0,40,United-States,<=50K
38,Private,154410,HS-grad,9,Married-civ-spouse,Craft-repair,Husband,White,Male,0,2051,40,Poland,<=50K
39,Private,115422,HS-grad,9,Married-civ-spouse,Farming-fishing,Husband,White,Male,0,0,30,United-States,<=50K
51,Private,135388,12th,8,Widowed,Machine-op-inspct,Not-in-family,White,Male,0,1564,40,United-States,>50K.
56,Private,191330,Some-college,10,Married-civ-spouse,Craft-repair,Husband,White,Male,0,0,40,United-States,>50K.
55,Self-emp-not-inc,170350,HS-grad,9,Divorced,Other-service,Other-relative,White,Female,0,0,40,United-States,<=50K
70,Local-gov,176493,Some-college,10,Widowed,Adm-clerical,Not-in-family,White,Female,0,0,17,United-States,<=50K
66,Self-emp-inc,107627,HS-grad,9,Married-civ-spouse,Sales,Husband,White,Male,0,0,60,United-States,>50K.
41,Private,41901,Some-college,10,Never-married,Craft-repair,Not-in-family,White,Male,0,1408,40,United-States,<=50K
33,Private,127651,Bachelors,13,Never-married,Sales,Not-in-family,White,Male,8614,0,40,United-States,>50K.
21,Private,301408,Some-college,10,Never-married,Sales,Own-child,White,Female,0,1602,22,United-States,<=50K
40,Private,355918,Bachelors,13,Married-civ-spouse,Craft-repair,Husband,White,Male,0,0,50,United-States,>50K.
47,Federal-gov,655066,Bachelors,13,Married-civ-spouse,Exec-managerial,Husband,Other,Male,0,0,40,Peru,>50K.
24,Private,108495,Some-college,10,Never-married,Adm-clerical,Own-child,White,Male,0,0,40,India,<=50K
18,Private,111476,11th,7,Never-married,Handlers-cleaners,Own-child,White,Male,0,0,40,United-States,<=50K
30,Private,111567,Some-college,10,Married-civ-spouse,Craft-repair,Husband,White,Male,0,0,40,United-States,>50K.
42,Local-gov,29075,Assoc-acdm,12,Married-civ-spouse,Prof-specialty,Wife,Amer-Indian-Eskimo,Female,0,0,40,United-States,<=50K
30,Self-emp-inc,127651,Bachelors,13,Married-civ-spouse,Exec-managerial,Husband,White,Male,15024,0,65,United-States,>50K.
45,Local-gov,198759,HS-grad,9,Married-civ-spouse,Exec-managerial,Husband,White,Male,0,1848,40,United-States,>50K.
39,Private,334366,Bachelors,13,Separated,Prof-specialty,Unmarried,White,Female,0,0,50,United-States,>50K.
20,Private,196745,Some-college,10,Never-married,Other-service,Own-child,White,Female,0,0,16,United-States,<=50K
34,Private,234537,Assoc-acdm,12,Divorced,Sales,Not-in-family,White,Male,0,0,40,United-States,<=50K
22,Private,54164,HS-grad,9,Never-married,Other-service,Not-in-family,White,Male,14084,0,60,United-States,>50K.
52,Private,279344,Masters,14,Married-civ-spouse,Exec-managerial,Wife,White,Female,15024,0,60,United-States,>50K.
62,,139391,7th-8th,4,Married-civ-spouse,,Husband,White,Male,0,0,40,Ireland,>50K.
41,Private,211731,Some-college,10,Never-married,Adm-clerical,Not-in-family,White,Female,0,0,40,Mexico,<=50K
49,Private,116641,Bachelors,13,Married-civ-spouse,Exec-managerial,Wife,White,Female,15024,0,35,United-States,>50K.
21,Private,184543,HS-grad,9,Never-married,Sales,Not-in-family,White,Female,0,0,40,United-States,<=50K
26,Private,201481,Bachelors,13,Never-married,Exec-managerial,Not-in-family,White,Female,0,0,40,United-States,<=50K
44,Private,214546,Some-college,10,Married-civ-spouse,Transport-moving,Husband,White,Male,0,0,48,United-States,>50K.
64,Local-gov,47298,Doctorate,16,Married-civ-spouse,Protective-serv,Husband,White,Male,0,0,45,United-States,>50K.
36,Private,208358,Some-college,10,Married-civ-spouse,Transport-moving,Husband,White,Male,0,0,40,United-States,>50K.
35,Private,189102,HS-grad,9,Married-civ-spouse,Exec-managerial,Husband,White,Male,0,0,55,United-States,>50K.
32,Self-emp-not-inc,29254,Some-college,10,Married-civ-spouse,Farming-fishing,Husband,White,Male,0,0,50,United-States,>50K.
45,Local-gov,197332,Bachelors,13,Never-married,Exec-managerial,Not-in-family,White,Male,0,0,40,United-States,<=50K
55,Local-gov,219775,HS-grad,9,Divorced,Other-service,Unmarried,White,Female,0,0,38,United-States,<=50K
33,Private,256062,Some-college,10,Never-married,Adm-clerical,Unmarried,White,Female,0,0,35,Puerto-Rico,<=50K
49,Private,182862,Some-college,10,Married-civ-spouse,Craft-repair,Husband,White,Male,7688,0,40,United-States,>50K.
30,Local-gov,176992,HS-grad,9,Married-civ-spouse,Transport-moving,Husband,White,Male,0,0,50,United-States,>50K.
22,Private,201268,Bachelors,13,Never-married,Sales,Own-child,White,Female,0,0,15,United-States,<=50K
47,Private,97842,Some-college,10,Married-civ-spouse,Craft-repair,Husband,White,Male,0,0,40,United-States,<=50K
31,Self-emp-inc,344275,HS-grad,9,Never-married,Craft-repair,Not-in-family,White,Male,0,0,44,United-States,<=50K
39,Private,65738,Masters,14,Never-married,Other-service,Not-in-family,White,Female,0,0,32,United-States,<=50K
55,Self-emp-inc,189933,HS-grad,9,Married-civ-spouse,Exec-managerial,Husband,White,Male,0,0,45,United-States,<=50K
37,Federal-gov,239409,HS-grad,9,Divorced,Exec-managerial,Not-in-family,White,Male,0,0,40,United-States,>50K.
52,Self-emp-inc,311259,HS-grad,9,Married-civ-spouse,Sales,Husband,White,Male,0,0,40,United-States,>50K.
34,Private,244147,HS-grad,9,Married-civ-spouse,Other-service,Husband,White,Male,0,0,40,United-States,>50K.
43,Private,306440,Prof-school,15,Never-married,Prof-specialty,Not-in-family,White,Male,0,0,66,France,<=50K
35,Private,274158,Bachelors,13,Married-civ-spouse,Protective-serv,Husband,Black,Male,3103,0,40,United-States,>50K.
47,Private,91972,HS-grad,9,Married-civ-spouse,Priv-house-serv,Wife,White,Female,0,0,35,United-States,>50K.
55,Private,178644,9th,5,Married-civ-spouse,Craft-repair,Husband,White,Male,0,0,55,United-States,<=50K
23,Private,174413,Bachelors,13,Never-married,Exec-managerial,Not-in-family,White,Female,0,0,40,United-States,<=50K
18,Private,130652,Some-college,10,Never-married,Adm-clerical,Own-child,White,Female,0,0,25,United-States,<=50K
37,Private,271013,HS-grad,9,Divorced,Handlers-cleaners,Not-in-family,White,Male,0,0,40,United-States,<=50K
23,Private,148709,HS-grad,9,Separated,Handlers-cleaners,Other-relative,White,Female,0,0,40,United-States,<=50K
67,Private,105252,Some-college,10,Divorced,Adm-clerical,Not-in-family,White,Male,7978,0,35,United-States,<=50K
62,Private,190610,Bachelors,13,Married-civ-spouse,Exec-managerial,Husband,White,Male,0,0,50,United-States,>50K.
39,Local-gov,282461,Assoc-voc,11,Married-civ-spouse,Protective-serv,Husband,White,Male,0,0,40,United-States,>50K.
26,Private,242768,Bachelors,13,Never-married,Prof-specialty,Not-in-family,White,Male,0,0,38,United-States,<=50K
22,State-gov,190625,Bachelors,13,Married-civ-spouse,Exec-managerial,Husband,White,Male,0,0,20,United-States,<=50K
48,Local-gov,97680,Masters,14,Married-civ-spouse,Prof-specialty,Wife,White,Female,15024,0,10,United-States,>50K.
43,Local-gov,23157,Masters,14,Married-civ-spouse,Exec-managerial,Husband,White,Male,0,1902,50,United-States,>50K.
46,Private,213611,7th-8th,4,Married-spouse-absent,Priv-house-serv,Unmarried,White,Female,0,1594,24,Guatemala,<=50K
30,Private,398827,HS-grad,9,Married-AF-spouse,Adm-clerical,Husband,White,Male,0,0,60,United-States,<=50K
23,Private,86065,12th,8,Never-married,Other-service,Not-in-family,White,Female,0,0,30,United-States,<=50K
35,Private,212195,HS-grad,9,Married-civ-spouse,Tech-support,Wife,White,Female,0,0,35,United-States,>50K.
62,Private,209844,Some-college,10,Divorced,Adm-clerical,Unmarried,White,Female,0,0,30,United-States,<=50K
37,Federal-gov,143547,Bachelors,13,Never-married,Prof-specialty,Not-in-family,White,Female,0,0,40,United-States,<=50K
39,Self-emp-not-inc,34378,HS-grad,9,Married-civ-spouse,Farming-fishing,Husband,White,Male,0,0,50,United-States,<=50K
21,?,80680,HS-grad,9,Never-married,?,Not-in-family,White,Female,0,0,40,United-States,<=50K
58,Private,119751,HS-grad,9,Married-civ-spouse,Priv-house-serv,Other-relative,Asian-Pac-Islander,Female,0,0,60,Philippines,<=50K
61,Private,142988,Some-college,10,Married-civ-spouse,Exec-managerial,Husband,White,Male,15024,0,45,United-States,>50K.
47,Federal-gov,303637,Bachelors,13,Married-civ-spouse,Prof-specialty,Husband,White,Male,0,0,60,United-States,>50K.
40,Self-emp-inc,142030,Bachelors,13,Married-civ-spouse,Exec-managerial,Wife,White,Female,0,0,55,United-States,>50K.
37,Self-emp-inc,347189,HS-grad,9,Married-civ-spouse,Exec-managerial,Husband,White,Male,0,0,55,United-States,>50K.
59,Self-emp-inc,145574,Assoc-voc,11,Married-civ-spouse,Exec-managerial,Husband,White,Male,0,0,40,United-States,>50K.
48,Private,224393,Assoc-voc,11,Married-civ-spouse,Adm-clerical,Husband,White,Male,0,0,40,United-States,>50K.
48,State-gov,224752,HS-grad,9,Married-civ-spouse,Adm-clerical,Wife,White,Female,0,0,40,United-States,>50K.
31,Private,203488,Bachelors,13,Married-civ-spouse,Sales,Husband,White,Male,0,1977,45,United-States,>50K.
29,Private,120126,Bachelors,13,Married-civ-spouse,Exec-managerial,Husband,White,Male,0,1848,40,United-States,>50K.
26,?,188343,HS-grad,9,Never-married,?,Unmarried,Black,Female,0,0,40,United-States,<=50K
40,Self-emp-inc,275366,HS-grad,9,Married-civ-spouse,Sales,Husband,White,Male,0,0,50,United-States,>50K.
37,Self-emp-inc,97986,Assoc-acdm,12,Married-civ-spouse,Sales,Husband,White,Male,0,0,68,United-States,<=50K
43,Self-emp-inc,153205,Prof-school,15,Married-civ-spouse,Prof-specialty,Husband,Asian-Pac-Islander,Male,0,0,70,India,>50K.
37,Private,129263,Some-college,10,Divorced,Exec-managerial,Unmarried,White,Female,0,0,60,United-States,<=50K
37,Private,73199,HS-grad,9,Married-civ-spouse,Handlers-cleaners,Husband,Asian-Pac-Islander,Male,0,0,40,United-States,>50K.
52,Private,335997,Bachelors,13,Married-civ-spouse,Tech-support,Husband,White,Male,7688,0,38,United-States,>50K.
17,Private,48610,11th,7,Never-married,Farming-fishing,Own-child,White,Male,0,0,45,United-States,<=50K
32,Private,153078,Bachelors,13,Never-married,Other-service,Not-in-family,Asian-Pac-Islander,Male,0,0,40,South,<=50K
71,Private,148003,Bachelors,13,Divorced,Sales,Not-in-family,White,Female,0,1911,38,United-States,>50K.
31,Self-emp-inc,49923,HS-grad,9,Married-civ-spouse,Exec-managerial,Husband,White,Male,0,0,40,United-States,<=50K
48,Private,196707,Assoc-voc,11,Married-civ-spouse,Craft-repair,Husband,White,Male,0,0,40,United-States,>50K.
59,Private,135647,11th,7,Married-civ-spouse,Sales,Husband,White,Male,0,0,60,United-States,<=50K
44,Self-emp-inc,248476,Some-college,10,Married-civ-spouse,Sales,Husband,White,Male,0,0,45,United-States,>50K.
30,Self-emp-not-inc,117944,HS-grad,9,Married-civ-spouse,Prof-specialty,Husband,White,Male,0,0,25,United-States,<=50K
18,?,28357,Some-college,10,Never-married,?,Own-child,White,Female,0,0,20,United-States,<=50K
42,Private,191429,HS-grad,9,Married-civ-spouse,Sales,Husband,White,Male,15024,0,60,United-States,>50K.
59,State-gov,139611,Prof-school,15,Married-civ-spouse,Prof-specialty,Husband,Asian-Pac-Islander,Male,0,1977,40,India,>50K.
21,Private,267040,10th,6,Never-married,Prof-specialty,Unmarried,Black,Female,0,0,40,United-States,<=50K
45,Local-gov,324550,Masters,14,Married-civ-spouse,Prof-specialty,Husband,White,Male,7688,0,40,United-States,>50K.
35,Private,95708,Bachelors,13,Married-civ-spouse,Sales,Husband,Asian-Pac-Islander,Male,7688,0,60,United-States,>50K.
26,Private,255193,11th,7,Married-civ-spouse,Exec-managerial,Husband,White,Male,3411,0,40,United-States,<=50K
51,Private,53838,Bachelors,13,Married-civ-spouse,Handlers-cleaners,Husband,White,Male,0,0,40,United-States,<=50K
43,Private,281138,HS-grad,9,Separated,Machine-op-inspct,Not-in-family,White,Female,0,0,40,United-States,<=50K
46,Private,105253,Masters,14,Married-civ-spouse,Prof-specialty,Husband,White,Male,0,1977,50,United-States,>50K.
44,Self-emp-inc,269733,Bachelors,13,Married-civ-spouse,Sales,Husband,White,Male,0,0,30,United-States,<=50K
33,Private,182792,HS-grad,9,Divorced,Other-service,Unmarried,White,Female,0,0,40,United-States,<=50K
35,Federal-gov,104858,Masters,14,Married-civ-spouse,Exec-managerial,Husband,White,Male,0,0,50,United-States,>50K.
56,Private,157786,HS-grad,9,Married-civ-spouse,Transport-moving,Husband,White,Male,0,0,48,United-States,>50K.
30,?,203834,Bachelors,13,Never-married,?,Not-in-family,Asian-Pac-Islander,Female,0,0,50,Taiwan,<=50K
18,Private,170544,11th,7,Never-married,Handlers-cleaners,Own-child,White,Male,0,0,20,United-States,<=50K
49,Self-emp-inc,172246,Bachelors,13,Married-civ-spouse,Sales,Husband,White,Male,99999,0,40,United-States,>50K.
66,Private,185336,HS-grad,9,Widowed,Sales,Other-relative,White,Female,0,0,35,United-States,<=50K
34,Private,167474,HS-grad,9,Married-civ-spouse,Sales,Husband,White,Male,0,0,50,United-States,<=50K
40,Private,94210,Bachelors,13,Married-civ-spouse,Sales,Husband,White,Male,0,0,50,United-States,>50K.
30,Private,198265,Bachelors,13,Married-civ-spouse,Prof-specialty,Husband,White,Male,0,0,40,United-States,>50K.
38,Private,241765,11th,7,Divorced,Handlers-cleaners,Not-in-family,White,Female,0,0,60,United-States,<=50K
22,Private,211798,Some-college,10,Never-married,Craft-repair,Own-child,White,Male,0,0,40,United-States,<=50K
50,Self-emp-inc,68898,Doctorate,16,Married-civ-spouse,Exec-managerial,Husband,White,Male,7688,0,60,United-States,>50K.
41,Self-emp-not-inc,38876,Assoc-voc,11,Married-civ-spouse,Farming-fishing,Husband,White,Male,0,0,60,United-States,<=50K
58,Private,138285,Assoc-acdm,12,Married-civ-spouse,Craft-repair,Husband,White,Male,0,1740,40,United-States,<=50K
33,Self-emp-not-inc,266674,Some-college,10,Married-civ-spouse,Craft-repair,Husband,White,Male,7298,0,56,United-States,>50K.
75,?,36243,Doctorate,16,Never-married,?,Not-in-family,White,Male,0,0,40,United-States,<=50K
40,Self-emp-inc,279914,Prof-school,15,Married-civ-spouse,Prof-specialty,Husband,White,Male,0,2415,40,United-States,>50K.
24,Private,360077,11th,7,Never-married,Prof-specialty,Own-child,White,Male,0,0,40,United-States,>50K.
35,Private,178948,Masters,14,Never-married,Prof-specialty,Unmarried,White,Female,0,0,32,United-States,<=50K
71,?,193863,7th-8th,4,Widowed,?,Other-relative,White,Female,0,0,16,Poland,<=50K
39,Federal-gov,235485,Assoc-acdm,12,Never-married,Exec-managerial,Not-in-family,White,Male,0,0,42,United-States,<=50K
51,Local-gov,184542,HS-grad,9,Married-civ-spouse,Machine-op-inspct,Husband,White,Male,0,0,40,United-States,<=50K
36,Private,178487,HS-grad,9,Divorced,Transport-moving,Own-child,White,Male,0,0,60,United-States,<=50K
75,Self-emp-not-inc,157778,Assoc-voc,11,Divorced,Prof-specialty,Not-in-family,White,Female,15831,0,50,United-States,>50K.
19,Private,414871,HS-grad,9,Never-married,Craft-repair,Own-child,White,Male,0,0,40,United-States,<=50K
38,Local-gov,202027,Bachelors,13,Married-civ-spouse,Exec-managerial,Husband,White,Male,0,0,40,United-States,>50K.
49,Private,175958,Bachelors,13,Married-civ-spouse,Exec-managerial,Husband,White,Male,0,0,46,United-States,>50K.
47,Private,318360,Assoc-acdm,12,Married-civ-spouse,Exec-managerial,Wife,White,Female,0,0,55,United-States,>50K.
19,Private,187161,Some-college,10,Never-married,Sales,Own-child,White,Female,0,0,25,United-States,<=50K
44,Self-emp-inc,63503,Bachelors,13,Married-civ-spouse,Sales,Husband,White,Male,0,0,60,Greece,>50K.
55,Private,28735,HS-grad,9,Divorced,Adm-clerical,Unmarried,Amer-Indian-Eskimo,Female,0,0,45,United-States,<=50K
27,Private,97165,Some-college,10,Never-married,Machine-op-inspct,Other-relative,White,Female,0,0,40,United-States,<=50K
35,Private,166193,HS-grad,9,Divorced,Machine-op-inspct,Own-child,White,Male,0,0,40,United-States,<=50K
30,Private,166961,Bachelors,13,Never-married,Prof-specialty,Own-child,White,Female,0,0,37,United-States,<=50K
53,Private,191565,1st-4th,2,Divorced,Other-service,Unmarried,Black,Female,0,0,40,Dominican-Republic,<=50K
34,Private,236861,HS-grad,9,Married-civ-spouse,Tech-support,Husband,White,Male,0,0,40,United-States,>50K.
48,Local-gov,204629,Doctorate,16,Married-civ-spouse,Prof-specialty,Husband,White,Male,15024,0,45,Canada,>50K.
59,Self-emp-not-inc,119344,10th,6,Married-civ-spouse,Exec-managerial,Wife,White,Female,0,0,36,United-States,<=50K
50,Private,221532,HS-grad,9,Married-civ-spouse,Craft-repair,Husband,White,Male,0,0,40,United-States,>50K.
48,Private,77404,Some-college,10,Married-civ-spouse,Exec-managerial,Husband,White,Male,0,0,60,United-States,>50K.
56,Private,65325,Bachelors,13,Married-civ-spouse,Adm-clerical,Husband,White,Male,0,0,50,United-States,<=50K
26,State-gov,294400,HS-grad,9,Married-civ-spouse,Protective-serv,Husband,White,Male,0,0,38,United-States,<=50K
46,Private,124356,Assoc-acdm,12,Married-civ-spouse,Tech-support,Husband,White,Male,0,0,40,United-States,>50K.
27,Private,493689,Bachelors,13,Never-married,Tech-support,Not-in-family,Black,Female,0,0,40,France,<=50K
44,Private,187702,HS-grad,9,Married-civ-spouse,Sales,Husband,White,Male,0,0,40,United-States,>50K.
62,Self-emp-not-inc,116626,Doctorate,16,Widowed,Exec-managerial,Not-in-family,White,Female,0,0,40,United-States,>50K.
62,Private,189665,Masters,14,Married-civ-spouse,Exec-managerial,Husband,White,Male,15024,0,40,United-States,>50K.
40,Private,174575,Bachelors,13,Married-civ-spouse,Exec-managerial,Husband,White,Male,0,0,45,United-States,>50K.
69,Private,370888,Assoc-acdm,12,Divorced,Adm-clerical,Not-in-family,White,Female,2964,0,6,Germany,<=50K
30,Private,455995,Some-college,10,Married-civ-spouse,Exec-managerial,Husband,White,Male,0,0,50,United-States,>50K.
48,Private,155781,Bachelors,13,Divorced,Prof-specialty,Not-in-family,White,Male,0,2231,30,United-States,>50K.
28,Private,191935,Assoc-acdm,12,Never-married,Sales,Own-child,White,Male,0,0,20,United-States,<=50K
47,Private,158924,Bachelors,13,Married-civ-spouse,Exec-managerial,Wife,White,Female,0,0,40,United-States,>50K.
42,Self-emp-inc,203233,Prof-school,15,Married-civ-spouse,Prof-specialty,Husband,White,Male,99999,0,99,United-States,>50K.
46,Private,188950,Bachelors,13,Married-civ-spouse,Craft-repair,Husband,White,Male,0,0,50,United-States,>50K.
37,Private,193952,HS-grad,9,Divorced,Other-service,Not-in-family,Black,Female,0,0,40,?,<=50K
57,Private,296152,Some-college,10,Divorced,Exec-managerial,Other-relative,White,Female,594,0,10,United-States,<=50K
54,Private,172962,Bachelors,13,Divorced,Prof-specialty,Not-in-family,White,Male,0,1340,40,United-States,<=50K
20,Private,298227,Some-college,10,Never-married,Sales,Not-in-family,White,Male,0,0,35,United-States,<=50K
60,Private,83861,HS-grad,9,Married-civ-spouse,Handlers-cleaners,Husband,White,Male,0,0,40,United-States,<=50K
31,Private,237317,9th,5,Never-married,Craft-repair,Not-in-family,Other,Male,0,0,45,United-States,<=50K
30,Self-emp-inc,68330,Some-college,10,Married-civ-spouse,Sales,Husband,White,Male,0,0,50,United-States,<=50K
50,Private,240612,HS-grad,9,Married-spouse-absent,Exec-managerial,Unmarried,White,Female,0,0,10,United-States,<=50K
51,Local-gov,248327,Bachelors,13,Married-civ-spouse,Transport-moving,Husband,Black,Male,0,0,40,United-States,>50K.
37,Private,110331,Prof-school,15,Married-civ-spouse,Other-service,Wife,White,Female,0,0,60,United-States,>50K.
65,Self-emp-not-inc,31740,Some-college,10,Widowed,Exec-managerial,Unmarried,White,Female,0,0,45,United-States,<=50K
39,Private,290922,Masters,14,Never-married,Prof-specialty,Own-child,White,Female,0,0,40,United-States,<=50K
37,Private,236328,10th,6,Married-civ-spouse,Craft-repair,Husband,White,Male,0,0,48,United-States,<=50K
31,Private,356410,Assoc-voc,11,Married-civ-spouse,Sales,Husband,White,Male,99999,0,40,United-States,>50K.
31,Private,103596,HS-grad,9,Married-civ-spouse,Sales,Husband,White,Male,0,0,55,United-States,>50K.
39,Private,170174,Assoc-voc,11,Never-married,Adm-clerical,Own-child,White,Male,14344,0,40,United-States,>50K.
76,Private,174839,Prof-school,15,Married-civ-spouse,Prof-specialty,Husband,White,Male,9386,0,25,United-States,>50K.
45,Private,229516,HS-grad,9,Married-spouse-absent,Craft-repair,Not-in-family,White,Male,0,0,72,Mexico,<=50K
52,Self-emp-not-inc,149508,Assoc-voc,11,Married-civ-spouse,Farming-fishing,Husband,White,Male,0,0,48,United-States,>50K.
21,Private,209067,HS-grad,9,Never-married,Other-service,Own-child,White,Female,0,0,40,United-States,<=50K
35,Private,23621,HS-grad,9,Never-married,Craft-repair,Not-in-family,White,Male,0,0,70,United-States,<=50K
47,Private,235108,Some-college,10,Married-civ-spouse,Craft-repair,Husband,White,Male,5178,0,40,United-States,>50K.
31,Private,103642,HS-grad,9,Married-civ-spouse,Transport-moving,Husband,White,Male,0,0,45,United-States,>50K.
28,Self-emp-inc,167737,Masters,14,Married-civ-spouse,Sales,Husband,White,Male,5178,0,40,United-States,>50K.
51,Private,63685,HS-grad,9,Married-civ-spouse,Sales,Husband,Asian-Pac-Islander,Male,0,0,50,Cambodia,<=50K
20,?,24395,Some-college,10,Never-married,?,Unmarried,White,Female,0,0,20,United-States,<=50K
45,Private,246891,Assoc-voc,11,Married-civ-spouse,Prof-specialty,Husband,White,Male,0,1902,40,United-States,>50K.
42,?,137390,HS-grad,9,Married-civ-spouse,?,Husband,White,Male,0,0,40,United-States,<=50K
31,Private,273324,Some-college,10,Never-married,Other-service,Own-child,White,Male,0,1721,16,United-States,<=50K
36,Private,257691,Bachelors,13,Never-married,Sales,Not-in-family,White,Female,0,0,20,United-States,<=50K
66,?,213477,7th-8th,4,Divorced,?,Not-in-family,White,Male,0,0,10,United-States,<=50K
35,Private,154410,Bachelors,13,Married-civ-spouse,Exec-managerial,Husband,White,Male,0,1977,50,United-States,>50K.
63,Private,339473,Some-college,10,Divorced,Sales,Not-in-family,White,Female,0,0,60,United-States,<=50K
37,Private,376455,Some-college,10,Married-civ-spouse,Exec-managerial,Husband,White,Male,0,0,40,United-States,>50K.
24,Private,194829,HS-grad,9,Married-civ-spouse,Craft-repair,Husband,White,Male,0,0,45,United-States,>50K.
27,Private,106562,Bachelors,13,Never-married,Prof-specialty,Not-in-family,White,Female,0,0,50,United-States,>50K.
43,Private,142725,HS-grad,9,Married-civ-spouse,Other-service,Husband,White,Male,0,1887,80,United-States,>50K.
22,?,210802,Some-college,10,Never-married,?,Not-in-family,Black,Female,0,0,35,United-States,<=50K
27,Private,120126,Bachelors,13,Married-civ-spouse,Sales,Husband,White,Male,0,0,75,United-States,>50K.
44,Private,270147,Bachelors,13,Married-civ-spouse,Exec-managerial,Wife,White,Female,0,0,45,United-States,>50K.
39,Private,115215,HS-grad,9,Never-married,Transport-moving,Own-child,White,Male,0,0,40,United-States,<=50K
17,Private,95799,11th,7,Never-married,Sales,Own-child,White,Female,0,0,18,United-States,<=50K
44,Private,326232,7th-8th,4,Divorced,Handlers-cleaners,Not-in-family,White,Male,0,0,48,United-States,<=50K
45,Private,215892,Masters,14,Never-married,Exec-managerial,Not-in-family,White,Female,0,2824,50,United-States,>50K.
47,Private,97176,HS-grad,9,Divorced,Adm-clerical,Unmarried,White,Female,0,0,40,United-States,<=50K
51,Federal-gov,68898,Some-college,10,Married-civ-spouse,Exec-managerial,Husband,White,Male,0,0,40,United-States,>50K.
40,Private,168071,Bachelors,13,Married-civ-spouse,Prof-specialty,Husband,White,Male,0,0,45,United-States,>50K.
39,Self-emp-inc,233117,Prof-school,15,Married-civ-spouse,Prof-specialty,Husband,White,Male,0,0,40,United-States,>50K.
27,Local-gov,157449,HS-grad,9,Married-civ-spouse,Tech-support,Husband,White,Male,0,0,50,United-States,>50K.
34,Private,218164,HS-grad,9,Divorced,Craft-repair,Unmarried,White,Male,0,0,44,United-States,<=50K
20,Private,50397,Some-college,10,Married-civ-spouse,Sales,Husband,Black,Male,0,0,35,United-States,<=50K
25,Private,137367,Bachelors,13,Never-married,Sales,Unmarried,Asian-Pac-Islander,Male,0,0,44,Philippines,<=50K
51,Private,138358,10th,6,Divorced,Craft-repair,Not-in-family,Black,Female,0,0,35,United-States,<=50K
18,Private,302859,HS-grad,9,Never-married,Sales,Own-child,White,Male,0,0,20,United-States,<=50K
31,Private,206046,Bachelors,13,Married-civ-spouse,Exec-managerial,Husband,White,Male,0,0,45,United-States,>50K.
17,Private,33138,12th,8,Never-married,Sales,Own-child,White,Male,0,0,40,United-States,<=50K
32,Private,26803,HS-grad,9,Married-civ-spouse,Exec-managerial,Husband,White,Male,0,0,50,United-States,>50K.
57,Self-emp-inc,105582,Bachelors,13,Married-civ-spouse,Exec-managerial,Husband,White,Male,0,2415,40,United-States,>50K.
37,Self-emp-not-inc,191342,HS-grad,9,Married-civ-spouse,Craft-repair,Husband,Asian-Pac-Islander,Male,0,0,60,Philippines,>50K.
47,Private,380922,Masters,14,Married-civ-spouse,Exec-managerial,Husband,White,Male,15024,0,50,United-States,>50K.
44,Private,222011,Masters,14,Divorced,Prof-specialty,Unmarried,White,Female,0,0,25,United-States,>50K.
25,Private,174592,HS-grad,9,Never-married,Other-service,Own-child,White,Female,0,0,25,United-States,<=50K
20,Never-worked,462294,Some-college,10,Never-married,?,Own-child,Black,Male,0,0,40,United-States,<=50K
45,Federal-gov,211399,Masters,14,Married-civ-spouse,Exec-managerial,Husband,White,Male,7298,0,40,United-States,>50K.
27,Private,193898,HS-grad,9,Divorced,Craft-repair,Not-in-family,White,Male,0,0,50,United-States,<=50K
59,Private,304779,7th-8th,4,Married-civ-spouse,Machine-op-inspct,Husband,White,Male,0,0,40,United-States,<=50K
54,Private,74660,Bachelors,13,Divorced,Prof-specialty,Unmarried,White,Male,0,0,40,Canada,>50K.
90,Private,227796,Assoc-acdm,12,Never-married,Exec-managerial,Not-in-family,White,Male,6097,0,45,United-States,>50K.
46,Self-emp-not-inc,182689,Some-college,10,Married-civ-spouse,Craft-repair,Husband,White,Male,3103,0,35,United-States,>50K.
42,State-gov,392167,Bachelors,13,Married-civ-spouse,Adm-clerical,Husband,White,Male,0,0,40,United-States,>50K.
18,Private,404085,HS-grad,9,Married-civ-spouse,Adm-clerical,Wife,White,Female,0,0,40,United-States,<=50K
53,Private,177727,Some-college,10,Married-civ-spouse,Exec-managerial,Husband,White,Male,0,0,50,United-States,>50K.
30,Private,49325,Some-college,10,Married-civ-spouse,Transport-moving,Husband,White,Male,0,0,80,United-States,>50K.
18,Private,236262,11th,7,Never-married,Handlers-cleaners,Own-child,White,Male,0,0,12,United-States,<=50K
37,Private,301070,HS-grad,9,Divorced,Farming-fishing,Unmarried,White,Male,0,0,45,United-States,<=50K
47,Private,105495,Some-college,10,Married-civ-spouse,Exec-managerial,Wife,White,Female,0,0,50,United-States,>50K.
59,Local-gov,181242,10th,6,Married-civ-spouse,Craft-repair,Husband,White,Male,0,0,40,United-States,<=50K
54,Private,175912,HS-grad,9,Widowed,Machine-op-inspct,Unmarried,White,Male,914,0,40,United-States,<=50K
19,Private,131615,HS-grad,9,Never-married,Machine-op-inspct,Own-child,White,Male,0,0,40,United-States,<=50K
37,Private,295127,Some-college,10,Divorced,Other-service,Not-in-family,White,Male,0,0,47,United-States,<=50K
20,Private,155775,HS-grad,9,Never-married,Craft-repair,Own-child,White,Male,0,0,30,United-States,<=50K
47,Federal-gov,198223,HS-grad,9,Married-civ-spouse,Adm-clerical,Husband,White,Male,0,0,40,United-States,>50K.
33,State-gov,340899,Doctorate,16,Married-civ-spouse,Tech-support,Husband,White,Male,0,0,45,United-States,>50K.
34,Private,187203,Assoc-acdm,12,Never-married,Sales,Unmarried,White,Male,0,0,50,United-States,<=50K
19,Private,129620,10th,6,Never-married,Other-service,Other-relative,White,Female,0,0,30,United-States,<=50K
23,Private,135138,Bachelors,13,Never-married,Sales,Own-child,Asian-Pac-Islander,Male,0,0,40,United-States,<=50K
53,Federal-gov,321865,Masters,14,Married-civ-spouse,Exec-managerial,Husband,White,Male,0,0,40,United-States,>50K.
48,Private,153312,Some-college,10,Married-civ-spouse,Sales,Husband,Black,Male,0,0,60,United-States,>50K.
29,Private,154236,HS-grad,9,Married-civ-spouse,Machine-op-inspct,Husband,White,Male,4386,0,58,United-States,>50K.
51,Private,332243,Bachelors,13,Divorced,Prof-specialty,Not-in-family,White,Male,0,0,45,United-States,<=50K
49,Private,199448,Assoc-voc,11,Divorced,Sales,Unmarried,White,Female,0,0,40,United-States,<=50K
24,Private,225724,Bachelors,13,Never-married,Adm-clerical,Own-child,White,Female,0,0,20,United-States,<=50K
23,Private,193090,Bachelors,13,Never-married,Prof-specialty,Not-in-family,White,Female,0,0,38,United-States,<=50K
37,Private,253420,HS-grad,9,Separated,Other-service,Unmarried,Black,Female,0,0,25,United-States,<=50K
44,Private,128354,Masters,14,Divorced,Exec-managerial,Unmarried,White,Female,0,0,40,United-States,<=50K
40,Private,130760,Doctorate,16,Married-civ-spouse,Prof-specialty,Husband,White,Male,0,0,45,United-States,<=50K
43,Self-emp-inc,504423,Masters,14,Married-civ-spouse,Exec-managerial,Husband,Asian-Pac-Islander,Male,0,0,60,Japan,>50K.
17,Private,113301,11th,7,Never-married,Handlers-cleaners,Own-child,White,Male,0,0,12,?,<=50K
50,Self-emp-not-inc,203004,HS-grad,9,Divorced,Exec-managerial,Not-in-family,White,Female,99999,0,60,United-States,>50K.
42,Private,234508,Bachelors,13,Married-civ-spouse,Prof-specialty,Husband,White,Male,0,0,40,United-States,>50K.
53,Private,129301,Some-college,10,Married-civ-spouse,Sales,Husband,White,Male,0,0,45,United-States,>50K.
33,Private,102821,12th,8,Married-civ-spouse,Protective-serv,Husband,White,Male,0,0,40,United-States,<=50K
64,?,380687,Bachelors,13,Married-civ-spouse,?,Wife,Black,Female,0,0,8,United-States,<=50K
37,Private,182668,10th,6,Married-civ-spouse,Transport-moving,Husband,White,Male,0,0,35,United-States,<=50K
36,Private,102729,Some-college,10,Never-married,Craft-repair,Not-in-family,White,Male,0,0,40,United-States,<=50K
19,Private,118306,HS-grad,9,Never-married,Handlers-cleaners,Own-child,White,Male,0,0,16,United-States,<=50K
33,Private,309350,HS-grad,9,Married-civ-spouse,Adm-clerical,Husband,White,Male,0,0,40,United-States,<=50K
34,Self-emp-not-inc,33442,Assoc-voc,11,Never-married,Other-service,Other-relative,White,Female,0,0,40,United-States,<=50K
22,Private,194630,Bachelors,13,Never-married,Sales,Not-in-family,White,Male,0,0,45,United-States,<=50K
27,Private,203558,Some-college,10,Married-civ-spouse,Prof-specialty,Wife,White,Female,0,0,40,United-States,>50K.
25,Private,170786,9th,5,Never-married,Transport-moving,Other-relative,White,Male,0,0,40,United-States,<=50K
43,State-gov,344519,Doctorate,16,Married-civ-spouse,Prof-specialty,Wife,White,Female,0,0,40,United-States,>50K.
65,Private,178934,HS-grad,9,Widowed,Other-service,Unmarried,Black,Female,0,0,20,Jamaica,<=50K
32,Local-gov,230912,Masters,14,Never-married,Prof-specialty,Not-in-family,White,Female,4865,0,40,United-States,<=50K
23,Private,352207,Assoc-voc,11,Never-married,Other-service,Own-child,White,Male,0,0,20,United-States,<=50K
29,Private,190777,Bachelors,13,Married-civ-spouse,Sales,Husband,White,Male,0,0,55,United-States,<=50K
51,Private,122533,Bachelors,13,Married-civ-spouse,Exec-managerial,Husband,White,Male,0,0,40,United-States,>50K.
42,Private,97688,HS-grad,9,Married-civ-spouse,Transport-moving,Husband,White,Male,7298,0,40,United-States,>50K.
57,Local-gov,22975,Masters,14,Married-civ-spouse,Exec-managerial,Husband,Black,Male,0,0,40,United-States,>50K.
74,Self-emp-inc,148003,Bachelors,13,Married-civ-spouse,Adm-clerical,Wife,White,Female,0,0,6,United-States,>50K.
30,Private,117393,HS-grad,9,Never-married,Sales,Not-in-family,White,Female,0,0,40,United-States,<=50K
37,Private,118358,Some-college,10,Married-civ-spouse,Craft-repair,Husband,White,Male,0,0,40,United-States,>50K.
39,Private,205359,Assoc-acdm,12,Widowed,Adm-clerical,Unmarried,White,Female,0,0,45,United-States,<=50K
40,Private,168936,Assoc-voc,11,Divorced,Other-service,Not-in-family,White,Female,0,0,32,United-States,<=50K
49,Local-gov,40690,Bachelors,13,Never-married,Prof-specialty,Unmarried,White,Male,0,0,60,United-States,>50K.
23,Private,197387,5th-6th,3,Married-civ-spouse,Transport-moving,Other-relative,White,Male,0,0,40,Mexico,<=50K
50,Self-emp-not-inc,334273,Bachelors,13,Married-civ-spouse,Sales,Husband,White,Male,0,0,8,United-States,<=50K
42,Self-emp-not-inc,247422,Bachelors,13,Married-civ-spouse,Exec-managerial,Husband,White,Male,0,0,45,United-States,>50K.
43,Federal-gov,205675,Some-college,10,Married-civ-spouse,Tech-support,Husband,White,Male,0,0,75,United-States,>50K.
57,Self-emp-not-inc,27385,Some-college,10,Married-civ-spouse,Exec-managerial,Husband,White,Male,0,0,48,United-States,>50K.
18,Private,362302,12th,8,Never-married,Other-service,Own-child,White,Male,0,0,15,United-States,<=50K
39,Private,204158,Some-college,10,Married-civ-spouse,Sales,Husband,White,Male,5178,0,60,United-States,>50K.
44,Local-gov,174575,Masters,14,Married-civ-spouse,Prof-specialty,Husband,White,Male,7688,0,40,United-States,>50K.
40,Federal-gov,112388,Masters,14,Never-married,Prof-specialty,Not-in-family,White,Male,0,0,40,United-States,<=50K
25,Private,50053,HS-grad,9,Never-married,Other-service,Not-in-family,Black,Male,0,0,40,Japan,<=50K
35,Private,166497,Prof-school,15,Married-civ-spouse,Prof-specialty,Husband,White,Male,0,1902,60,United-States,>50K.
35,Private,80479,Assoc-voc,11,Divorced,Sales,Not-in-family,White,Male,0,0,40,United-States,<=50K
17,Private,297246,11th,7,Never-married,Priv-house-serv,Own-child,White,Female,0,0,9,United-States,<=50K
60,?,251572,HS-grad,9,Widowed,?,Not-in-family,White,Male,0,0,35,Poland,<=50K
47,Local-gov,153536,Masters,14,Married-civ-spouse,Exec-managerial,Husband,White,Male,0,0,37,United-States,>50K.
19,Private,291429,HS-grad,9,Never-married,Other-service,Own-child,White,Female,0,0,25,United-States,<=50K
46,Private,106255,Some-college,10,Married-civ-spouse,Craft-repair,Husband,White,Male,0,0,40,United-States,<=50K
46,Private,149218,Bachelors,13,Married-civ-spouse,Sales,Husband,White,Male,0,0,40,United-States,>50K.
23,Local-gov,304386,HS-grad,9,Never-married,Other-service,Not-in-family,White,Female,0,0,40,United-States,<=50K
22,Private,279802,Some-college,10,Never-married,Adm-clerical,Own-child,White,Female,0,0,40,United-States,<=50K
41,Private,115849,HS-grad,9,Married-civ-spouse,Transport-moving,Husband,White,Male,0,0,40,United-States,<=50K
26,Private,302603,HS-grad,9,Never-married,Transport-moving,Own-child,White,Male,0,0,45,United-States,<=50K
32,Private,241802,HS-grad,9,Married-civ-spouse,Other-service,Wife,Other,Female,0,0,40,United-States,<=50K
62,Self-emp-not-inc,147393,7th-8th,4,Married-civ-spouse,Farming-fishing,Husband,White,Male,0,0,40,United-States,>50K.
55,Private,401473,Masters,14,Widowed,Exec-managerial,Not-in-family,White,Female,0,0,40,United-States,>50K.
34,Local-gov,454076,Assoc-voc,11,Married-civ-spouse,Other-service,Husband,White,Male,0,0,40,United-States,>50K.
40,Private,165858,Assoc-acdm,12,Never-married,Sales,Not-in-family,White,Male,0,0,80,United-States,>50K.
35,Private,129573,Bachelors,13,Married-civ-spouse,Sales,Husband,White,Male,15024,0,45,United-States,>50K.
60,Private,75726,HS-grad,9,Divorced,Exec-managerial,Not-in-family,White,Female,0,1092,40,United-States,<=50K
30,Private,248384,HS-grad,9,Divorced,Other-service,Unmarried,White,Female,0,0,40,United-States,<=50K
32,Private,94041,HS-grad,9,Married-civ-spouse,Other-service,Husband,White,Male,0,0,25,Ireland,<=50K
23,Private,417605,5th-6th,3,Never-married,Craft-repair,Not-in-family,White,Male,0,0,40,Mexico,<=50K
18,Private,74054,11th,7,Never-married,Sales,Own-child,Other,Female,0,0,20,?,<=50K
31,State-gov,158688,Assoc-voc,11,Married-civ-spouse,Sales,Husband,White,Male,0,0,40,United-States,>50K.
31,Private,97723,Assoc-acdm,12,Married-civ-spouse,Craft-repair,Husband,White,Male,0,0,40,United-States,>50K.
44,Private,113324,HS-grad,9,Married-civ-spouse,Craft-repair,Husband,White,Male,0,0,40,United-States,<=50K
48,Local-gov,328610,Masters,14,Married-civ-spouse,Prof-specialty,Husband,White,Male,0,0,50,United-States,>50K.
53,Private,96062,Assoc-voc,11,Married-civ-spouse,Craft-repair,Husband,White,Male,0,0,40,United-States,>50K.
24,Private,197666,Bachelors,13,Never-married,Exec-managerial,Not-in-family,White,Female,0,0,40,United-States,<=50K
36,Private,154410,Bachelors,13,Married-civ-spouse,Prof-specialty,Husband,White,Male,0,0,40,United-States,>50K.
31,Private,72887,Bachelors,13,Married-civ-spouse,Prof-specialty,Husband,Asian-Pac-Islander,Male,0,0,47,United-States,>50K.
59,Private,186385,10th,6,Married-civ-spouse,Machine-op-inspct,Husband,White,Male,0,0,40,United-States,<=50K
42,Private,157367,HS-grad,9,Never-married,Adm-clerical,Unmarried,Black,Female,0,0,35,?,<=50K
34,Private,185216,Bachelors,13,Married-civ-spouse,Prof-specialty,Husband,White,Male,0,0,40,United-States,>50K.
40,Local-gov,36296,Bachelors,13,Married-civ-spouse,Prof-specialty,Husband,White,Male,0,0,50,United-States,>50K.
44,Private,121718,Bachelors,13,Married-civ-spouse,Exec-managerial,Husband,White,Male,15024,0,48,United-States,>50K.
25,Private,179953,Masters,14,Never-married,Prof-specialty,Own-child,White,Female,2597,0,31,United-States,<=50K
38,Private,149347,HS-grad,9,Married-civ-spouse,Craft-repair,Husband,White,Male,0,0,40,United-States,>50K.
29,Private,42881,Bachelors,13,Married-civ-spouse,Exec-managerial,Wife,White,Female,0,0,40,United-States,>50K.
28,Private,334032,Assoc-voc,11,Never-married,Sales,Not-in-family,White,Male,0,0,50,United-States,<=50K
63,Private,161563,HS-grad,9,Married-civ-spouse,Craft-repair,Husband,White,Male,0,0,48,United-States,<=50K
37,Self-emp-not-inc,183735,HS-grad,9,Married-civ-spouse,Prof-specialty,Husband,White,Male,3137,0,30,United-States,<=50K
51,Private,193374,1st-4th,2,Married-civ-spouse,Craft-repair,Husband,White,Male,0,0,40,Mexico,<=50K
42,Private,367049,Masters,14,Never-married,Exec-managerial,Not-in-family,White,Female,4650,0,40,United-States,<=50K
65,Private,93318,Some-college,10,Married-civ-spouse,Exec-managerial,Wife,White,Female,0,0,45,United-States,<=50K
28,?,147471,HS-grad,9,Divorced,?,Own-child,White,Female,0,0,10,United-States,<=50K
75,Private,124660,HS-grad,9,Never-married,Adm-clerical,Not-in-family,White,Female,0,0,40,United-States,>50K.
51,Private,261207,HS-grad,9,Married-civ-spouse,Other-service,Husband,White,Male,0,0,40,Cuba,>50K.
54,Self-emp-inc,175339,Bachelors,13,Married-civ-spouse,Sales,Husband,White,Male,0,2415,40,United-States,>50K.
28,Private,67218,7th-8th,4,Married-civ-spouse,Sales,Other-relative,White,Male,0,0,40,United-States,<=50K
26,Private,165673,HS-grad,9,Married-civ-spouse,Sales,Husband,White,Male,0,0,40,United-States,<=50K
54,Private,146325,Bachelors,13,Married-civ-spouse,Adm-clerical,Husband,White,Male,0,0,40,United-States,>50K.
57,Private,161097,HS-grad,9,Divorced,Sales,Not-in-family,White,Female,0,0,26,United-States,<=50K
39,Federal-gov,149347,Masters,14,Never-married,Prof-specialty,Not-in-family,White,Male,0,0,40,Poland,>50K.
19,Private,405526,HS-grad,9,Never-married,Handlers-cleaners,Own-child,White,Male,0,0,40,United-States,<=50K
33,Self-emp-not-inc,234976,Bachelors,13,Married-civ-spouse,Sales,Wife,White,Female,0,0,40,United-States,>50K.
51,Private,145409,Some-college,10,Married-civ-spouse,Craft-repair,Husband,White,Male,0,0,50,,>50K.
65,?,299494,11th,7,Married-civ-spouse,?,Husband,White,Male,1797,0,40,United-States,<=50K
42,Private,806552,Some-college,10,Married-civ-spouse,Exec-managerial,Husband,White,Male,0,0,50,United-States,>50K.
57,Private,127728,7th-8th,4,Married-civ-spouse,Transport-moving,Husband,White,Male,0,0,44,United-States,>50K.
52,Private,242517,HS-grad,9,Married-civ-spouse,Adm-clerical,Wife,White,Female,7688,0,40,United-States,>50K.
64,Self-emp-not-inc,165479,HS-grad,9,Married-civ-spouse,Sales,Husband,White,Male,0,0,5,United-States,<=50K
42,Private,54611,Some-college,10,Divorced,Farming-fishing,Not-in-family,White,Male,0,0,40,United-States,<=50K
35,Private,82622,HS-grad,9,Never-married,Other-service,Own-child,White,Male,0,0,40,United-States,<=50K
61,,244856,Bachelors,13,Married-civ-spouse,,Husband,White,Male,4386,0,40,United-States,>50K.
41,Local-gov,340682,HS-grad,9,Divorced,Adm-clerical,Not-in-family,White,Female,0,0,40,United-States,<=50K
46,Private,151584,Bachelors,13,Married-civ-spouse,Sales,Husband,White,Male,0,0,30,United-States,>50K.
45,Self-emp-not-inc,184285,Bachelors,13,Divorced,Prof-specialty,Not-in-family,White,Male,0,0,45,United-States,<=50K
44,State-gov,369131,HS-grad,9,Married-civ-spouse,Protective-serv,Husband,White,Male,0,0,40,United-States,>50K.
33,Private,241885,Some-college,10,Separated,Machine-op-inspct,Not-in-family,White,Male,0,0,40,United-States,<=50K
49,Self-emp-inc,127111,HS-grad,9,Married-civ-spouse,Exec-managerial,Husband,White,Male,0,0,50,United-States,<=50K
37,Self-emp-not-inc,180477,HS-grad,9,Married-civ-spouse,Craft-repair,Husband,White,Male,0,0,47,United-States,<=50K
60,Private,194589,Bachelors,13,Married-civ-spouse,Prof-specialty,Husband,White,Male,7688,0,40,United-States,>50K.
69,Private,135891,Bachelors,13,Married-civ-spouse,Prof-specialty,Husband,White,Male,0,0,7,United-States,>50K.
61,Self-emp-inc,248160,10th,6,Married-civ-spouse,Exec-managerial,Husband,White,Male,7688,0,40,United-States,>50K.
36,Private,161141,Masters,14,Married-civ-spouse,Prof-specialty,Husband,White,Male,0,0,50,United-States,>50K.
32,Self-emp-inc,218407,Some-college,10,Never-married,Exec-managerial,Not-in-family,White,Male,0,0,70,Cuba,<=50K
25,Private,208591,Bachelors,13,Never-married,Prof-specialty,Own-child,White,Male,0,0,40,United-States,<=50K
33,Private,391114,HS-grad,9,Never-married,Handlers-cleaners,Own-child,White,Male,0,0,40,United-States,<=50K
55,,125659,HS-grad,9,Married-civ-spouse,,Wife,White,Female,0,0,6,United-States,>50K.
38,Local-gov,255454,Bachelors,13,Separated,Prof-specialty,Unmarried,Black,Male,0,0,40,United-States,<=50K
49,Private,350759,Bachelors,13,Married-civ-spouse,Sales,Husband,White,Male,0,0,60,United-States,>50K.
34,Private,107914,Bachelors,13,Married-civ-spouse,Tech-support,Husband,White,Male,0,0,47,United-States,>50K.
26,Private,154604,HS-grad,9,Divorced,Sales,Unmarried,White,Female,0,0,40,United-States,<=50K
48,Private,182655,Bachelors,13,Married-civ-spouse,Exec-managerial,Husband,White,Male,0,0,40,United-States,>50K.
48,Private,366089,Doctorate,16,Married-civ-spouse,Prof-specialty,Husband,White,Male,0,0,45,United-States,>50K.
40,Private,96497,Bachelors,13,Married-civ-spouse,Exec-managerial,Husband,White,Male,0,0,50,United-States,>50K.
45,Private,323798,Bachelors,13,Married-civ-spouse,Exec-managerial,Husband,White,Male,7298,0,53,United-States,>50K.
69,State-gov,34339,HS-grad,9,Married-civ-spouse,Protective-serv,Husband,White,Male,0,0,40,United-States,<=50K
41,Private,109912,HS-grad,9,Married-civ-spouse,Sales,Wife,White,Female,15024,0,50,England,>50K.
53,Federal-gov,141340,HS-grad,9,Married-civ-spouse,Transport-moving,Husband,White,Male,0,0,40,United-States,>50K.
36,Private,99233,Some-college,10,Married-civ-spouse,Prof-specialty,Husband,White,Male,0,1887,40,United-States,>50K.
41,Local-gov,137142,Some-college,10,Married-civ-spouse,Sales,Husband,White,Male,0,0,40,United-States,<=50K
44,Local-gov,196456,Masters,14,Never-married,Prof-specialty,Not-in-family,White,Female,0,1669,40,United-States,<=50K
35,Federal-gov,22494,Bachelors,13,Divorced,Prof-specialty,Not-in-family,White,Female,0,0,50,United-States,>50K.
43,Private,195258,HS-grad,9,Married-civ-spouse,Craft-repair,Husband,White,Male,0,0,40,United-States,>50K.
53,Private,380086,HS-grad,9,Married-civ-spouse,Exec-managerial,Husband,White,Male,7688,0,48,United-States,>50K.
36,?,370585,HS-grad,9,Married-civ-spouse,?,Husband,Black,Male,0,0,40,United-States,<=50K
31,Private,207537,HS-grad,9,Divorced,Craft-repair,Own-child,White,Male,0,1669,50,United-States,<=50K
32,Private,127651,HS-grad,9,Married-civ-spouse,Sales,Husband,White,Male,0,0,46,United-States,>50K.
42,Private,34218,Prof-school,15,Divorced,Prof-specialty,Not-in-family,White,Male,99999,0,80,United-States,>50K.
38,,245372,Some-college,10,Married-civ-spouse,,Husband,White,Male,0,0,75,United-States,>50K.
49,Private,278322,Bachelors,13,Married-civ-spouse,Machine-op-inspct,Husband,White,Male,0,0,40,United-States,>50K.
27,Local-gov,247507,Bachelors,13,Never-married,Prof-specialty,Own-child,White,Male,0,0,35,United-States,<=50K
39,Private,114544,Some-college,10,Married-civ-spouse,Exec-managerial,Husband,White,Male,0,0,55,United-States,>50K.
41,Local-gov,352056,Assoc-acdm,12,Never-married,Exec-managerial,Not-in-family,White,Male,0,0,40,United-States,<=50K
44,Private,248406,Assoc-acdm,12,Married-civ-spouse,Craft-repair,Husband,White,Male,0,0,40,United-States,>50K.
29,Private,187750,Assoc-acdm,12,Married-civ-spouse,Tech-support,Husband,White,Male,0,0,40,United-States,>50K.
50,Self-emp-inc,145714,HS-grad,9,Married-civ-spouse,Exec-managerial,Husband,White,Male,0,0,60,United-States,>50K.
31,Private,111883,HS-grad,9,Married-civ-spouse,Transport-moving,Husband,White,Male,0,0,50,United-States,>50K.
50,Federal-gov,186272,Some-college,10,Married-civ-spouse,Exec-managerial,Husband,White,Male,0,0,40,United-States,<=50K
65,?,198019,HS-grad,9,Widowed,?,Not-in-family,White,Female,0,0,35,United-States,<=50K
24,Private,88095,Some-college,10,Never-married,Machine-op-inspct,Not-in-family,White,Female,0,0,24,Mexico,<=50K
28,Private,189346,HS-grad,9,Never-married,Handlers-cleaners,Own-child,White,Male,0,0,48,United-States,<=50K
38,State-gov,156866,Bachelors,13,Married-civ-spouse,Adm-clerical,Husband,Other,Male,0,0,40,United-States,>50K.
38,Private,22245,Some-college,10,Married-civ-spouse,Exec-managerial,Husband,White,Male,0,0,40,United-States,>50K.
27,Private,132267,HS-grad,9,Married-civ-spouse,Handlers-cleaners,Husband,White,Male,0,0,40,United-States,>50K.
24,Private,111445,HS-grad,9,Never-married,Sales,Not-in-family,White,Male,0,0,38,United-States,<=50K
62,Private,118696,HS-grad,9,Married-civ-spouse,Craft-repair,Husband,White,Male,0,0,40,United-States,<=50K
43,Private,149102,Bachelors,13,Married-civ-spouse,Adm-clerical,Husband,White,Male,0,0,40,United-States,>50K.
52,Private,78012,HS-grad,9,Widowed,Sales,Unmarried,White,Female,0,1762,40,United-States,<=50K
31,Private,119411,HS-grad,9,Married-civ-spouse,Sales,Husband,White,Male,0,0,40,United-States,>50K.
26,Private,284250,HS-grad,9,Never-married,Craft-repair,Unmarried,Black,Female,0,0,40,United-States,<=50K
49,Private,184098,Bachelors,13,Married-civ-spouse,Sales,Husband,White,Male,0,0,50,United-States,>50K.
54,State-gov,123592,HS-grad,9,Separated,Adm-clerical,Unmarried,Black,Female,3887,0,35,United-States,<=50K
43,Private,122473,Masters,14,Married-civ-spouse,Exec-managerial,Wife,Black,Female,0,1977,50,United-States,>50K.
25,Private,168403,Bachelors,13,Never-married,Prof-specialty,Not-in-family,White,Male,0,1741,40,United-States,<=50K
41,Private,165798,5th-6th,3,Divorced,Other-service,Unmarried,White,Female,0,0,40,Puerto-Rico,<=50K
75,Private,191446,1st-4th,2,Married-civ-spouse,Other-service,Other-relative,Black,Female,0,0,16,United-States,<=50K
42,Federal-gov,178074,Masters,14,Married-civ-spouse,Adm-clerical,Wife,White,Female,0,1902,40,United-States,>50K.
32,Private,265368,Bachelors,13,Married-civ-spouse,Exec-managerial,Wife,White,Female,0,1902,44,United-States,>50K.
22,Private,229456,Some-college,10,Never-married,Adm-clerical,Own-child,Black,Female,0,0,35,United-States,<=50K
58,Private,152731,Bachelors,13,Married-civ-spouse,Sales,Husband,White,Male,0,0,40,United-States,>50K.
28,Private,160510,Some-college,10,Married-civ-spouse,Adm-clerical,Husband,White,Male,0,0,50,United-States,>50K.
34,Private,191957,HS-grad,9,Married-civ-spouse,Adm-clerical,Husband,Black,Male,0,0,40,United-States,>50K.
60,Private,176360,Bachelors,13,Married-civ-spouse,Sales,Husband,White,Male,0,0,40,United-States,>50K.
41,Private,57233,Bachelors,13,Never-married,Handlers-cleaners,Not-in-family,White,Male,0,0,40,United-States,<=50K
35,Private,119992,Assoc-acdm,12,Married-civ-spouse,Craft-repair,Husband,White,Male,0,0,45,United-States,<=50K
47,Private,72896,HS-grad,9,Married-civ-spouse,Transport-moving,Husband,White,Male,0,0,40,United-States,<=50K
34,Private,182918,Bachelors,13,Married-civ-spouse,Sales,Husband,White,Male,7298,0,46,United-States,>50K.
51,Self-emp-not-inc,181139,Some-college,10,Married-civ-spouse,Sales,Husband,White,Male,0,0,40,United-States,>50K.
44,Federal-gov,296858,Masters,14,Married-civ-spouse,Armed-Forces,Husband,White,Male,0,0,40,United-States,>50K.
47,Private,185254,5th-6th,3,Never-married,Priv-house-serv,Own-child,White,Female,0,0,40,El-Salvador,<=50K
21,Private,222993,HS-grad,9,Never-married,Machine-op-inspct,Own-child,White,Male,0,0,40,United-States,<=50K
45,Federal-gov,380127,Bachelors,13,Never-married,Exec-managerial,Not-in-family,White,Female,0,0,40,United-States,<=50K
27,Private,115831,Some-college,10,Married-civ-spouse,Other-service,Husband,White,Male,0,0,40,United-States,<=50K
36,Local-gov,187411,Masters,14,Never-married,Prof-specialty,Not-in-family,White,Male,0,0,50,United-States,>50K.
51,Private,43354,Some-college,10,Divorced,Craft-repair,Not-in-family,White,Male,0,0,42,United-States,>50K.
46,Private,173613,HS-grad,9,Divorced,Sales,Unmarried,White,Female,0,0,30,United-States,<=50K
43,Private,33310,HS-grad,9,Divorced,Adm-clerical,Not-in-family,White,Female,0,0,40,United-States,<=50K
17,Private,350995,12th,8,Never-married,Other-service,Own-child,White,Male,0,0,16,United-States,<=50K
24,Local-gov,115222,Masters,14,Never-married,Prof-specialty,Not-in-family,White,Male,10520,0,40,United-States,>50K.
39,Self-emp-not-inc,107302,Bachelors,13,Married-civ-spouse,Craft-repair,Other-relative,White,Male,0,0,35,United-States,>50K.
31,Private,112115,HS-grad,9,Married-civ-spouse,Craft-repair,Husband,White,Male,0,0,40,United-States,>50K.
40,Local-gov,26929,Masters,14,Never-married,Prof-specialty,Not-in-family,White,Female,0,0,40,United-States,<=50K
45,Private,252242,Doctorate,16,Divorced,Sales,Not-in-family,White,Male,99999,0,55,United-States,>50K.
69,Self-emp-inc,264722,Assoc-acdm,12,Married-civ-spouse,Sales,Husband,White,Male,0,0,40,United-States,>50K.
37,Private,323155,1st-4th,2,Married-civ-spouse,Farming-fishing,Husband,White,Male,0,0,85,Mexico,<=50K
28,Local-gov,229656,Masters,14,Married-civ-spouse,Exec-managerial,Wife,White,Female,0,1485,40,United-States,>50K.
23,?,381741,Assoc-acdm,12,Never-married,?,Own-child,White,Male,0,1721,20,United-States,<=50K
31,State-gov,86143,HS-grad,9,Never-married,Protective-serv,Other-relative,Asian-Pac-Islander,Male,0,0,40,United-States,<=50K
37,Private,245482,HS-grad,9,Married-civ-spouse,Transport-moving,Husband,Asian-Pac-Islander,Male,0,0,40,?,<=50K
31,Private,354464,HS-grad,9,Married-civ-spouse,Other-service,Husband,White,Male,0,0,40,United-States,<=50K
40,Federal-gov,150533,Bachelors,13,Married-civ-spouse,Adm-clerical,Husband,White,Male,0,1977,40,United-States,>50K.
47,Self-emp-not-inc,104489,Bachelors,13,Married-civ-spouse,Sales,Husband,White,Male,0,0,40,United-States,>50K.
19,?,28967,Some-college,10,Never-married,?,Not-in-family,White,Male,0,0,40,United-States,<=50K
27,Private,82393,HS-grad,9,Married-civ-spouse,Transport-moving,Husband,Asian-Pac-Islander,Male,0,0,40,Philippines,>50K.
28,Private,115438,HS-grad,9,Married-civ-spouse,Machine-op-inspct,Husband,White,Male,0,0,50,United-States,>50K.
50,Self-emp-not-inc,187830,Bachelors,13,Divorced,Craft-repair,Not-in-family,White,Male,27828,0,16,United-States,>50K.
50,Local-gov,177705,Some-college,10,Married-civ-spouse,Adm-clerical,Husband,White,Male,0,1740,48,United-States,<=50K
60,Self-emp-not-inc,176360,Bachelors,13,Married-civ-spouse,Exec-managerial,Husband,White,Male,0,0,50,United-States,>50K.
36,Private,269722,Masters,14,Married-civ-spouse,Other-service,Husband,White,Male,0,0,40,United-States,<=50K
21,Private,176262,Some-college,10,Never-married,Exec-managerial,Own-child,White,Female,0,0,30,United-States,<=50K
18,Private,205004,Some-college,10,Never-married,Other-service,Own-child,White,Male,0,0,26,United-States,<=50K
28,Private,220043,Bachelors,13,Married-civ-spouse,Sales,Husband,White,Male,0,0,40,United-States,>50K.
43,Private,88787,Some-college,10,Married-civ-spouse,Exec-managerial,Husband,White,Male,0,0,45,United-States,>50K.
30,Private,315640,Masters,14,Never-married,Prof-specialty,Not-in-family,Asian-Pac-Islander,Male,0,0,45,Iran,>50K.
62,Private,170969,Some-college,10,Married-civ-spouse,Craft-repair,Husband,Black,Male,0,0,40,United-States,>50K.
36,Local-gov,285865,Bachelors,13,Never-married,Adm-clerical,Not-in-family,Black,Female,0,0,40,United-States,<=50K
71,,365996,HS-grad,9,Widowed,,Unmarried,White,Female,6612,0,42,United-States,>50K.
38,Private,107164,Some-college,10,Married-civ-spouse,Exec-managerial,Husband,White,Male,0,0,55,United-States,>50K.
45,Private,34419,Bachelors,13,Never-married,Transport-moving,Not-in-family,White,Male,0,0,30,United-States,<=50K
35,Private,61343,Some-college,10,Married-civ-spouse,Sales,Husband,White,Male,0,0,45,United-States,<=50K
50,Self-emp-not-inc,98180,Some-college,10,Married-civ-spouse,Sales,Husband,White,Male,99999,0,45,United-States,>50K.
42,Private,91836,10th,6,Married-civ-spouse,Craft-repair,Husband,White,Male,0,0,40,United-States,<=50K
47,State-gov,469907,Assoc-acdm,12,Married-civ-spouse,Protective-serv,Husband,White,Male,0,1740,40,United-States,<=50K
32,Private,190784,Some-college,10,Divorced,Machine-op-inspct,Unmarried,Amer-Indian-Eskimo,Male,0,0,40,United-States,<=50K
37,Private,446390,Some-college,10,Married-civ-spouse,Machine-op-inspct,Wife,White,Female,0,0,40,United-States,>50K.
31,Private,49325,HS-grad,9,Married-civ-spouse,Machine-op-inspct,Husband,White,Male,0,0,40,United-States,<=50K
55,Private,377113,Bachelors,13,Married-civ-spouse,Transport-moving,Husband,White,Male,15024,0,60,United-States,>50K.
35,Private,300333,Assoc-voc,11,Married-civ-spouse,Sales,Husband,White,Male,0,0,40,Dominican-Republic,>50K.
45,Private,71145,Bachelors,13,Divorced,Exec-managerial,Unmarried,White,Male,0,0,45,United-States,>50K.
24,Private,258730,HS-grad,9,Divorced,Other-service,Own-child,White,Female,0,0,40,Japan,<=50K
45,State-gov,276157,Bachelors,13,Married-civ-spouse,Prof-specialty,Husband,White,Male,0,0,40,United-States,>50K.
37,Local-gov,215618,Assoc-voc,11,Married-civ-spouse,Protective-serv,Husband,White,Male,0,0,80,United-States,>50K.
25,Private,251854,Some-college,10,Never-married,Adm-clerical,Not-in-family,Black,Female,0,0,40,Jamaica,<=50K
42,Self-emp-not-inc,64631,Bachelors,13,Married-civ-spouse,Exec-managerial,Husband,White,Male,0,0,40,United-States,>50K.
48,Self-emp-not-inc,199058,Bachelors,13,Never-married,Prof-specialty,Not-in-family,White,Male,0,0,35,United-States,>50K.
49,Private,547108,Bachelors,13,Married-civ-spouse,Tech-support,Husband,Asian-Pac-Islander,Male,15024,0,40,,>50K.
52,Private,142757,Some-college,10,Married-civ-spouse,Prof-specialty,Husband,Black,Male,0,0,56,United-States,>50K.
17,Private,151141,11th,7,Never-married,Handlers-cleaners,Own-child,White,Male,0,0,15,United-States,<=50K
45,Private,168191,Some-college,10,Married-civ-spouse,Tech-support,Husband,White,Male,15024,0,37,United-States,>50K.
61,Private,411652,12th,8,Married-civ-spouse,Craft-repair,Husband,White,Male,0,0,40,Mexico,<=50K
64,Self-emp-not-inc,71807,Doctorate,16,Married-civ-spouse,Prof-specialty,Husband,White,Male,15024,0,50,,>50K.
42,Private,282062,9th,5,Married-civ-spouse,Transport-moving,Husband,White,Male,0,0,40,United-States,<=50K
27,State-gov,249362,Some-college,10,Married-civ-spouse,Transport-moving,Husband,White,Male,3411,0,40,United-States,<=50K
56,Self-emp-inc,236676,HS-grad,9,Married-civ-spouse,Sales,Husband,White,Male,0,0,50,United-States,>50K.
50,Self-emp-not-inc,61735,Some-college,10,Married-civ-spouse,Other-service,Husband,White,Male,0,0,25,United-States,>50K.
17,Private,175024,11th,7,Never-married,Handlers-cleaners,Own-child,White,Male,2176,0,18,United-States,<=50K
46,Private,308334,1st-4th,2,Widowed,Other-service,Unmarried,Other,Female,0,0,30,Mexico,<=50K
27,Local-gov,332249,HS-grad,9,Never-married,Farming-fishing,Own-child,White,Male,0,0,40,United-States,<=50K
23,Private,121471,Bachelors,13,Never-married,Adm-clerical,Not-in-family,White,Female,0,0,40,United-States,<=50K
58,Private,147707,11th,7,Married-civ-spouse,Sales,Husband,White,Male,0,0,40,United-States,<=50K
34,Private,207301,HS-grad,9,Divorced,Machine-op-inspct,Unmarried,White,Female,0,0,20,United-States,<=50K
33,Self-emp-not-inc,203784,Assoc-voc,11,Married-civ-spouse,Farming-fishing,Husband,White,Male,0,0,62,United-States,<=50K
53,Private,124993,HS-grad,9,Married-civ-spouse,Prof-specialty,Husband,White,Male,0,0,43,United-States,>50K.
50,Private,93730,10th,6,Married-civ-spouse,Transport-moving,Husband,White,Male,0,0,60,United-States,<=50K
35,Private,491000,Assoc-voc,11,Divorced,Prof-specialty,Own-child,Black,Male,0,0,40,United-States,<=50K
81,Private,364099,Some-college,10,Divorced,Adm-clerical,Not-in-family,White,Female,0,0,20,United-States,<=50K
48,Private,195554,Some-college,10,Married-civ-spouse,Machine-op-inspct,Husband,White,Male,7298,0,40,United-States,>50K.
32,State-gov,198211,Some-college,10,Never-married,Adm-clerical,Not-in-family,White,Male,0,0,38,United-States,<=50K
44,Private,96321,Some-college,10,Married-civ-spouse,Prof-specialty,Husband,White,Male,0,0,40,United-States,>50K.
76,?,135039,HS-grad,9,Married-civ-spouse,?,Husband,White,Male,0,0,20,United-States,<=50K
69,?,320280,Some-college,10,Never-married,?,Not-in-family,White,Male,1848,0,1,United-States,<=50K
49,Private,148995,HS-grad,9,Divorced,Adm-clerical,Not-in-family,White,Male,0,0,40,United-States,<=50K
32,Private,183977,Bachelors,13,Married-civ-spouse,Craft-repair,Husband,White,Male,0,0,55,United-States,>50K.
34,Self-emp-inc,23778,Bachelors,13,Divorced,Exec-managerial,Not-in-family,White,Male,0,0,50,United-States,<=50K
62,Self-emp-inc,164616,Doctorate,16,Married-civ-spouse,Prof-specialty,Husband,White,Male,15024,0,45,United-States,>50K.
47,Local-gov,127678,Some-college,10,Married-civ-spouse,Protective-serv,Husband,White,Male,0,0,48,United-States,>50K.
42,Private,109067,Bachelors,13,Separated,Tech-support,Not-in-family,White,Male,0,0,40,United-States,<=50K
68,Local-gov,177596,10th,6,Separated,Other-service,Not-in-family,Black,Female,0,0,90,United-States,<=50K
33,Private,59944,HS-grad,9,Never-married,Transport-moving,Not-in-family,White,Male,0,0,40,United-States,<=50K
38,Private,126675,Bachelors,13,Married-civ-spouse,Prof-specialty,Husband,White,Male,0,0,40,United-States,>50K.
45,Federal-gov,169711,Assoc-acdm,12,Married-civ-spouse,Protective-serv,Husband,White,Male,15024,0,72,United-States,>50K.
53,Private,169182,10th,6,Married-spouse-absent,Machine-op-inspct,Not-in-family,White,Female,0,0,40,Columbia,<=50K
52,Private,228516,Some-college,10,Married-civ-spouse,Other-service,Husband,White,Male,0,0,35,United-States,>50K.
40,Private,356934,HS-grad,9,Married-civ-spouse,Craft-repair,Husband,White,Male,0,1902,45,United-States,>50K.
34,Private,153927,Bachelors,13,Married-civ-spouse,Prof-specialty,Husband,White,Male,0,0,40,United-States,>50K.
52,Self-emp-not-inc,182187,HS-grad,9,Married-civ-spouse,Transport-moving,Husband,Black,Male,0,0,40,Haiti,>50K.
34,Self-emp-not-inc,450141,Bachelors,13,Married-civ-spouse,Exec-managerial,Husband,White,Male,15024,0,35,United-States,>50K.
56,Private,192845,Some-college,10,Married-civ-spouse,Exec-managerial,Husband,White,Male,0,1887,40,United-States,>50K.
45,Local-gov,265477,Masters,14,Married-civ-spouse,Prof-specialty,Husband,White,Male,0,0,40,France,>50K.
40,Private,201764,HS-grad,9,Divorced,Craft-repair,Not-in-family,White,Male,0,0,40,United-States,<=50K
44,Local-gov,185267,Bachelors,13,Married-civ-spouse,Prof-specialty,Husband,White,Male,0,1902,40,United-States,>50K.
39,Self-emp-not-inc,272671,Bachelors,13,Married-civ-spouse,Exec-managerial,Husband,White,Male,0,0,50,United-States,>50K.
20,Private,293297,Some-college,10,Never-married,Other-service,Own-child,White,Male,0,0,35,United-States,<=50K
49,Private,239865,HS-grad,9,Married-civ-spouse,Tech-support,Husband,White,Male,0,0,50,United-States,>50K.
37,Federal-gov,197284,Some-college,10,Never-married,Adm-clerical,Own-child,White,Male,0,0,40,United-States,<=50K
41,Federal-gov,348059,Masters,14,Divorced,Exec-managerial,Unmarried,White,Female,0,0,40,United-States,>50K.
52,Private,153155,HS-grad,9,Married-civ-spouse,Craft-repair,Husband,White,Male,15024,0,40,United-States,>50K.
51,Private,353317,Masters,14,Married-civ-spouse,Exec-managerial,Husband,White,Male,0,0,70,United-States,>50K.
38,State-gov,162424,Bachelors,13,Married-civ-spouse,Prof-specialty,Husband,White,Male,0,0,40,United-States,>50K.
84,Private,388384,7th-8th,4,Married-civ-spouse,Prof-specialty,Husband,Black,Male,0,0,10,United-States,<=50K
30,Private,385177,Bachelors,13,Married-civ-spouse,Prof-specialty,Wife,White,Female,0,0,24,United-States,>50K.
42,Private,203542,HS-grad,9,Never-married,Craft-repair,Not-in-family,White,Male,0,0,40,United-States,<=50K
36,Private,150042,Bachelors,13,Divorced,Prof-specialty,Own-child,White,Female,0,0,40,United-States,<=50K
67,Private,366425,Doctorate,16,Divorced,Exec-managerial,Not-in-family,White,Male,99999,0,60,United-States,>50K.
21,Private,56582,11th,7,Never-married,Other-service,Own-child,White,Male,0,0,50,United-States,<=50K
38,Private,259846,HS-grad,9,Married-civ-spouse,Craft-repair,Husband,White,Male,0,0,60,United-States,>50K.
48,Self-emp-not-inc,100931,Some-college,10,Never-married,Adm-clerical,Not-in-family,White,Male,0,0,40,United-States,<=50K
64,Private,298301,HS-grad,9,Married-civ-spouse,Other-service,Husband,White,Male,0,0,40,United-States,<=50K
51,Private,103407,HS-grad,9,Divorced,Adm-clerical,Not-in-family,White,Female,0,0,40,United-States,<=50K
55,Self-emp-inc,150917,Some-college,10,Married-civ-spouse,Exec-managerial,Husband,White,Male,0,1977,45,United-States,>50K.
56,?,128900,Some-college,10,Widowed,?,Not-in-family,Black,Female,0,0,40,United-States,<=50K
21,Private,321666,HS-grad,9,Never-married,Craft-repair,Own-child,White,Male,594,0,40,United-States,<=50K
19,Private,183041,HS-grad,9,Never-married,Other-service,Own-child,White,Male,0,0,20,United-States,<=50K
54,Private,297551,Some-college,10,Married-civ-spouse,Craft-repair,Husband,White,Male,7298,0,40,United-States,>50K.
52,Private,186826,Prof-school,15,Never-married,Prof-specialty,Not-in-family,White,Male,0,1564,40,United-States,>50K.
62,Private,93997,Doctorate,16,Married-civ-spouse,Exec-managerial,Husband,White,Male,99999,0,40,United-States,>50K.
32,State-gov,159247,Masters,14,Married-civ-spouse,Prof-specialty,Husband,White,Male,0,0,50,United-States,<=50K
26,Private,150132,HS-grad,9,Never-married,Adm-clerical,Not-in-family,White,Female,0,0,45,United-States,<=50K
42,Private,152889,7th-8th,4,Married-civ-spouse,Craft-repair,Husband,White,Male,4386,0,50,United-States,>50K.
48,Private,188610,Assoc-acdm,12,Married-civ-spouse,Craft-repair,Husband,White,Male,0,0,48,United-States,>50K.
22,Private,203894,Some-college,10,Never-married,Transport-moving,Not-in-family,White,Female,0,0,24,United-States,<=50K
41,Private,80666,Some-college,10,Married-civ-spouse,Prof-specialty,Husband,White,Male,0,0,50,United-States,>50K.
40,Private,200766,HS-grad,9,Never-married,Machine-op-inspct,Not-in-family,Black,Male,14344,0,40,United-States,>50K.
37,Self-emp-not-inc,143774,Bachelors,13,Married-civ-spouse,Prof-specialty,Wife,White,Female,0,0,40,Germany,>50K.
19,Private,240468,Some-college,10,Married-spouse-absent,Sales,Own-child,White,Female,0,1602,40,United-States,<=50K
41,State-gov,119721,Some-college,10,Married-civ-spouse,Prof-specialty,Husband,White,Male,0,0,40,United-States,>50K.
54,State-gov,44172,HS-grad,9,Separated,Exec-managerial,Unmarried,White,Female,0,0,38,United-States,<=50K
56,Self-emp-inc,220896,HS-grad,9,Married-civ-spouse,Exec-managerial,Husband,White,Male,0,0,40,United-States,>50K.
31,Private,212705,Some-college,10,Married-civ-spouse,Tech-support,Husband,White,Male,0,0,40,United-States,>50K.
42,Self-emp-not-inc,296594,Masters,14,Married-civ-spouse,Exec-managerial,Husband,White,Male,0,0,50,United-States,>50K.
47,Private,188694,Masters,14,Married-civ-spouse,Prof-specialty,Husband,White,Male,15024,0,45,United-States,>50K.
37,Self-emp-not-inc,101561,Assoc-voc,11,Married-civ-spouse,Farming-fishing,Husband,White,Male,0,0,50,United-States,>50K.
33,Private,237833,Some-college,10,Divorced,Tech-support,Not-in-family,White,Female,0,0,40,United-States,<=50K
30,Private,151967,Some-college,10,Married-civ-spouse,Craft-repair,Husband,White,Male,0,0,58,United-States,<=50K
32,Private,51150,Assoc-voc,11,Divorced,Adm-clerical,Unmarried,White,Female,0,0,40,United-States,<=50K
45,State-gov,255456,Masters,14,Married-civ-spouse,Prof-specialty,Husband,Asian-Pac-Islander,Male,0,0,50,India,>50K.
72,Private,284080,1st-4th,2,Divorced,Other-service,Not-in-family,Black,Male,0,0,40,United-States,<=50K
44,Private,367819,Bachelors,13,Married-civ-spouse,Exec-managerial,Husband,White,Male,0,0,40,United-States,>50K.
55,Private,127728,HS-grad,9,Married-civ-spouse,Craft-repair,Husband,White,Male,0,0,50,United-States,>50K.
58,Private,125317,Doctorate,16,Married-civ-spouse,Prof-specialty,Husband,White,Male,0,0,60,United-States,>50K.
71,Self-emp-not-inc,200540,HS-grad,9,Married-civ-spouse,Sales,Husband,White,Male,0,2392,52,United-States,>50K.
48,Private,47343,Prof-school,15,Married-civ-spouse,Prof-specialty,Husband,White,Male,0,1977,70,United-States,>50K.
28,Private,249362,11th,7,Married-civ-spouse,Transport-moving,Husband,White,Male,0,0,50,United-States,<=50K
30,Private,116508,HS-grad,9,Married-civ-spouse,Craft-repair,Husband,White,Male,0,0,40,Germany,<=50K
32,Private,269182,Some-college,10,Separated,Tech-support,Unmarried,Black,Female,3887,0,40,United-States,<=50K
41,Local-gov,193553,Some-college,10,Married-civ-spouse,Protective-serv,Husband,Black,Male,0,0,64,United-States,>50K.
53,Private,35459,Some-college,10,Married-civ-spouse,Craft-repair,Husband,White,Male,0,0,47,United-States,>50K.
62,Private,345780,Assoc-voc,11,Divorced,Other-service,Not-in-family,White,Male,0,0,40,United-States,<=50K
30,Private,169002,Bachelors,13,Married-civ-spouse,Tech-support,Husband,White,Male,0,0,40,United-States,>50K.
26,Private,212800,Assoc-acdm,12,Never-married,Prof-specialty,Own-child,White,Female,0,0,36,United-States,<=50K
59,?,120617,Some-college,10,Never-married,?,Not-in-family,Black,Female,0,0,40,United-States,<=50K
40,Self-emp-not-inc,107762,Bachelors,13,Married-civ-spouse,Exec-managerial,Husband,White,Male,0,0,45,United-States,<=50K
46,Private,132919,HS-grad,9,Married-civ-spouse,Adm-clerical,Wife,White,Female,0,0,12,United-States,>50K.
50,State-gov,53497,Masters,14,Married-civ-spouse,Prof-specialty,Husband,White,Male,0,0,46,United-States,>50K.
37,Private,94706,Bachelors,13,Never-married,Prof-specialty,Own-child,Amer-Indian-Eskimo,Male,27828,0,40,United-States,>50K.
32,?,293936,7th-8th,4,Married-spouse-absent,?,Not-in-family,White,Male,0,0,40,?,<=50K
34,Private,85632,Some-college,10,Married-civ-spouse,Adm-clerical,Wife,White,Female,0,0,40,United-States,>50K.
50,Private,180195,Doctorate,16,Married-civ-spouse,Prof-specialty,Husband,White,Male,99999,0,50,United-States,>50K.
31,Private,148600,HS-grad,9,Married-civ-spouse,Machine-op-inspct,Husband,Black,Male,0,0,40,United-States,<=50K
50,Federal-gov,169078,HS-grad,9,Married-civ-spouse,Exec-managerial,Husband,White,Male,4386,0,40,United-States,>50K.
20,Private,174714,HS-grad,9,Never-married,Handlers-cleaners,Own-child,White,Male,0,0,40,United-States,<=50K
67,?,132626,Some-college,10,Married-civ-spouse,?,Husband,White,Male,0,0,6,United-States,<=50K
38,Private,220694,Some-college,10,Married-civ-spouse,Exec-managerial,Husband,White,Male,0,0,80,United-States,>50K.
49,Private,107373,10th,6,Married-civ-spouse,Transport-moving,Husband,White,Male,0,0,99,United-States,>50K.
57,Self-emp-inc,121912,Bachelors,13,Divorced,Exec-managerial,Not-in-family,White,Male,0,0,50,United-States,>50K.
64,?,193043,HS-grad,9,Married-civ-spouse,?,Husband,White,Male,0,0,40,United-States,<=50K
35,Private,272742,HS-grad,9,Divorced,Sales,Not-in-family,White,Male,27828,0,60,United-States,>50K.
59,Self-emp-not-inc,32552,HS-grad,9,Married-civ-spouse,Transport-moving,Husband,White,Male,0,0,48,United-States,<=50K
47,Local-gov,251588,Bachelors,13,Married-civ-spouse,Exec-managerial,Husband,Black,Male,0,0,40,United-States,>50K.
35,State-gov,216035,HS-grad,9,Married-civ-spouse,Protective-serv,Husband,White,Male,0,0,40,United-States,<=50K
57,Self-emp-not-inc,253914,1st-4th,2,Married-civ-spouse,Sales,Husband,White,Male,0,0,35,Mexico,<=50K
36,Local-gov,202207,HS-grad,9,Married-spouse-absent,Protective-serv,Not-in-family,White,Male,0,0,69,Germany,>50K.
44,Private,208606,Some-college,10,Married-civ-spouse,Machine-op-inspct,Husband,White,Male,0,0,40,United-States,>50K.
50,Private,341797,Assoc-acdm,12,Married-civ-spouse,Craft-repair,Husband,White,Male,0,0,40,Canada,>50K.
21,Private,140764,HS-grad,9,Never-married,Adm-clerical,Other-relative,White,Female,0,0,45,United-States,<=50K
42,Private,397346,HS-grad,9,Never-married,Craft-repair,Not-in-family,White,Male,3325,0,40,United-States,<=50K
53,Private,121441,Some-college,10,Married-civ-spouse,Sales,Husband,White,Male,0,0,55,United-States,<=50K
21,State-gov,166704,Some-college,10,Never-married,Other-service,Own-child,White,Female,0,0,14,United-States,<=50K
52,Private,194259,HS-grad,9,Divorced,Sales,Not-in-family,White,Female,0,0,40,Germany,<=50K
50,Private,162327,Some-college,10,Married-civ-spouse,Handlers-cleaners,Husband,White,Male,0,0,50,United-States,<=50K
39,Private,199816,HS-grad,9,Married-civ-spouse,Transport-moving,Husband,White,Male,0,0,50,United-States,>50K.
35,Private,270059,Some-college,10,Divorced,Sales,Unmarried,White,Female,0,0,30,United-States,<=50K
39,Local-gov,178100,Masters,14,Divorced,Prof-specialty,Unmarried,White,Female,0,0,40,United-States,<=50K
48,Self-emp-not-inc,324173,Assoc-voc,11,Divorced,Exec-managerial,Not-in-family,White,Female,0,0,50,United-States,<=50K
58,Private,200040,HS-grad,9,Married-civ-spouse,Craft-repair,Husband,White,Male,0,0,40,United-States,<=50K
44,Self-emp-not-inc,136986,Prof-school,15,Married-civ-spouse,Prof-specialty,Husband,White,Male,0,1977,50,United-States,>50K.
58,Private,348430,HS-grad,9,Married-civ-spouse,Craft-repair,Husband,White,Male,0,0,40,United-States,>50K.
53,Private,27166,HS-grad,9,Married-spouse-absent,Transport-moving,Not-in-family,White,Male,10520,0,40,United-States,>50K.
18,Private,322999,Some-college,10,Never-married,Other-service,Own-child,White,Female,0,0,20,United-States,<=50K
47,Private,167159,HS-grad,9,Married-civ-spouse,Handlers-cleaners,Husband,White,Male,0,0,40,United-States,>50K.
62,?,123612,Bachelors,13,Married-civ-spouse,?,Husband,White,Male,0,0,4,United-States,<=50K
20,Private,138768,HS-grad,9,Never-married,Transport-moving,Own-child,White,Male,0,0,30,United-States,<=50K
47,Local-gov,103540,Bachelors,13,Married-civ-spouse,Prof-specialty,Husband,White,Male,0,0,50,United-States,>50K.
59,Self-emp-not-inc,144071,5th-6th,3,Married-civ-spouse,Other-service,Husband,White,Male,2580,0,15,El-Salvador,<=50K
38,Private,66326,HS-grad,9,Married-civ-spouse,Transport-moving,Husband,White,Male,0,0,99,United-States,<=50K
31,Private,49469,Masters,14,Never-married,Exec-managerial,Not-in-family,White,Male,0,0,55,United-States,>50K.
56,Private,329654,Bachelors,13,Married-civ-spouse,Exec-managerial,Wife,Asian-Pac-Islander,Female,7688,0,50,United-States,>50K.
28,Federal-gov,381789,Bachelors,13,Never-married,Prof-specialty,Not-in-family,White,Male,0,0,50,United-States,<=50K
38,Private,22463,HS-grad,9,Married-civ-spouse,Craft-repair,Husband,White,Male,15024,0,45,United-States,>50K.
42,Local-gov,277256,Bachelors,13,Married-civ-spouse,Prof-specialty,Husband,White,Male,0,0,40,United-States,>50K.
26,Private,55743,HS-grad,9,Never-married,Adm-clerical,Unmarried,Black,Female,0,0,30,United-States,<=50K
51,Self-emp-not-inc,290688,5th-6th,3,Married-civ-spouse,Craft-repair,Husband,White,Male,0,0,40,United-States,<=50K
51,Private,196828,Some-college,10,Divorced,Sales,Not-in-family,White,Female,0,0,38,United-States,>50K.
51,Self-emp-not-inc,195634,Masters,14,Never-married,Exec-managerial,Not-in-family,White,Male,10520,0,20,United-States,>50K.
31,Federal-gov,86150,Bachelors,13,Married-civ-spouse,Adm-clerical,Wife,Asian-Pac-Islander,Female,5178,0,40,United-States,>50K.
26,Private,151724,Some-college,10,Married-civ-spouse,Sales,Husband,White,Male,0,0,40,United-States,>50K.
50,Local-gov,68898,Doctorate,16,Married-civ-spouse,Exec-managerial,Husband,White,Male,0,0,55,United-States,>50K.
48,Local-gov,121124,Bachelors,13,Married-civ-spouse,Prof-specialty,Husband,White,Male,0,0,55,United-States,>50K.
21,?,207782,Some-college,10,Never-married,?,Own-child,White,Male,0,0,30,United-States,<=50K
47,Private,189680,7th-8th,4,Married-civ-spouse,Craft-repair,Husband,White,Male,0,0,40,Italy,>50K.
58,Private,478354,Bachelors,13,Married-civ-spouse,Exec-managerial,Husband,White,Male,99999,0,50,United-States,>50K.
37,Private,272950,HS-grad,9,Married-civ-spouse,Exec-managerial,Husband,White,Male,0,0,40,United-States,<=50K
42,Private,210857,Bachelors,13,Married-civ-spouse,Exec-managerial,Husband,White,Male,7688,0,50,United-States,>50K.
24,Private,196943,Assoc-voc,11,Married-civ-spouse,Prof-specialty,Husband,White,Male,0,0,40,United-States,>50K.
36,Local-gov,287821,Bachelors,13,Married-civ-spouse,Adm-clerical,Wife,White,Female,0,0,40,United-States,>50K.
53,Self-emp-not-inc,146325,HS-grad,9,Married-civ-spouse,Craft-repair,Husband,White,Male,0,0,40,Yugoslavia,>50K.
46,Self-emp-not-inc,138626,HS-grad,9,Married-civ-spouse,Exec-managerial,Husband,White,Male,0,0,40,United-States,>50K.
74,State-gov,193602,Some-college,10,Widowed,Exec-managerial,Not-in-family,Black,Male,15831,0,40,United-States,>50K.
40,Private,133456,HS-grad,9,Married-civ-spouse,Sales,Other-relative,White,Female,0,0,24,United-States,>50K.
51,Private,143822,HS-grad,9,Married-civ-spouse,Sales,Husband,White,Male,0,0,50,United-States,>50K.
25,Private,150062,Some-college,10,Married-civ-spouse,Prof-specialty,Husband,White,Male,0,0,45,United-States,<=50K
49,Federal-gov,168598,HS-grad,9,Married-civ-spouse,Adm-clerical,Wife,Black,Female,0,0,40,United-States,>50K.
48,Private,83407,Masters,14,Married-civ-spouse,Prof-specialty,Husband,White,Male,0,0,50,United-States,>50K.
40,Private,296858,Some-college,10,Married-civ-spouse,Sales,Husband,White,Male,5178,0,40,United-States,>50K.
48,Private,192791,HS-grad,9,Married-civ-spouse,Machine-op-inspct,Husband,White,Male,0,0,40,United-States,<=50K
34,Private,410615,Assoc-acdm,12,Married-civ-spouse,Exec-managerial,Husband,White,Male,0,0,60,United-States,>50K.
39,Private,325374,Bachelors,13,Married-civ-spouse,Exec-managerial,Husband,White,Male,15024,0,40,United-States,>50K.
29,Private,250967,Assoc-voc,11,Married-civ-spouse,Prof-specialty,Husband,White,Male,0,0,40,United-States,<=50K
33,Private,304833,Bachelors,13,Married-civ-spouse,Sales,Husband,White,Male,0,0,45,United-States,>50K.
39,Private,56962,Some-college,10,Married-civ-spouse,Exec-managerial,Wife,White,Female,0,0,43,United-States,>50K.
42,Private,145441,HS-grad,9,Married-civ-spouse,Exec-managerial,Husband,White,Male,0,0,50,United-States,>50K.
28,Private,219267,HS-grad,9,Never-married,Other-service,Unmarried,White,Female,0,0,28,United-States,<=50K
23,Private,62278,HS-grad,9,Never-married,Craft-repair,Unmarried,White,Male,0,0,40,United-States,<=50K
28,Private,315287,Some-college,10,Never-married,Prof-specialty,Not-in-family,Black,Male,0,0,40,United-States,<=50K
58,State-gov,40925,Bachelors,13,Married-civ-spouse,Exec-managerial,Husband,White,Male,0,0,40,United-States,<=50K
30,Private,261023,Some-college,10,Divorced,Machine-op-inspct,Unmarried,White,Male,0,0,50,United-States,<=50K
37,Local-gov,203628,HS-grad,9,Married-civ-spouse,Protective-serv,Husband,White,Male,0,0,54,United-States,>50K.
31,Private,118941,Some-college,10,Never-married,Exec-managerial,Not-in-family,White,Female,0,0,40,United-States,>50K.
53,Private,185283,HS-grad,9,Married-civ-spouse,Craft-repair,Husband,White,Male,0,0,45,United-States,>50K.
41,State-gov,186990,Prof-school,15,Widowed,Prof-specialty,Not-in-family,Other,Female,0,0,52,United-States,>50K.
33,Private,182401,10th,6,Never-married,Adm-clerical,Not-in-family,Black,Male,0,0,40,United-States,<=50K
48,Private,191681,HS-grad,9,Married-civ-spouse,Craft-repair,Husband,White,Male,0,0,40,United-States,>50K.
38,Private,107125,Some-college,10,Never-married,Sales,Not-in-family,White,Male,0,0,60,United-States,<=50K
43,Private,183891,HS-grad,9,Divorced,Exec-managerial,Unmarried,White,Female,0,0,40,United-States,<=50K
56,Private,133025,HS-grad,9,Married-civ-spouse,Transport-moving,Husband,White,Male,0,0,50,United-States,<=50K
34,Private,154874,HS-grad,9,Never-married,Machine-op-inspct,Not-in-family,White,Male,4416,0,30,United-States,<=50K
44,Self-emp-inc,359259,HS-grad,9,Divorced,Craft-repair,Not-in-family,White,Male,0,0,60,Portugal,<=50K
42,Private,70055,HS-grad,9,Married-civ-spouse,Handlers-cleaners,Husband,White,Male,0,0,40,United-States,<=50K
47,Private,31141,Masters,14,Married-civ-spouse,Tech-support,Husband,White,Male,0,0,40,United-States,>50K.
23,Private,434894,HS-grad,9,Married-civ-spouse,Handlers-cleaners,Husband,Black,Male,0,0,40,United-States,<=50K
17,Private,327434,10th,6,Never-married,Sales,Own-child,White,Male,0,0,20,United-States,<=50K
30,Private,256970,Masters,14,Married-civ-spouse,Prof-specialty,Wife,White,Female,0,0,35,United-States,>50K.
53,Local-gov,124094,HS-grad,9,Married-civ-spouse,Craft-repair,Husband,White,Male,5013,0,35,United-States,<=50K
20,Local-gov,243178,HS-grad,9,Never-married,Handlers-cleaners,Own-child,White,Male,0,0,40,United-States,<=50K
46,Self-emp-inc,168796,Bachelors,13,Married-civ-spouse,Sales,Husband,White,Male,0,0,55,United-States,<=50K
52,Private,204322,Assoc-voc,11,Married-civ-spouse,Tech-support,Husband,White,Male,5013,0,40,United-States,<=50K
53,Self-emp-not-inc,169112,Bachelors,13,Married-civ-spouse,Exec-managerial,Husband,White,Male,0,0,40,Hungary,>50K.
41,Private,154374,Bachelors,13,Married-civ-spouse,Exec-managerial,Husband,White,Male,0,1887,50,United-States,>50K.
38,Private,91039,Bachelors,13,Married-civ-spouse,Sales,Husband,White,Male,5178,0,48,United-States,>50K.
19,Private,102723,Some-college,10,Never-married,Adm-clerical,Own-child,White,Female,0,0,40,United-States,<=50K
38,Private,29874,Assoc-voc,11,Married-civ-spouse,Craft-repair,Husband,White,Male,0,0,40,United-States,<=50K
38,Private,283293,HS-grad,9,Married-civ-spouse,Craft-repair,Husband,Black,Male,0,0,40,United-States,<=50K
52,Private,279440,HS-grad,9,Married-civ-spouse,Exec-managerial,Husband,White,Male,5178,0,40,United-States,>50K.
67,?,132057,HS-grad,9,Married-civ-spouse,?,Husband,Black,Male,0,0,20,United-States,<=50K
48,Local-gov,212050,Some-college,10,Married-civ-spouse,Prof-specialty,Husband,White,Male,0,0,40,United-States,>50K.
36,Private,182863,HS-grad,9,Married-civ-spouse,Sales,Husband,White,Male,0,0,60,United-States,>50K.
37,Local-gov,117760,Assoc-voc,11,Never-married,Protective-serv,Not-in-family,White,Male,4650,0,40,United-States,<=50K
33,Private,183778,HS-grad,9,Married-civ-spouse,Exec-managerial,Husband,White,Male,0,0,40,United-States,>50K.
43,Private,346189,Some-college,10,Married-civ-spouse,Prof-specialty,Husband,White,Male,0,0,40,United-States,>50K.
43,Private,190403,Bachelors,13,Married-civ-spouse,Other-service,Husband,White,Male,0,0,40,United-States,<=50K
61,Federal-gov,60641,Some-college,10,Married-civ-spouse,Adm-clerical,Wife,White,Female,0,0,30,United-States,<=50K
20,Private,209131,Some-college,10,Never-married,Machine-op-inspct,Own-child,White,Male,0,0,40,United-States,<=50K
46,Private,231515,Assoc-acdm,12,Never-married,Adm-clerical,Not-in-family,White,Female,0,0,47,Cuba,<=50K
59,Private,160362,HS-grad,9,Married-civ-spouse,Sales,Husband,White,Male,0,0,60,United-States,<=50K
36,Private,156352,9th,5,Never-married,Handlers-cleaners,Own-child,White,Male,0,0,40,United-States,<=50K
34,Local-gov,207668,Masters,14,Married-civ-spouse,Prof-specialty,Husband,White,Male,0,0,41,United-States,>50K.
21,Private,363192,Assoc-voc,11,Never-married,Other-service,Own-child,White,Female,0,0,40,United-States,<=50K
39,Private,191503,Bachelors,13,Married-civ-spouse,Prof-specialty,Husband,White,Male,0,1887,40,United-States,>50K.
40,Self-emp-not-inc,280433,Bachelors,13,Married-civ-spouse,Craft-repair,Husband,White,Male,0,0,50,United-States,<=50K
20,Private,306639,Some-college,10,Never-married,Handlers-cleaners,Own-child,White,Male,0,0,20,United-States,<=50K
30,Private,188146,HS-grad,9,Married-civ-spouse,Machine-op-inspct,Husband,White,Male,5013,0,40,United-States,<=50K
33,Private,97939,Assoc-acdm,12,Divorced,Machine-op-inspct,Not-in-family,White,Female,0,0,42,United-States,<=50K
43,Private,76487,11th,7,Married-civ-spouse,Craft-repair,Husband,White,Male,0,0,40,United-States,<=50K
50,Private,339954,HS-grad,9,Married-civ-spouse,Craft-repair,Husband,White,Male,0,0,40,United-States,>50K.
45,Private,163174,11th,7,Married-civ-spouse,Machine-op-inspct,Husband,White,Male,4386,0,40,United-States,>50K.
17,Private,156736,10th,6,Never-married,Sales,Unmarried,White,Female,0,0,12,United-States,<=50K
32,Private,296466,Assoc-voc,11,Married-civ-spouse,Craft-repair,Husband,White,Male,0,0,40,United-States,>50K.
42,Private,123838,Bachelors,13,Married-civ-spouse,Sales,Husband,White,Male,0,0,60,United-States,>50K.
52,Private,172962,Some-college,10,Married-civ-spouse,Craft-repair,Husband,White,Male,0,0,40,United-States,>50K.
31,Private,106753,Assoc-voc,11,Married-civ-spouse,Craft-repair,Husband,White,Male,0,1740,40,United-States,<=50K
44,Private,90582,Bachelors,13,Married-civ-spouse,Craft-repair,Husband,White,Male,0,0,50,United-States,>50K.
55,Private,323639,Some-college,10,Married-civ-spouse,Transport-moving,Husband,White,Male,0,0,74,United-States,>50K.
22,Self-emp-not-inc,143062,HS-grad,9,Never-married,Other-service,Own-child,White,Male,0,0,40,Greece,<=50K
58,Self-emp-not-inc,81642,HS-grad,9,Married-civ-spouse,Farming-fishing,Husband,White,Male,0,0,60,United-States,<=50K
22,Private,85389,HS-grad,9,Never-married,Tech-support,Own-child,White,Male,0,0,40,United-States,<=50K
44,Private,231853,HS-grad,9,Married-civ-spouse,Handlers-cleaners,Husband,Black,Male,0,1902,40,United-States,>50K.
23,Private,186813,HS-grad,9,Never-married,Protective-serv,Own-child,Amer-Indian-Eskimo,Male,0,0,40,United-States,<=50K
29,Private,263855,12th,8,Never-married,Craft-repair,Unmarried,White,Male,0,0,40,United-States,<=50K
49,Self-emp-not-inc,43479,Doctorate,16,Divorced,Prof-specialty,Unmarried,White,Male,0,0,63,Canada,>50K.
55,Private,208019,5th-6th,3,Married-civ-spouse,Machine-op-inspct,Husband,White,Male,0,0,40,Mexico,<=50K
40,Private,404573,Some-college,10,Never-married,Sales,Not-in-family,White,Female,0,0,44,United-States,<=50K
25,Private,207875,7th-8th,4,Married-civ-spouse,Handlers-cleaners,Husband,White,Male,0,0,40,Mexico,<=50K
61,Private,293899,Bachelors,13,Married-civ-spouse,Exec-managerial,Husband,White,Male,0,0,50,United-States,>50K.
54,Private,165001,HS-grad,9,Married-civ-spouse,Exec-managerial,Husband,White,Male,0,0,48,United-States,>50K.
47,Private,131160,Bachelors,13,Divorced,Other-service,Not-in-family,White,Female,99999,0,40,United-States,>50K.
38,Private,36989,Bachelors,13,Married-civ-spouse,Other-service,Husband,White,Male,3908,0,70,United-States,<=50K
71,Self-emp-not-inc,401203,Bachelors,13,Married-civ-spouse,Prof-specialty,Husband,White,Male,0,0,34,United-States,>50K.
40,Private,126701,Assoc-voc,11,Divorced,Sales,Not-in-family,White,Male,13550,0,50,United-States,>50K.
73,Federal-gov,142426,HS-grad,9,Divorced,Adm-clerical,Not-in-family,White,Female,25124,0,20,United-States,>50K.
30,Private,295010,Some-college,10,Married-civ-spouse,Adm-clerical,Other-relative,White,Female,0,0,40,United-States,>50K.
40,Self-emp-not-inc,194360,Assoc-voc,11,Married-civ-spouse,Sales,Husband,White,Male,0,0,72,United-States,>50K.
44,Private,227065,Bachelors,13,Married-civ-spouse,Prof-specialty,Husband,White,Male,99999,0,40,,>50K.
22,Local-gov,273734,HS-grad,9,Never-married,Farming-fishing,Own-child,White,Male,0,0,20,United-States,<=50K
52,Local-gov,133403,HS-grad,9,Married-civ-spouse,Transport-moving,Husband,White,Male,0,0,40,United-States,>50K.
36,Private,214816,HS-grad,9,Never-married,Craft-repair,Not-in-family,White,Female,0,0,40,United-States,<=50K
26,Private,304283,HS-grad,9,Married-civ-spouse,Machine-op-inspct,Husband,White,Male,0,0,40,United-States,<=50K
49,Private,225456,Bachelors,13,Married-civ-spouse,Exec-managerial,Husband,White,Male,0,0,40,United-States,>50K.
34,Private,344275,Masters,14,Never-married,Prof-specialty,Not-in-family,White,Male,0,0,60,,>50K.
37,Private,190964,HS-grad,9,Separated,Exec-managerial,Own-child,White,Male,0,0,40,United-States,<=50K
23,Private,163665,Some-college,10,Never-married,Sales,Own-child,White,Female,0,0,15,United-States,<=50K
19,Private,214935,Some-college,10,Never-married,Handlers-cleaners,Own-child,White,Male,0,0,40,United-States,<=50K
41,Private,163847,Bachelors,13,Married-civ-spouse,Farming-fishing,Husband,White,Male,0,0,45,United-States,>50K.
54,?,187221,7th-8th,4,Never-married,?,Not-in-family,White,Female,0,0,25,United-States,<=50K
43,Private,174325,7th-8th,4,Married-civ-spouse,Transport-moving,Husband,Black,Male,0,0,40,United-States,<=50K
57,Private,316000,HS-grad,9,Married-civ-spouse,Craft-repair,Husband,White,Male,0,0,40,United-States,<=50K
26,Private,89326,Bachelors,13,Never-married,Sales,Not-in-family,White,Male,0,0,40,United-States,<=50K
37,Self-emp-not-inc,298444,Masters,14,Married-civ-spouse,Prof-specialty,Husband,White,Male,0,0,40,United-States,<=50K
47,Private,359766,7th-8th,4,Divorced,Handlers-cleaners,Other-relative,Black,Male,0,0,40,United-States,<=50K
54,Federal-gov,35576,Some-college,10,Married-civ-spouse,Craft-repair,Husband,White,Male,0,0,40,United-States,<=50K
50,Private,140741,11th,7,Never-married,Machine-op-inspct,Other-relative,White,Female,0,0,40,United-States,<=50K
23,?,214238,7th-8th,4,Never-married,?,Not-in-family,White,Female,0,0,40,Mexico,<=50K
21,?,277700,Some-college,10,Never-married,?,Own-child,White,Male,0,0,20,United-States,<=50K
55,Self-emp-inc,257216,Masters,14,Widowed,Sales,Not-in-family,White,Female,0,0,40,United-States,<=50K
62,Local-gov,123749,Bachelors,13,Married-civ-spouse,Exec-managerial,Husband,White,Male,0,0,40,United-States,>50K.
35,Private,189922,Assoc-voc,11,Married-civ-spouse,Tech-support,Husband,White,Male,0,0,52,United-States,>50K.
35,Private,190297,Bachelors,13,Married-civ-spouse,Sales,Husband,White,Male,0,1977,65,United-States,>50K.
46,Private,235334,Masters,14,Married-civ-spouse,Exec-managerial,Husband,Black,Male,99999,0,60,United-States,>50K.
40,Federal-gov,77332,Some-college,10,Divorced,Adm-clerical,Not-in-family,White,Female,0,0,50,United-States,<=50K
46,Self-emp-not-inc,317253,HS-grad,9,Married-civ-spouse,Craft-repair,Husband,White,Male,0,0,25,United-States,<=50K
48,Private,162187,Bachelors,13,Married-civ-spouse,Exec-managerial,Husband,White,Male,0,0,48,United-States,>50K.
38,Self-emp-not-inc,180477,Prof-school,15,Married-civ-spouse,Prof-specialty,Husband,White,Male,0,0,37,United-States,>50K.
31,Private,175509,Bachelors,13,Never-married,Prof-specialty,Not-in-family,White,Male,0,0,50,United-States,<=50K
44,Private,335248,Some-college,10,Divorced,Adm-clerical,Not-in-family,White,Female,0,0,40,United-States,<=50K
38,State-gov,116975,Some-college,10,Married-civ-spouse,Protective-serv,Husband,White,Male,0,1887,50,United-States,>50K.
21,Private,411068,Some-college,10,Never-married,Adm-clerical,Own-child,White,Female,0,0,35,United-States,<=50K
28,Local-gov,250135,Masters,14,Married-civ-spouse,Prof-specialty,Wife,White,Female,0,1902,55,United-States,<=50K
28,State-gov,266855,Bachelors,13,Married-civ-spouse,Protective-serv,Husband,White,Male,0,0,50,United-States,>50K.
29,Private,118337,HS-grad,9,Married-civ-spouse,Transport-moving,Husband,White,Male,0,0,60,United-States,<=50K
45,Local-gov,211666,Doctorate,16,Never-married,Prof-specialty,Not-in-family,White,Female,0,0,40,United-States,>50K.
44,Local-gov,141186,Masters,14,Divorced,Prof-specialty,Not-in-family,White,Female,8614,0,35,United-States,>50K.
46,Private,181810,HS-grad,9,Married-civ-spouse,Craft-repair,Husband,Black,Male,4064,0,40,United-States,<=50K
30,Private,209900,Bachelors,13,Married-civ-spouse,Craft-repair,Husband,White,Male,0,0,40,United-States,<=50K
18,Private,212936,Some-college,10,Never-married,Other-service,Own-child,White,Male,0,0,15,United-States,<=50K
25,Private,308144,Bachelors,13,Never-married,Craft-repair,Not-in-family,White,Male,0,0,40,Mexico,<=50K
31,Private,269654,Bachelors,13,Never-married,Sales,Not-in-family,White,Male,0,0,48,United-States,<=50K
45,Self-emp-not-inc,67716,Some-college,10,Married-civ-spouse,Exec-managerial,Husband,White,Male,0,0,60,United-States,<=50K
32,Private,200246,Some-college,10,Married-civ-spouse,Craft-repair,Husband,White,Male,0,0,40,United-States,>50K.
52,Private,163948,9th,5,Married-civ-spouse,Farming-fishing,Husband,White,Male,0,0,60,United-States,>50K.
49,Self-emp-inc,106634,Masters,14,Never-married,Exec-managerial,Not-in-family,White,Female,27828,0,35,United-States,>50K.
55,Private,80167,Bachelors,13,Divorced,Prof-specialty,Unmarried,White,Female,0,0,40,United-States,<=50K
19,Private,143857,Some-college,10,Never-married,Sales,Own-child,White,Female,0,0,35,United-States,<=50K
36,Private,143123,Bachelors,13,Married-civ-spouse,Sales,Husband,White,Male,0,1902,40,United-States,>50K.
36,Private,200360,Some-college,10,Never-married,Craft-repair,Not-in-family,White,Male,0,0,40,United-States,<=50K
39,Self-emp-not-inc,122353,Bachelors,13,Married-civ-spouse,Exec-managerial,Husband,White,Male,0,0,40,United-States,<=50K
19,Private,210308,Some-college,10,Never-married,Adm-clerical,Own-child,White,Female,0,0,15,United-States,<=50K
41,Local-gov,42346,Some-college,10,Divorced,Other-service,Not-in-family,Black,Female,0,0,24,United-States,<=50K
19,?,172582,Some-college,10,Never-married,?,Own-child,White,Male,0,0,50,United-States,<=50K
26,Private,240842,HS-grad,9,Never-married,Machine-op-inspct,Unmarried,Black,Female,0,0,40,United-States,<=50K
41,Self-emp-inc,443508,Doctorate,16,Married-civ-spouse,Exec-managerial,Husband,White,Male,99999,0,60,United-States,>50K.
56,,124319,Masters,14,Married-civ-spouse,,Husband,White,Male,0,0,40,United-States,>50K.
41,Private,228847,Some-college,10,Married-civ-spouse,Sales,Husband,White,Male,0,0,40,United-States,>50K.
23,Private,123983,Assoc-voc,11,Never-married,Prof-specialty,Own-child,Asian-Pac-Islander,Male,0,0,40,United-States,<=50K
17,Private,365613,10th,6,Never-married,Other-service,Own-child,White,Male,0,0,10,Canada,<=50K
40,Private,272240,HS-grad,9,Divorced,Machine-op-inspct,Not-in-family,White,Female,0,0,40,United-States,<=50K
28,Private,193125,Some-college,10,Married-civ-spouse,Sales,Wife,White,Female,0,0,40,United-States,>50K.
57,Local-gov,196126,Assoc-voc,11,Married-civ-spouse,Protective-serv,Husband,White,Male,0,0,40,United-States,>50K.
68,Self-emp-not-inc,195881,HS-grad,9,Married-civ-spouse,Farming-fishing,Husband,White,Male,2414,0,40,United-States,<=50K
39,Private,33223,HS-grad,9,Married-civ-spouse,Adm-clerical,Husband,White,Male,0,0,40,United-States,>50K.
61,Private,345697,HS-grad,9,Married-civ-spouse,Prof-specialty,Husband,White,Male,3103,0,40,United-States,>50K.
41,Self-emp-inc,38876,Assoc-acdm,12,Married-civ-spouse,Farming-fishing,Husband,White,Male,0,1977,50,United-States,>50K.
33,Private,131934,HS-grad,9,Divorced,Exec-managerial,Not-in-family,White,Female,0,0,45,United-States,<=50K
48,Private,279724,HS-grad,9,Married-civ-spouse,Machine-op-inspct,Husband,White,Male,3103,0,48,United-States,>50K.
47,Private,27624,HS-grad,9,Never-married,Sales,Not-in-family,White,Female,0,0,65,United-States,>50K.
35,Private,132879,Assoc-voc,11,Married-civ-spouse,Adm-clerical,Husband,White,Male,15024,0,40,Italy,>50K.
46,Private,64563,Masters,14,Married-civ-spouse,Prof-specialty,Husband,White,Male,0,1887,45,United-States,>50K.
25,Private,322585,HS-grad,9,Never-married,Sales,Not-in-family,White,Male,0,0,45,United-States,<=50K
27,Private,329426,Bachelors,13,Never-married,Exec-managerial,Not-in-family,White,Male,0,0,45,United-States,<=50K
30,Self-emp-inc,191571,Some-college,10,Never-married,Exec-managerial,Not-in-family,White,Female,0,0,40,United-States,>50K.
35,Private,308945,HS-grad,9,Divorced,Tech-support,Unmarried,White,Female,0,0,75,United-States,<=50K
50,Self-emp-not-inc,165219,Prof-school,15,Married-civ-spouse,Prof-specialty,Wife,White,Female,0,0,35,United-States,>50K.
41,Private,96741,Assoc-acdm,12,Divorced,Sales,Unmarried,White,Male,0,0,40,United-States,<=50K
39,Private,79586,Some-college,10,Married-civ-spouse,Tech-support,Husband,Asian-Pac-Islander,Male,0,0,35,India,>50K.
63,Private,67903,9th,5,Separated,Farming-fishing,Not-in-family,Black,Male,0,0,40,United-States,<=50K
29,Private,153416,Bachelors,13,Never-married,Exec-managerial,Not-in-family,White,Female,0,0,55,United-States,<=50K
23,Private,189830,Some-college,10,Married-civ-spouse,Other-service,Husband,Black,Male,0,0,50,United-States,<=50K
51,Federal-gov,914061,Some-college,10,Married-civ-spouse,Adm-clerical,Husband,White,Male,0,0,44,United-States,>50K.
51,Private,214840,Some-college,10,Married-civ-spouse,Craft-repair,Husband,White,Male,0,0,48,United-States,>50K.
31,Private,356823,Bachelors,13,Never-married,Tech-support,Not-in-family,White,Female,10520,0,40,United-States,>50K.
36,Private,102568,Bachelors,13,Never-married,Prof-specialty,Not-in-family,White,Female,0,0,40,United-States,>50K.
36,Private,275338,Bachelors,13,Married-civ-spouse,Exec-managerial,Wife,White,Female,0,0,40,United-States,>50K.
51,Self-emp-not-inc,311569,HS-grad,9,Divorced,Sales,Not-in-family,White,Male,0,0,40,United-States,<=50K
19,Private,108147,Some-college,10,Never-married,Adm-clerical,Own-child,White,Female,0,0,15,United-States,<=50K
40,Private,327573,Assoc-voc,11,Married-civ-spouse,Craft-repair,Husband,White,Male,0,0,40,United-States,<=50K
19,?,52114,Some-college,10,Never-married,?,Own-child,White,Female,0,0,10,United-States,<=50K
47,Federal-gov,239321,Assoc-voc,11,Married-civ-spouse,Adm-clerical,Husband,White,Male,0,0,45,United-States,>50K.
41,Private,145175,Some-college,10,Married-civ-spouse,Adm-clerical,Husband,White,Male,3103,0,40,United-States,>50K.
44,Private,180609,Some-college,10,Divorced,Craft-repair,Not-in-family,White,Male,0,0,42,United-States,<=50K
26,Private,136309,Bachelors,13,Never-married,Other-service,Not-in-family,White,Male,0,0,40,United-States,<=50K
33,Private,172304,Assoc-voc,11,Married-civ-spouse,Craft-repair,Husband,White,Male,0,0,50,United-States,>50K.
44,Local-gov,143104,Some-college,10,Married-civ-spouse,Exec-managerial,Wife,White,Female,0,0,38,United-States,>50K.
38,Private,278924,Bachelors,13,Never-married,Farming-fishing,Not-in-family,White,Male,0,0,40,United-States,<=50K
47,Private,289517,Bachelors,13,Married-civ-spouse,Craft-repair,Husband,White,Male,0,0,50,United-States,>50K.
25,Private,208999,Some-college,10,Separated,Adm-clerical,Own-child,White,Male,0,0,40,United-States,<=50K
65,Private,90907,5th-6th,3,Married-civ-spouse,Other-service,Husband,Asian-Pac-Islander,Male,0,0,40,United-States,<=50K
64,?,45817,9th,5,Married-civ-spouse,?,Husband,White,Male,0,0,50,United-States,<=50K
33,Private,33117,Assoc-acdm,12,Married-civ-spouse,Protective-serv,Husband,White,Male,0,0,40,United-States,<=50K
47,Self-emp-inc,110901,Prof-school,15,Married-civ-spouse,Prof-specialty,Husband,White,Male,0,2415,55,United-States,>50K.
31,Federal-gov,484669,Some-college,10,Never-married,Tech-support,Not-in-family,White,Male,0,0,40,United-States,<=50K
33,Private,209101,HS-grad,9,Never-married,Adm-clerical,Not-in-family,White,Male,0,0,40,United-States,<=50K
32,Self-emp-not-inc,350624,12th,8,Married-civ-spouse,Craft-repair,Husband,White,Male,0,0,40,United-States,<=50K
48,Local-gov,125892,Masters,14,Married-civ-spouse,Exec-managerial,Husband,White,Male,0,0,40,United-States,>50K.
28,?,131310,HS-grad,9,Separated,?,Unmarried,White,Female,0,0,40,United-States,<=50K
36,Private,214008,Some-college,10,Married-civ-spouse,Adm-clerical,Husband,White,Male,0,0,40,United-States,>50K.
27,Private,130067,Some-college,10,Never-married,Exec-managerial,Not-in-family,White,Female,0,0,65,United-States,<=50K
39,Federal-gov,72338,Some-college,10,Married-civ-spouse,Adm-clerical,Husband,Asian-Pac-Islander,Male,0,0,40,United-States,>50K.
19,Private,167149,Some-college,10,Never-married,Sales,Own-child,White,Female,0,0,25,United-States,<=50K
21,Private,206861,Some-college,10,Never-married,Sales,Own-child,White,Male,0,0,20,?,<=50K
46,Local-gov,126754,Bachelors,13,Married-civ-spouse,Craft-repair,Husband,White,Male,0,0,50,United-States,>50K.
54,Local-gov,279881,Assoc-voc,11,Married-civ-spouse,Transport-moving,Husband,Black,Male,0,0,40,United-States,<=50K
37,Private,269323,Bachelors,13,Married-civ-spouse,Prof-specialty,Husband,White,Male,0,0,55,United-States,>50K.
22,Private,221745,Some-college,10,Divorced,Machine-op-inspct,Own-child,White,Female,0,0,40,United-States,<=50K
57,Private,89182,HS-grad,9,Widowed,Adm-clerical,Not-in-family,White,Female,0,0,40,United-States,<=50K
23,Private,208908,Bachelors,13,Never-married,Other-service,Not-in-family,White,Female,0,0,30,United-States,<=50K
30,Private,100734,Bachelors,13,Married-civ-spouse,Exec-managerial,Other-relative,White,Female,0,0,40,Greece,>50K.
42,Private,262243,11th,7,Married-civ-spouse,Craft-repair,Husband,White,Male,0,0,35,United-States,>50K.
55,Private,204334,Prof-school,15,Married-civ-spouse,Exec-managerial,Husband,White,Male,0,1977,55,England,>50K.
37,Federal-gov,362006,HS-grad,9,Married-civ-spouse,Adm-clerical,Wife,White,Female,0,0,40,United-States,>50K.
46,Private,101320,Bachelors,13,Separated,Prof-specialty,Unmarried,White,Female,0,0,42,United-States,>50K.
43,Private,24264,Some-college,10,Married-civ-spouse,Prof-specialty,Husband,White,Male,0,0,40,United-States,>50K.
50,Local-gov,173630,Masters,14,Married-civ-spouse,Prof-specialty,Husband,White,Male,0,0,36,United-States,>50K.
40,Self-emp-inc,266047,Bachelors,13,Never-married,Exec-managerial,Not-in-family,White,Male,0,0,65,United-States,>50K.
23,Private,208826,Bachelors,13,Never-married,Other-service,Not-in-family,White,Female,0,0,40,United-States,<=50K
64,Private,137205,Assoc-voc,11,Married-civ-spouse,Craft-repair,Husband,White,Male,0,0,48,United-States,<=50K
41,Local-gov,247082,Masters,14,Married-civ-spouse,Prof-specialty,Husband,White,Male,0,0,40,United-States,>50K.
17,Private,193769,9th,5,Never-married,Other-service,Unmarried,White,Male,0,0,20,United-States,<=50K
58,Private,52090,Prof-school,15,Divorced,Tech-support,Unmarried,White,Male,0,0,40,United-States,>50K.
51,Self-emp-not-inc,275924,Bachelors,13,Married-civ-spouse,Exec-managerial,Husband,White,Male,99999,0,50,Mexico,>50K.
43,Private,346081,Prof-school,15,Married-civ-spouse,Prof-specialty,Husband,White,Male,15024,0,50,United-States,>50K.
45,Self-emp-inc,270535,Bachelors,13,Married-civ-spouse,Prof-specialty,Husband,White,Male,15024,0,40,United-States,>50K.
40,Private,145441,HS-grad,9,Married-civ-spouse,Exec-managerial,Husband,White,Male,0,1485,40,United-States,>50K.
60,Private,178249,Some-college,10,Married-civ-spouse,Adm-clerical,Husband,White,Male,0,1887,40,United-States,>50K.
29,Private,349154,10th,6,Separated,Farming-fishing,Unmarried,White,Female,0,0,40,Guatemala,<=50K
23,Private,184255,HS-grad,9,Married-civ-spouse,Sales,Wife,White,Female,0,0,40,United-States,<=50K
32,Private,79586,Bachelors,13,Married-civ-spouse,Exec-managerial,Husband,Asian-Pac-Islander,Male,0,0,40,Philippines,>50K.
37,Private,188763,Bachelors,13,Married-civ-spouse,Prof-specialty,Husband,White,Male,0,0,45,United-States,>50K.
40,Self-emp-inc,189941,Bachelors,13,Married-civ-spouse,Prof-specialty,Husband,White,Male,3103,0,60,United-States,>50K.
30,State-gov,352045,Masters,14,Separated,Craft-repair,Not-in-family,White,Male,99999,0,40,United-States,>50K.
30,Private,211840,Some-college,10,Separated,Sales,Unmarried,Black,Female,0,0,16,United-States,<=50K
44,Self-emp-inc,240900,Bachelors,13,Married-civ-spouse,Sales,Husband,White,Male,0,0,40,United-States,>50K.
17,Local-gov,173497,11th,7,Never-married,Prof-specialty,Own-child,Black,Male,0,0,15,United-States,<=50K
34,Local-gov,303867,9th,5,Never-married,Other-service,Own-child,White,Male,0,0,40,United-States,<=50K
46,Local-gov,354962,HS-grad,9,Married-civ-spouse,Machine-op-inspct,Husband,Black,Male,0,0,40,United-States,<=50K
65,Private,185455,Some-college,10,Married-civ-spouse,Tech-support,Husband,White,Male,0,0,40,United-States,>50K.
27,Private,158156,HS-grad,9,Never-married,Other-service,Not-in-family,White,Female,0,0,42,United-States,<=50K
40,Private,174947,HS-grad,9,Married-civ-spouse,Machine-op-inspct,Husband,White,Male,0,0,45,United-States,>50K.
31,Private,140206,HS-grad,9,Married-civ-spouse,Machine-op-inspct,Husband,White,Male,0,0,40,United-States,>50K.
44,Private,167725,HS-grad,9,Married-civ-spouse,Sales,Husband,White,Male,0,0,24,United-States,<=50K
22,?,120572,Some-college,10,Never-married,?,Own-child,White,Female,0,0,40,United-States,<=50K
65,Private,266828,Bachelors,13,Married-civ-spouse,Sales,Husband,White,Male,0,0,24,United-States,>50K.
41,Private,169628,HS-grad,9,Married-civ-spouse,Machine-op-inspct,Wife,Black,Female,0,0,40,?,<=50K
27,Private,160786,HS-grad,9,Divorced,Other-service,Not-in-family,White,Male,0,0,30,United-States,<=50K
58,Private,220896,HS-grad,9,Married-civ-spouse,Exec-managerial,Husband,White,Male,0,0,40,United-States,>50K.
29,Private,209472,HS-grad,9,Married-civ-spouse,Machine-op-inspct,Husband,White,Male,0,0,38,United-States,<=50K
60,Private,162947,5th-6th,3,Divorced,Machine-op-inspct,Not-in-family,White,Female,0,0,40,Puerto-Rico,<=50K
17,?,170320,11th,7,Never-married,?,Own-child,White,Female,0,0,8,United-States,<=50K
66,State-gov,33155,HS-grad,9,Married-civ-spouse,Exec-managerial,Husband,White,Male,0,0,45,United-States,>50K.
37,Private,82283,5th-6th,3,Married-civ-spouse,Other-service,Husband,Asian-Pac-Islander,Male,0,0,40,?,<=50K
41,Private,327723,HS-grad,9,Divorced,Exec-managerial,Not-in-family,White,Male,0,0,40,United-States,<=50K
17,Private,234780,HS-grad,9,Never-married,Farming-fishing,Own-child,Black,Male,0,0,40,United-States,<=50K
43,Private,173590,Bachelors,13,Married-civ-spouse,Sales,Husband,White,Male,0,0,40,United-States,>50K.
27,Private,267325,HS-grad,9,Married-civ-spouse,Sales,Wife,White,Female,3464,0,40,United-States,<=50K
28,Private,339002,HS-grad,9,Never-married,Transport-moving,Own-child,White,Male,0,0,20,United-States,<=50K
39,Private,119098,Assoc-voc,11,Married-civ-spouse,Exec-managerial,Husband,White,Male,0,0,40,United-States,<=50K
51,Private,145166,HS-grad,9,Married-civ-spouse,Adm-clerical,Husband,White,Male,0,0,50,United-States,<=50K
42,Private,249332,HS-grad,9,Married-civ-spouse,Machine-op-inspct,Husband,White,Male,0,0,40,United-States,>50K.
44,Private,367749,1st-4th,2,Never-married,Machine-op-inspct,Not-in-family,White,Female,0,0,40,El-Salvador,<=50K
46,Self-emp-not-inc,504941,Assoc-voc,11,Married-civ-spouse,Exec-managerial,Husband,White,Male,0,0,40,United-States,>50K.
33,Private,190772,HS-grad,9,Never-married,Adm-clerical,Not-in-family,White,Female,0,1617,40,United-States,<=50K
26,Private,64293,Some-college,10,Never-married,Prof-specialty,Not-in-family,White,Female,0,0,35,United-States,<=50K
63,,176827,Some-college,10,Married-civ-spouse,,Husband,White,Male,0,0,30,United-States,>50K.
50,Federal-gov,36489,Some-college,10,Divorced,Exec-managerial,Unmarried,White,Male,0,0,40,United-States,<=50K
23,State-gov,103588,Some-college,10,Never-married,Adm-clerical,Own-child,White,Male,0,0,25,United-States,<=50K
46,State-gov,111163,HS-grad,9,Separated,Adm-clerical,Unmarried,White,Female,0,0,38,United-States,<=50K
51,Private,177927,Doctorate,16,Married-civ-spouse,Prof-specialty,Husband,White,Male,0,0,60,United-States,>50K.
65,Private,187493,Masters,14,Married-civ-spouse,Prof-specialty,Husband,White,Male,20051,0,40,Germany,>50K.
32,Private,183811,HS-grad,9,Married-civ-spouse,Handlers-cleaners,Husband,White,Male,2829,0,40,United-States,<=50K
45,State-gov,252208,HS-grad,9,Separated,Adm-clerical,Own-child,White,Female,0,0,40,United-States,<=50K
33,Private,190511,7th-8th,4,Divorced,Handlers-cleaners,Not-in-family,White,Male,2176,0,35,United-States,<=50K
38,State-gov,462832,Some-college,10,Married-civ-spouse,Exec-managerial,Wife,Black,Female,0,0,40,Trinadad&Tobago,<=50K
47,Local-gov,169324,Masters,14,Married-civ-spouse,Prof-specialty,Wife,Black,Female,4386,0,35,United-States,>50K.
43,Private,156771,10th,6,Married-civ-spouse,Adm-clerical,Husband,White,Male,0,0,40,United-States,<=50K
43,Private,203233,HS-grad,9,Married-civ-spouse,Transport-moving,Husband,White,Male,0,0,50,United-States,>50K.
45,Private,153682,Some-college,10,Married-civ-spouse,Adm-clerical,Husband,Black,Male,0,0,40,United-States,>50K.
35,State-gov,349066,HS-grad,9,Divorced,Machine-op-inspct,Own-child,White,Male,0,0,40,United-States,<=50K
44,Local-gov,159449,Some-college,10,Married-civ-spouse,Protective-serv,Husband,White,Male,0,0,80,United-States,>50K.
46,Private,158825,HS-grad,9,Divorced,Craft-repair,Not-in-family,White,Female,14344,0,40,United-States,>50K.
41,Private,107845,Bachelors,13,Married-civ-spouse,Prof-specialty,Wife,White,Female,0,0,40,United-States,>50K.
67,?,125926,Some-college,10,Married-civ-spouse,?,Husband,White,Male,0,0,8,United-States,<=50K
47,Self-emp-inc,308241,Bachelors,13,Divorced,Exec-managerial,Unmarried,White,Female,0,0,60,United-States,>50K.
43,Federal-gov,111483,Assoc-voc,11,Married-civ-spouse,Prof-specialty,Husband,White,Male,3103,0,40,United-States,>50K.
36,Private,150042,HS-grad,9,Never-married,Adm-clerical,Own-child,White,Female,0,0,40,United-States,<=50K
56,Private,232139,HS-grad,9,Divorced,Transport-moving,Not-in-family,White,Male,0,0,40,United-States,<=50K
56,Private,50490,HS-grad,9,Married-civ-spouse,Sales,Husband,White,Male,0,0,45,United-States,>50K.
25,Private,261519,HS-grad,9,Never-married,Sales,Own-child,White,Male,0,0,35,United-States,<=50K
23,Private,149224,HS-grad,9,Never-married,Sales,Not-in-family,White,Male,0,0,40,United-States,<=50K
58,Private,85767,Some-college,10,Married-civ-spouse,Sales,Husband,White,Male,0,0,48,United-States,<=50K
62,Private,216765,Bachelors,13,Married-civ-spouse,Prof-specialty,Husband,White,Male,0,0,40,,>50K.
48,Self-emp-inc,302612,Masters,14,Married-civ-spouse,Other-service,Husband,White,Male,0,0,40,United-States,<=50K
44,Private,83508,Prof-school,15,Divorced,Prof-specialty,Not-in-family,White,Female,2354,0,99,United-States,<=50K
36,Private,170174,HS-grad,9,Married-civ-spouse,Craft-repair,Husband,White,Male,15024,0,56,United-States,>50K.
36,Private,154410,Bachelors,13,Married-civ-spouse,Sales,Husband,White,Male,0,1902,40,United-States,>50K.
18,Private,107277,11th,7,Never-married,Sales,Own-child,White,Female,0,0,20,United-States,<=50K
55,Private,115439,Some-college,10,Married-civ-spouse,Prof-specialty,Husband,White,Male,0,0,40,United-States,>50K.
41,Federal-gov,255543,Some-college,10,Married-civ-spouse,Adm-clerical,Husband,White,Male,0,0,40,United-States,>50K.
20,Private,38772,10th,6,Never-married,Handlers-cleaners,Unmarried,White,Male,0,0,50,United-States,<=50K
28,Self-emp-not-inc,195607,HS-grad,9,Married-civ-spouse,Sales,Wife,White,Female,0,0,40,United-States,<=50K
50,Self-emp-not-inc,34067,Some-college,10,Married-civ-spouse,Farming-fishing,Husband,White,Male,0,0,60,United-States,>50K.
35,Private,323120,Assoc-acdm,12,Never-married,Machine-op-inspct,Not-in-family,White,Female,0,0,44,United-States,>50K.
40,Private,248094,HS-grad,9,Married-civ-spouse,Transport-moving,Husband,White,Male,0,0,40,United-States,<=50K
37,Private,186934,Bachelors,13,Married-civ-spouse,Prof-specialty,Other-relative,White,Male,0,0,40,United-States,>50K.
45,Self-emp-inc,88500,Bachelors,13,Married-civ-spouse,Sales,Husband,White,Male,7298,0,40,United-States,>50K.
39,Private,117381,Some-college,10,Married-civ-spouse,Sales,Husband,White,Male,0,0,50,United-States,>50K.
66,?,129476,Bachelors,13,Married-civ-spouse,?,Husband,White,Male,0,0,6,United-States,<=50K
34,Private,55849,HS-grad,9,Married-civ-spouse,Exec-managerial,Husband,White,Male,7298,0,50,United-States,>50K.
26,Self-emp-not-inc,281678,Assoc-voc,11,Married-civ-spouse,Farming-fishing,Husband,White,Male,0,0,55,United-States,<=50K
42,Private,183319,HS-grad,9,Divorced,Craft-repair,Not-in-family,White,Male,0,0,43,United-States,>50K.
46,Self-emp-not-inc,24367,10th,6,Married-civ-spouse,Farming-fishing,Husband,White,Male,0,0,99,United-States,>50K.
36,Private,220237,Masters,14,Divorced,Exec-managerial,Not-in-family,White,Male,0,0,50,Greece,>50K.
31,Private,500002,1st-4th,2,Married-civ-spouse,Farming-fishing,Husband,White,Male,0,0,45,Mexico,<=50K
27,Private,50132,Some-college,10,Divorced,Sales,Not-in-family,White,Male,0,0,50,United-States,<=50K
37,Private,64922,Bachelors,13,Separated,Other-service,Not-in-family,White,Male,0,0,70,England,<=50K
43,,96321,HS-grad,9,Married-civ-spouse,,Husband,White,Male,0,0,40,United-States,>50K.
50,Self-emp-inc,171338,Masters,14,Married-civ-spouse,Sales,Husband,White,Male,15024,0,40,United-States,>50K.
64,Private,101077,Prof-school,15,Widowed,Prof-specialty,Not-in-family,White,Female,0,2444,40,United-States,>50K.
56,Private,253854,Some-college,10,Married-civ-spouse,Prof-specialty,Husband,White,Male,0,0,40,United-States,>50K.
61,Federal-gov,91726,Masters,14,Married-civ-spouse,Tech-support,Wife,White,Female,0,0,40,United-States,>50K.
50,Local-gov,92486,Some-college,10,Married-civ-spouse,Craft-repair,Husband,White,Male,0,0,40,United-States,<=50K
45,Private,259323,Some-college,10,Married-civ-spouse,Craft-repair,Husband,White,Male,0,0,40,United-States,<=50K
17,Private,394176,10th,6,Never-married,Handlers-cleaners,Own-child,White,Male,0,0,20,United-States,<=50K
44,Private,120277,Prof-school,15,Married-civ-spouse,Prof-specialty,Husband,White,Male,99999,0,60,United-States,>50K.
46,Private,189123,Assoc-acdm,12,Married-civ-spouse,Tech-support,Husband,White,Male,7298,0,40,United-States,>50K.
48,Private,175925,HS-grad,9,Married-civ-spouse,Machine-op-inspct,Husband,White,Male,0,0,48,United-States,<=50K
33,Self-emp-inc,184245,HS-grad,9,Married-civ-spouse,Exec-managerial,Husband,White,Male,0,0,50,Mexico,>50K.
35,Private,148903,HS-grad,9,Divorced,Sales,Unmarried,White,Female,0,0,40,United-States,<=50K
34,Private,48935,Bachelors,13,Married-civ-spouse,Prof-specialty,Wife,White,Female,0,0,40,United-States,<=50K
32,Private,328199,Assoc-voc,11,Never-married,Tech-support,Not-in-family,White,Female,0,0,64,United-States,<=50K
27,Private,160731,Bachelors,13,Married-civ-spouse,Prof-specialty,Husband,White,Male,0,0,40,United-States,<=50K
45,Self-emp-inc,139268,Bachelors,13,Married-civ-spouse,Sales,Husband,White,Male,0,0,60,United-States,>50K.
39,Private,140477,HS-grad,9,Never-married,Machine-op-inspct,Not-in-family,White,Female,0,0,10,United-States,<=50K
42,Private,27661,Assoc-acdm,12,Married-civ-spouse,Exec-managerial,Husband,White,Male,7298,0,50,United-States,>50K.
43,Private,72338,Masters,14,Married-civ-spouse,Tech-support,Husband,Asian-Pac-Islander,Male,0,0,40,United-States,>50K.
43,State-gov,114508,HS-grad,9,Divorced,Exec-managerial,Unmarried,White,Female,0,0,40,United-States,<=50K
45,Private,149388,Some-college,10,Married-civ-spouse,Craft-repair,Husband,White,Male,0,0,48,United-States,>50K.
31,Local-gov,85057,Some-college,10,Married-civ-spouse,Adm-clerical,Wife,Amer-Indian-Eskimo,Female,0,0,40,United-States,>50K.
51,Local-gov,289390,Masters,14,Married-civ-spouse,Prof-specialty,Husband,White,Male,7298,0,40,United-States,>50K.
58,Private,212864,HS-grad,9,Divorced,Handlers-cleaners,Not-in-family,White,Male,0,0,40,United-States,<=50K
53,Self-emp-not-inc,163826,Some-college,10,Married-civ-spouse,Prof-specialty,Husband,White,Male,0,0,45,United-States,>50K.
20,?,200061,Some-college,10,Never-married,?,Own-child,White,Female,0,0,40,?,<=50K
40,Private,234397,Bachelors,13,Married-civ-spouse,Protective-serv,Husband,Black,Male,0,0,40,United-States,>50K.
37,Private,175232,Bachelors,13,Married-civ-spouse,Prof-specialty,Husband,White,Male,0,0,40,United-States,>50K.
69,Self-emp-not-inc,505365,Some-college,10,Married-civ-spouse,Sales,Husband,White,Male,6514,0,45,United-States,>50K.
22,Private,385077,HS-grad,9,Never-married,Craft-repair,Own-child,White,Male,2907,0,40,United-States,<=50K
20,Private,122971,Some-college,10,Never-married,Sales,Own-child,White,Male,0,0,35,United-States,<=50K
27,Private,135296,Bachelors,13,Married-civ-spouse,Exec-managerial,Wife,White,Female,0,0,40,United-States,>50K.
39,Private,453686,Bachelors,13,Divorced,Prof-specialty,Not-in-family,White,Male,0,0,40,United-States,>50K.
31,Private,446512,Some-college,10,Separated,Other-service,Unmarried,Black,Female,0,0,40,United-States,<=50K
69,Self-emp-not-inc,165017,Prof-school,15,Married-civ-spouse,Prof-specialty,Husband,White,Male,0,0,40,United-States,>50K.
40,Private,201734,Some-college,10,Never-married,Handlers-cleaners,Not-in-family,White,Male,0,0,48,United-States,<=50K
61,Private,200427,Doctorate,16,Married-civ-spouse,Prof-specialty,Husband,White,Male,0,0,40,United-States,>50K.
18,Private,282609,5th-6th,3,Never-married,Handlers-cleaners,Other-relative,White,Male,0,0,30,Honduras,<=50K
49,Private,121253,HS-grad,9,Divorced,Exec-managerial,Not-in-family,White,Female,0,1564,40,United-States,>50K.
34,Self-emp-not-inc,226296,HS-grad,9,Married-civ-spouse,Prof-specialty,Husband,White,Male,0,0,51,United-States,<=50K
39,Private,191524,HS-grad,9,Divorced,Adm-clerical,Unmarried,White,Female,0,0,40,United-States,<=50K
22,Private,197613,Assoc-voc,11,Never-married,Other-service,Not-in-family,White,Female,0,0,30,United-States,<=50K
49,Private,209057,Bachelors,13,Married-civ-spouse,Sales,Husband,White,Male,0,0,60,United-States,>50K.
29,Private,108431,Assoc-voc,11,Married-civ-spouse,Exec-managerial,Husband,Black,Male,0,2415,40,United-States,>50K.
63,Local-gov,65479,9th,5,Married-civ-spouse,Transport-moving,Husband,White,Male,7688,0,40,United-States,>50K.
37,Private,123586,Bachelors,13,Married-civ-spouse,Tech-support,Husband,Asian-Pac-Islander,Male,0,1902,73,,>50K.
39,Self-emp-not-inc,131808,Some-college,10,Married-civ-spouse,Sales,Husband,White,Male,7688,0,80,United-States,>50K.
50,Private,200046,Masters,14,Married-civ-spouse,Exec-managerial,Husband,White,Male,0,0,50,United-States,>50K.
37,Federal-gov,39207,HS-grad,9,Never-married,Adm-clerical,Not-in-family,White,Male,0,0,40,United-States,>50K.
20,Private,224217,HS-grad,9,Never-married,Transport-moving,Not-in-family,White,Male,0,0,40,United-States,<=50K
42,Self-emp-inc,202466,Bachelors,13,Married-civ-spouse,Adm-clerical,Wife,White,Female,0,0,45,United-States,>50K.
54,Private,77336,HS-grad,9,Married-civ-spouse,Sales,Husband,White,Male,0,0,40,United-States,<=50K
27,Private,99897,Some-college,10,Married-civ-spouse,Tech-support,Husband,White,Male,0,0,40,United-States,<=50K
34,Private,108023,Bachelors,13,Married-civ-spouse,Prof-specialty,Husband,White,Male,0,0,40,United-States,>50K.
22,Private,437994,Some-college,10,Never-married,Other-service,Other-relative,Black,Male,0,0,20,United-States,<=50K
46,Private,241350,Some-college,10,Never-married,Exec-managerial,Not-in-family,White,Male,8614,0,50,United-States,>50K.
38,Private,101192,Some-college,10,Never-married,Other-service,Not-in-family,White,Male,0,0,40,United-States,<=50K
51,Federal-gov,100653,HS-grad,9,Divorced,Adm-clerical,Not-in-family,White,Female,0,0,8,United-States,<=50K
31,Private,73514,HS-grad,9,Never-married,Sales,Own-child,Asian-Pac-Islander,Female,0,0,40,United-States,<=50K
42,Federal-gov,70240,Some-college,10,Divorced,Exec-managerial,Unmarried,Asian-Pac-Islander,Female,0,0,40,United-States,<=50K
45,Private,187730,Bachelors,13,Never-married,Prof-specialty,Own-child,White,Male,0,0,40,United-States,<=50K
47,Private,182655,Assoc-voc,11,Married-civ-spouse,Tech-support,Husband,White,Male,0,0,52,United-States,>50K.
25,Private,178037,Some-college,10,Never-married,Adm-clerical,Own-child,White,Male,0,0,35,United-States,<=50K
49,State-gov,160812,Bachelors,13,Married-civ-spouse,Prof-specialty,Wife,White,Female,0,0,40,United-States,>50K.
41,Private,187795,Some-college,10,Married-civ-spouse,Craft-repair,Husband,White,Male,0,1977,60,United-States,>50K.
43,Private,91316,Masters,14,Never-married,Prof-specialty,Not-in-family,White,Male,0,0,60,United-States,>50K.
54,Private,353787,Some-college,10,Married-civ-spouse,Adm-clerical,Husband,White,Male,0,0,40,United-States,>50K.
33,Private,345360,Some-college,10,Never-married,Sales,Not-in-family,White,Male,0,0,40,United-States,<=50K
58,Federal-gov,256466,Masters,14,Married-civ-spouse,Tech-support,Husband,Asian-Pac-Islander,Male,7688,0,40,China,>50K.
19,Federal-gov,30559,HS-grad,9,Married-AF-spouse,Sales,Wife,White,Female,0,0,40,United-States,<=50K
50,Private,148431,Masters,14,Married-civ-spouse,Exec-managerial,Husband,White,Male,0,0,55,United-States,>50K.
19,Private,318822,Some-college,10,Never-married,Adm-clerical,Other-relative,White,Female,0,0,40,United-States,<=50K
51,Local-gov,181132,Masters,14,Separated,Prof-specialty,Not-in-family,White,Male,0,0,39,United-States,>50K.
43,Self-emp-not-inc,47261,Some-college,10,Married-civ-spouse,Farming-fishing,Husband,White,Male,0,0,50,United-States,<=50K
43,Private,222596,Bachelors,13,Married-civ-spouse,Exec-managerial,Husband,White,Male,15024,0,50,United-States,>50K.
45,Federal-gov,110884,Bachelors,13,Married-civ-spouse,Adm-clerical,Husband,Asian-Pac-Islander,Male,0,0,45,India,>50K.
46,Self-emp-inc,125892,Bachelors,13,Married-civ-spouse,Prof-specialty,Husband,White,Male,0,1977,60,United-States,>50K.
44,Private,104269,HS-grad,9,Married-civ-spouse,Craft-repair,Husband,Black,Male,0,0,40,United-States,>50K.
59,Private,316027,HS-grad,9,Married-civ-spouse,Other-service,Husband,White,Male,0,0,45,Cuba,<=50K
36,Private,32086,Some-college,10,Married-civ-spouse,Craft-repair,Husband,White,Male,7298,0,40,United-States,>50K.
38,Private,187346,HS-grad,9,Never-married,Sales,Own-child,White,Female,0,0,40,United-States,<=50K
34,Private,172714,Bachelors,13,Married-civ-spouse,Exec-managerial,Husband,White,Male,0,0,45,United-States,>50K.
26,Private,260614,HS-grad,9,Married-civ-spouse,Machine-op-inspct,Husband,White,Male,0,0,40,United-States,<=50K
63,?,331527,10th,6,Married-civ-spouse,?,Husband,White,Male,0,0,40,United-States,<=50K
62,Private,195543,Bachelors,13,Married-civ-spouse,Sales,Husband,White,Male,0,0,20,United-States,>50K.
53,Private,31460,HS-grad,9,Divorced,Prof-specialty,Not-in-family,White,Male,0,0,40,United-States,<=50K
42,Self-emp-not-inc,52781,Bachelors,13,Married-civ-spouse,Exec-managerial,Husband,White,Male,0,0,40,United-States,>50K.
72,Private,116640,Some-college,10,Married-civ-spouse,Prof-specialty,Husband,White,Male,3471,0,20,United-States,<=50K
49,Self-emp-inc,83444,Bachelors,13,Married-civ-spouse,Sales,Husband,White,Male,0,0,85,United-States,>50K.
24,Private,188300,11th,7,Never-married,Machine-op-inspct,Unmarried,White,Female,0,0,40,United-States,<=50K
31,State-gov,161631,Some-college,10,Divorced,Adm-clerical,Unmarried,White,Female,0,0,40,United-States,<=50K
34,Private,375680,Assoc-acdm,12,Never-married,Craft-repair,Own-child,Black,Female,0,0,40,United-States,<=50K
58,Private,117299,HS-grad,9,Married-civ-spouse,Transport-moving,Husband,White,Male,0,0,40,United-States,>50K.
43,Private,311534,Some-college,10,Married-civ-spouse,Craft-repair,Husband,White,Male,0,0,44,United-States,>50K.
40,Private,34178,Some-college,10,Divorced,Craft-repair,Unmarried,White,Male,0,0,40,United-States,>50K.
35,Private,333636,HS-grad,9,Married-civ-spouse,Exec-managerial,Husband,Black,Male,0,0,50,,>50K.
46,Self-emp-not-inc,27847,HS-grad,9,Married-civ-spouse,Craft-repair,Husband,White,Male,0,0,48,United-States,>50K.
38,Self-emp-inc,116608,Some-college,10,Married-civ-spouse,Other-service,Wife,White,Female,0,0,20,United-States,>50K.
29,Private,178244,HS-grad,9,Married-civ-spouse,Machine-op-inspct,Husband,White,Male,0,0,40,United-States,<=50K
52,Self-emp-inc,177727,10th,6,Married-civ-spouse,Sales,Husband,White,Male,4064,0,45,United-States,<=50K
42,Private,38389,Bachelors,13,Married-civ-spouse,Adm-clerical,Husband,White,Male,0,0,40,United-States,>50K.
52,Private,181901,HS-grad,9,Married-spouse-absent,Farming-fishing,Other-relative,White,Male,0,0,20,Mexico,<=50K
46,Private,166546,Some-college,10,Divorced,Adm-clerical,Not-in-family,White,Female,0,0,24,United-States,<=50K
51,Private,39264,Some-college,10,Married-civ-spouse,Exec-managerial,Wife,White,Female,0,0,40,United-States,>50K.
53,Federal-gov,181677,Some-college,10,Divorced,Handlers-cleaners,Not-in-family,White,Male,0,0,40,United-States,<=50K
36,Self-emp-inc,196554,HS-grad,9,Married-civ-spouse,Craft-repair,Husband,White,Male,0,0,46,United-States,>50K.
26,Private,289700,Some-college,10,Married-civ-spouse,Other-service,Husband,White,Male,0,0,25,United-States,<=50K
40,Private,98211,HS-grad,9,Married-civ-spouse,Craft-repair,Husband,White,Male,0,0,40,United-States,>50K.
37,Private,176014,HS-grad,9,Married-civ-spouse,Sales,Husband,White,Male,0,0,50,United-States,<=50K
32,Private,170276,Bachelors,13,Never-married,Exec-managerial,Not-in-family,White,Female,0,0,46,United-States,>50K.
26,Private,141876,Assoc-voc,11,Married-civ-spouse,Sales,Husband,White,Male,3103,0,45,United-States,>50K.
53,Private,113176,HS-grad,9,Divorced,Sales,Not-in-family,White,Female,2597,0,40,United-States,<=50K
27,Private,134048,11th,7,Never-married,Craft-repair,Not-in-family,White,Male,0,0,45,United-States,<=50K
43,Private,416338,Bachelors,13,Never-married,Sales,Not-in-family,White,Male,0,0,50,United-States,<=50K
46,Private,254367,HS-grad,9,Never-married,Transport-moving,Not-in-family,White,Male,0,1590,48,United-States,<=50K
64,Self-emp-inc,51286,Masters,14,Married-civ-spouse,Sales,Husband,White,Male,6418,0,65,United-States,>50K.
38,Federal-gov,68840,Some-college,10,Married-civ-spouse,Exec-managerial,Husband,White,Male,0,0,40,United-States,>50K.
22,Private,168187,Some-college,10,Never-married,Other-service,Unmarried,White,Female,0,0,50,United-States,<=50K
38,Private,218015,Some-college,10,Married-civ-spouse,Craft-repair,Husband,White,Male,0,0,48,United-States,>50K.
34,Private,28053,Bachelors,13,Married-spouse-absent,Adm-clerical,Not-in-family,White,Female,0,0,25,United-States,<=50K
77,Private,83601,Prof-school,15,Married-civ-spouse,Exec-managerial,Husband,White,Male,0,0,40,United-States,<=50K
39,Private,388023,HS-grad,9,Divorced,Exec-managerial,Not-in-family,White,Female,0,0,38,United-States,<=50K
35,Private,267798,HS-grad,9,Divorced,Craft-repair,Unmarried,White,Male,0,0,40,United-States,<=50K
33,Private,373662,1st-4th,2,Married-spouse-absent,Priv-house-serv,Not-in-family,White,Female,0,0,40,Guatemala,<=50K
45,Private,259412,Prof-school,15,Married-civ-spouse,Prof-specialty,Husband,White,Male,99999,0,50,United-States,>50K.
38,,48976,HS-grad,9,Married-civ-spouse,,Wife,White,Female,0,1887,10,United-States,>50K.
39,Private,211154,HS-grad,9,Married-civ-spouse,Transport-moving,Husband,White,Male,0,0,55,United-States,<=50K
25,Private,233777,HS-grad,9,Never-married,Transport-moving,Other-relative,White,Male,0,0,40,?,<=50K
45,Private,54098,HS-grad,9,Married-civ-spouse,Exec-managerial,Husband,White,Male,0,0,45,United-States,>50K.
27,Private,183802,HS-grad,9,Married-civ-spouse,Handlers-cleaners,Husband,White,Male,0,0,40,United-States,<=50K
53,Private,195638,HS-grad,9,Divorced,Adm-clerical,Not-in-family,White,Female,0,0,40,United-States,<=50K
35,Private,210945,HS-grad,9,Married-civ-spouse,Tech-support,Husband,White,Male,7298,0,38,United-States,>50K.
46,Self-emp-inc,256909,HS-grad,9,Married-spouse-absent,Farming-fishing,Not-in-family,White,Male,3325,0,45,United-States,<=50K
54,Private,343333,Bachelors,13,Widowed,Adm-clerical,Not-in-family,White,Female,0,0,80,United-States,>50K.
46,Private,465974,11th,7,Never-married,Transport-moving,Own-child,White,Male,0,0,30,United-States,<=50K
49,Local-gov,110172,HS-grad,9,Married-civ-spouse,Transport-moving,Husband,White,Male,0,0,40,United-States,<=50K
21,Private,169699,Some-college,10,Never-married,Other-service,Not-in-family,White,Female,0,0,35,United-States,<=50K
30,Private,197886,Bachelors,13,Never-married,Sales,Own-child,White,Male,0,0,40,United-States,>50K.
34,Private,341954,Bachelors,13,Married-civ-spouse,Exec-managerial,Husband,White,Male,0,0,40,United-States,>50K.
46,Local-gov,110110,Masters,14,Married-civ-spouse,Prof-specialty,Wife,White,Female,0,0,65,United-States,>50K.
53,Private,151411,HS-grad,9,Married-civ-spouse,Craft-repair,Husband,White,Male,0,0,40,United-States,>50K.
30,Self-emp-not-inc,178255,Bachelors,13,Married-civ-spouse,Sales,Husband,White,Male,0,0,70,?,<=50K
38,Private,33394,HS-grad,9,Married-civ-spouse,Sales,Husband,White,Male,0,0,75,United-States,>50K.
43,Private,177905,Some-college,10,Married-civ-spouse,Prof-specialty,Husband,White,Male,0,0,40,United-States,>50K.
75,Self-emp-not-inc,231741,Doctorate,16,Married-civ-spouse,Prof-specialty,Husband,White,Male,4931,0,3,United-States,<=50K
39,Private,82699,Prof-school,15,Divorced,Prof-specialty,Not-in-family,Black,Female,13550,0,70,United-States,>50K.
66,Self-emp-not-inc,58326,11th,7,Divorced,Other-service,Not-in-family,White,Female,0,0,40,United-States,>50K.
47,Private,205100,Some-college,10,Married-civ-spouse,Sales,Husband,White,Male,0,0,45,United-States,>50K.
58,Private,170480,Masters,14,Married-civ-spouse,Exec-managerial,Husband,White,Male,0,0,60,United-States,>50K.
61,Self-emp-not-inc,227119,HS-grad,9,Married-civ-spouse,Exec-managerial,Husband,White,Male,0,0,40,United-States,>50K.
40,Private,47902,HS-grad,9,Married-civ-spouse,Exec-managerial,Husband,White,Male,0,0,40,United-States,<=50K
31,Self-emp-inc,113752,HS-grad,9,Married-civ-spouse,Exec-managerial,Husband,White,Male,0,0,40,United-States,>50K.
54,Private,198546,Masters,14,Widowed,Adm-clerical,Unmarried,White,Female,0,0,38,United-States,<=50K
32,State-gov,27051,Bachelors,13,Married-civ-spouse,Craft-repair,Husband,White,Male,0,0,52,United-States,>50K.
53,Private,299080,Some-college,10,Never-married,Adm-clerical,Unmarried,Black,Female,0,0,40,United-States,<=50K
27,Private,152231,Some-college,10,Married-civ-spouse,Machine-op-inspct,Husband,White,Male,0,0,45,United-States,<=50K
20,?,129240,Some-college,10,Never-married,?,Own-child,White,Female,0,0,25,United-States,<=50K
51,Private,332489,Assoc-acdm,12,Married-civ-spouse,Exec-managerial,Husband,White,Male,0,0,55,Germany,>50K.
34,Private,263150,Some-college,10,Married-civ-spouse,Exec-managerial,Wife,White,Female,0,0,45,United-States,>50K.
36,Self-emp-not-inc,295127,HS-grad,9,Married-civ-spouse,Farming-fishing,Husband,White,Male,0,0,84,United-States,<=50K
33,Private,133278,HS-grad,9,Never-married,Adm-clerical,Own-child,Black,Female,0,0,40,United-States,<=50K
38,Private,200445,Some-college,10,Married-civ-spouse,Machine-op-inspct,Husband,White,Male,0,0,48,United-States,>50K.
62,?,181014,Bachelors,13,Married-civ-spouse,?,Husband,White,Male,0,0,40,United-States,<=50K
28,Private,92262,Bachelors,13,Married-civ-spouse,Sales,Husband,White,Male,0,0,40,United-States,<=50K
36,Private,224541,Some-college,10,Married-civ-spouse,Craft-repair,Husband,White,Male,0,0,40,United-States,>50K.
53,Private,164299,Bachelors,13,Married-civ-spouse,Adm-clerical,Husband,White,Male,0,1887,65,United-States,>50K.
51,Self-emp-not-inc,71046,Bachelors,13,Married-civ-spouse,Farming-fishing,Husband,White,Male,0,0,60,United-States,>50K.
57,Private,78020,HS-grad,9,Married-civ-spouse,Craft-repair,Husband,White,Male,0,0,40,United-States,>50K.
34,Private,127651,Masters,14,Married-civ-spouse,Exec-managerial,Husband,White,Male,0,0,55,United-States,>50K.
36,Private,188850,HS-grad,9,Married-civ-spouse,Adm-clerical,Husband,White,Male,0,0,40,United-States,>50K.
55,Private,70439,Masters,14,Married-civ-spouse,Prof-specialty,Husband,White,Male,0,0,25,United-States,>50K.
42,Private,171069,Bachelors,13,Married-civ-spouse,Craft-repair,Husband,Black,Male,15024,0,40,United-States,>50K.
36,Local-gov,322770,Some-college,10,Married-civ-spouse,Prof-specialty,Husband,Black,Male,0,1887,40,Jamaica,>50K.
56,Private,94345,Bachelors,13,Married-civ-spouse,Sales,Husband,White,Male,0,0,40,United-States,>50K.
21,Private,376929,5th-6th,3,Never-married,Priv-house-serv,Not-in-family,White,Female,0,0,40,Mexico,<=50K
44,Private,84535,Some-college,10,Divorced,Sales,Unmarried,White,Female,0,0,48,United-States,<=50K
43,Private,198330,Masters,14,Widowed,Prof-specialty,Unmarried,Black,Female,0,0,37,United-States,<=50K
36,Private,238802,HS-grad,9,Married-civ-spouse,Machine-op-inspct,Husband,White,Male,0,0,48,United-States,>50K.
45,Self-emp-not-inc,246891,Masters,14,Divorced,Craft-repair,Not-in-family,White,Male,0,0,40,United-States,<=50K
42,Private,100479,Bachelors,13,Married-civ-spouse,Sales,Husband,White,Male,0,0,40,United-States,>50K.
47,Private,153883,Bachelors,13,Married-civ-spouse,Prof-specialty,Husband,Black,Male,7688,0,45,United-States,>50K.
52,Self-emp-not-inc,98642,HS-grad,9,Married-civ-spouse,Craft-repair,Husband,White,Male,0,0,50,India,>50K.
44,Private,346594,HS-grad,9,Divorced,Other-service,Unmarried,White,Female,0,0,40,United-States,<=50K
22,?,228480,HS-grad,9,Married-civ-spouse,?,Own-child,White,Female,0,0,20,United-States,<=50K
34,Private,224358,10th,6,Never-married,Other-service,Unmarried,Black,Female,0,0,40,United-States,<=50K
58,Private,98630,Masters,14,Married-civ-spouse,Prof-specialty,Husband,White,Male,0,0,40,United-States,>50K.
20,Private,132320,Some-college,10,Separated,Craft-repair,Not-in-family,White,Male,0,0,40,United-States,<=50K
35,Private,282461,HS-grad,9,Married-civ-spouse,Transport-moving,Husband,White,Male,0,0,50,United-States,<=50K
37,Private,186934,Masters,14,Married-civ-spouse,Sales,Husband,White,Male,0,0,50,United-States,>50K.
38,Private,167440,Bachelors,13,Married-civ-spouse,Transport-moving,Husband,White,Male,4508,0,40,United-States,<=50K
36,Private,172425,HS-grad,9,Married-spouse-absent,Prof-specialty,Unmarried,White,Female,0,0,40,United-States,>50K.
65,Private,228182,Bachelors,13,Married-civ-spouse,Prof-specialty,Husband,White,Male,0,0,40,United-States,>50K.
28,Private,133937,Bachelors,13,Married-civ-spouse,Adm-clerical,Husband,White,Male,15024,0,55,United-States,>50K.
52,Private,361875,Some-college,10,Divorced,Exec-managerial,Not-in-family,White,Female,0,0,50,United-States,<=50K
31,Private,77143,12th,8,Separated,Transport-moving,Unmarried,Black,Male,0,0,40,United-States,<=50K
27,Private,191628,HS-grad,9,Never-married,Transport-moving,Not-in-family,Black,Male,2174,0,40,United-States,<=50K
32,Private,303692,Doctorate,16,Divorced,Prof-specialty,Not-in-family,White,Male,0,0,40,United-States,>50K.
42,Private,202872,Some-college,10,Divorced,Adm-clerical,Unmarried,White,Female,0,0,12,United-States,<=50K
46,Private,233802,HS-grad,9,Married-civ-spouse,Tech-support,Husband,Black,Male,0,0,40,United-States,>50K.
41,Self-emp-not-inc,37618,Assoc-acdm,12,Married-civ-spouse,Craft-repair,Husband,White,Male,0,0,60,United-States,>50K.
47,Federal-gov,114222,Assoc-acdm,12,Married-civ-spouse,Adm-clerical,Husband,White,Male,0,0,55,United-States,>50K.
67,Private,127921,HS-grad,9,Married-civ-spouse,Exec-managerial,Husband,White,Male,9386,0,40,United-States,>50K.
63,Private,209790,HS-grad,9,Married-civ-spouse,Craft-repair,Husband,White,Male,0,0,40,United-States,>50K.
25,Private,193820,Masters,14,Never-married,Prof-specialty,Own-child,White,Female,0,0,35,United-States,<=50K
37,Self-emp-not-inc,114719,Prof-school,15,Married-civ-spouse,Prof-specialty,Husband,White,Male,15024,0,60,United-States,>50K.
31,Private,305619,Some-college,10,Married-civ-spouse,Adm-clerical,Husband,White,Male,0,0,40,United-States,>50K.
43,Private,183342,Bachelors,13,Married-civ-spouse,Adm-clerical,Husband,White,Male,0,0,40,United-States,>50K.
20,Private,117618,Some-college,10,Never-married,Exec-managerial,Own-child,White,Male,0,0,40,United-States,<=50K
33,?,186824,Some-college,10,Never-married,?,Own-child,White,Male,0,0,40,United-States,<=50K
64,Private,312242,Some-college,10,Widowed,Exec-managerial,Not-in-family,White,Female,0,0,3,United-States,<=50K
47,Private,159399,Prof-school,15,Married-civ-spouse,Prof-specialty,Husband,White,Male,0,0,55,United-States,>50K.
54,Local-gov,287831,Some-college,10,Married-civ-spouse,Adm-clerical,Wife,Black,Female,0,0,55,United-States,>50K.
42,Private,89226,Assoc-voc,11,Married-civ-spouse,Transport-moving,Husband,White,Male,0,0,45,United-States,>50K.
40,Private,439919,9th,5,Married-civ-spouse,Machine-op-inspct,Husband,White,Male,0,0,40,Mexico,<=50K
47,Self-emp-not-inc,178319,Prof-school,15,Married-civ-spouse,Prof-specialty,Husband,White,Male,0,1902,42,United-States,>50K.
40,Private,240698,Bachelors,13,Married-civ-spouse,Exec-managerial,Husband,White,Male,0,0,50,United-States,>50K.
29,Private,210959,Assoc-acdm,12,Married-civ-spouse,Adm-clerical,Husband,White,Male,0,0,40,United-States,<=50K
27,Private,29261,Assoc-acdm,12,Never-married,Craft-repair,Unmarried,White,Male,0,0,40,United-States,<=50K
37,Federal-gov,470663,Some-college,10,Never-married,Craft-repair,Not-in-family,White,Male,0,0,40,United-States,<=50K
38,State-gov,187119,Masters,14,Divorced,Exec-managerial,Not-in-family,White,Female,0,0,50,United-States,>50K.
37,Private,341672,Bachelors,13,Separated,Tech-support,Not-in-family,Asian-Pac-Islander,Male,0,0,40,Philippines,<=50K
44,Local-gov,31251,7th-8th,4,Divorced,Handlers-cleaners,Not-in-family,White,Male,0,0,40,United-States,<=50K
23,Private,87867,HS-grad,9,Never-married,Sales,Own-child,White,Male,0,0,35,United-States,<=50K
47,Private,363418,Bachelors,13,Married-civ-spouse,Exec-managerial,Husband,White,Male,0,0,45,England,>50K.
45,Private,185437,Assoc-acdm,12,Divorced,Craft-repair,Not-in-family,White,Female,0,0,55,United-States,<=50K
36,Private,187983,Bachelors,13,Married-civ-spouse,Prof-specialty,Wife,White,Female,0,0,40,United-States,<=50K
58,Private,131608,Some-college,10,Widowed,Craft-repair,Not-in-family,White,Male,0,0,40,United-States,<=50K
25,Private,191230,Some-college,10,Never-married,Exec-managerial,Own-child,White,Female,0,0,40,Yugoslavia,<=50K
51,Private,134808,HS-grad,9,Separated,Handlers-cleaners,Unmarried,White,Female,0,0,40,United-States,<=50K
50,Private,124094,HS-grad,9,Married-civ-spouse,Craft-repair,Husband,White,Male,0,0,40,Poland,<=50K
68,Self-emp-not-inc,69249,HS-grad,9,Married-civ-spouse,Farming-fishing,Husband,White,Male,0,0,10,United-States,>50K.
49,Self-emp-not-inc,102308,Prof-school,15,Married-civ-spouse,Prof-specialty,Husband,White,Male,15024,0,35,United-States,>50K.
26,Self-emp-not-inc,331861,Bachelors,13,Never-married,Sales,Not-in-family,White,Male,0,0,60,United-States,>50K.
57,Private,103809,HS-grad,9,Never-married,Sales,Unmarried,White,Female,0,0,40,United-States,<=50K
51,Private,173987,9th,5,Married-civ-spouse,Sales,Husband,White,Male,0,0,40,United-States,<=50K
47,Private,257824,Some-college,10,Married-civ-spouse,Exec-managerial,Husband,White,Male,0,0,45,United-States,>50K.
29,Private,150717,Assoc-voc,11,Never-married,Exec-managerial,Not-in-family,White,Male,0,0,40,United-States,<=50K
38,State-gov,169926,Bachelors,13,Married-civ-spouse,Prof-specialty,Wife,White,Female,0,0,21,United-States,>50K.
38,Self-emp-inc,184456,HS-grad,9,Married-civ-spouse,Sales,Husband,White,Male,0,0,55,Italy,>50K.
18,Private,137646,11th,7,Never-married,Other-service,Own-child,White,Female,0,0,15,United-States,<=50K
28,Private,106141,HS-grad,9,Married-civ-spouse,Craft-repair,Husband,White,Male,99999,0,40,United-States,>50K.
29,Private,309778,HS-grad,9,Married-civ-spouse,Craft-repair,Husband,White,Male,7298,0,40,United-States,>50K.
26,Private,216225,Assoc-acdm,12,Married-civ-spouse,Sales,Wife,White,Female,0,0,50,United-States,>50K.
45,Private,238567,HS-grad,9,Married-civ-spouse,Sales,Husband,White,Male,15024,0,50,United-States,>50K.
32,Private,157747,Some-college,10,Married-civ-spouse,Tech-support,Husband,White,Male,0,0,45,United-States,<=50K
19,Private,194260,Some-college,10,Never-married,Sales,Own-child,White,Female,0,0,20,United-States,<=50K
38,Self-emp-not-inc,245090,Bachelors,13,Married-civ-spouse,Tech-support,Husband,White,Male,0,0,50,United-States,>50K.
71,Self-emp-not-inc,30661,7th-8th,4,Married-civ-spouse,Farming-fishing,Husband,White,Male,6514,0,40,United-States,>50K.
51,State-gov,128260,Bachelors,13,Married-civ-spouse,Prof-specialty,Husband,Black,Male,0,0,40,United-States,>50K.
31,Private,58582,Some-college,10,Never-married,Craft-repair,Not-in-family,White,Male,0,0,46,United-States,<=50K
31,Self-emp-not-inc,404062,10th,6,Married-civ-spouse,Farming-fishing,Husband,White,Male,0,0,55,Portugal,>50K.
41,Private,306496,Assoc-voc,11,Married-civ-spouse,Tech-support,Husband,White,Male,0,0,40,United-States,>50K.
32,Private,214150,HS-grad,9,Married-civ-spouse,Machine-op-inspct,Husband,White,Male,0,0,50,United-States,>50K.
47,Self-emp-not-inc,267879,HS-grad,9,Married-civ-spouse,Craft-repair,Husband,Black,Male,3103,0,50,United-States,>50K.
37,Private,257042,HS-grad,9,Divorced,Craft-repair,Unmarried,White,Male,1506,0,40,United-States,<=50K
51,Self-emp-not-inc,259323,HS-grad,9,Married-civ-spouse,Craft-repair,Husband,White,Male,0,0,70,United-States,<=50K
36,State-gov,256992,Bachelors,13,Married-civ-spouse,Adm-clerical,Wife,White,Female,0,0,40,United-States,>50K.
48,Private,113211,Bachelors,13,Married-civ-spouse,Craft-repair,Husband,White,Male,99999,0,40,United-States,>50K.
33,Private,184784,10th,6,Divorced,Machine-op-inspct,Not-in-family,White,Female,0,0,40,United-States,<=50K
34,Private,434463,Bachelors,13,Never-married,Machine-op-inspct,Not-in-family,White,Female,0,0,39,United-States,<=50K
39,Private,127573,Bachelors,13,Married-civ-spouse,Prof-specialty,Wife,White,Female,0,0,30,United-States,>50K.
32,Private,175052,HS-grad,9,Divorced,Adm-clerical,Unmarried,White,Female,0,0,40,United-States,<=50K
47,Private,297884,10th,6,Widowed,Machine-op-inspct,Not-in-family,White,Male,0,0,40,United-States,<=50K
23,Private,203078,Bachelors,13,Never-married,Adm-clerical,Own-child,Black,Male,0,0,24,United-States,<=50K
40,Private,136986,Masters,14,Married-civ-spouse,Exec-managerial,Husband,White,Male,99999,0,52,United-States,>50K.
46,Self-emp-inc,40666,HS-grad,9,Married-civ-spouse,Farming-fishing,Husband,White,Male,15024,0,40,United-States,>50K.
21,?,207988,HS-grad,9,Married-civ-spouse,?,Other-relative,White,Female,0,0,35,United-States,<=50K
36,Private,89202,Assoc-voc,11,Married-civ-spouse,Exec-managerial,Husband,White,Male,0,0,50,United-States,>50K.
24,Private,229553,HS-grad,9,Never-married,Other-service,Own-child,Black,Female,0,0,20,?,<=50K
29,Private,78261,Prof-school,15,Never-married,Prof-specialty,Own-child,White,Male,0,0,50,United-States,<=50K
37,Private,236359,Some-college,10,Divorced,Adm-clerical,Not-in-family,Black,Female,0,0,37,United-States,<=50K
24,Local-gov,117109,Bachelors,13,Never-married,Adm-clerical,Own-child,Black,Female,0,0,27,United-States,<=50K
34,Private,111985,HS-grad,9,Married-civ-spouse,Sales,Husband,White,Male,0,0,50,United-States,>50K.
36,Private,99872,HS-grad,9,Married-civ-spouse,Craft-repair,Husband,Asian-Pac-Islander,Male,0,0,40,India,<=50K
80,Private,227210,Bachelors,13,Married-civ-spouse,Exec-managerial,Husband,White,Male,9386,0,40,United-States,>50K.
42,Private,208068,Bachelors,13,Married-civ-spouse,Adm-clerical,Husband,Other,Male,7298,0,40,Mexico,>50K.
53,Self-emp-not-inc,263439,Assoc-voc,11,Married-civ-spouse,Sales,Husband,White,Male,0,0,50,United-States,>50K.
45,Private,240841,Masters,14,Never-married,Prof-specialty,Not-in-family,White,Female,0,0,40,United-States,<=50K
46,State-gov,171926,Masters,14,Divorced,Exec-managerial,Unmarried,White,Male,7430,0,50,United-States,>50K.
48,Self-emp-not-inc,221464,11th,7,Married-civ-spouse,Exec-managerial,Wife,White,Female,0,0,30,United-States,>50K.
65,Self-emp-not-inc,158177,Masters,14,Married-civ-spouse,Sales,Husband,White,Male,10605,0,44,United-States,>50K.
44,Local-gov,178417,HS-grad,9,Married-civ-spouse,Protective-serv,Own-child,White,Male,0,0,40,United-States,>50K.
19,Private,466458,Some-college,10,Never-married,Adm-clerical,Own-child,White,Female,0,0,20,United-States,<=50K
59,Private,157749,Bachelors,13,Widowed,Exec-managerial,Unmarried,White,Male,0,3004,40,United-States,>50K.
27,Private,198346,Bachelors,13,Divorced,Adm-clerical,Not-in-family,White,Female,0,0,35,United-States,<=50K
24,Private,176566,Assoc-acdm,12,Married-civ-spouse,Prof-specialty,Wife,White,Female,3103,0,40,United-States,>50K.
20,Private,218215,Some-college,10,Never-married,Adm-clerical,Own-child,White,Female,0,0,40,United-States,<=50K
66,,128614,10th,6,Married-civ-spouse,,Husband,White,Male,0,0,15,United-States,>50K.
46,Private,33794,Some-college,10,Married-civ-spouse,Prof-specialty,Husband,White,Male,0,0,10,United-States,<=50K
33,Self-emp-inc,287372,Some-college,10,Married-civ-spouse,Exec-managerial,Husband,White,Male,0,0,50,United-States,>50K.
43,Private,143583,10th,6,Married-civ-spouse,Handlers-cleaners,Husband,Black,Male,0,0,40,United-States,<=50K
29,Private,108574,Masters,14,Never-married,Prof-specialty,Not-in-family,White,Female,0,0,40,United-States,>50K.
47,Self-emp-not-inc,94100,Bachelors,13,Never-married,Farming-fishing,Not-in-family,White,Male,0,0,65,United-States,<=50K
31,Private,128220,7th-8th,4,Widowed,Adm-clerical,Not-in-family,White,Female,0,0,35,United-States,<=50K
26,Private,124068,Some-college,10,Never-married,Adm-clerical,Not-in-family,White,Female,0,0,20,United-States,<=50K
41,Private,209547,HS-grad,9,Never-married,Machine-op-inspct,Not-in-family,White,Male,0,0,40,United-States,<=50K
50,Federal-gov,96657,Bachelors,13,Divorced,Prof-specialty,Unmarried,Black,Female,0,0,40,United-States,<=50K
55,Local-gov,173296,Masters,14,Divorced,Prof-specialty,Unmarried,White,Female,0,0,45,United-States,<=50K
60,Private,95680,HS-grad,9,Married-civ-spouse,Exec-managerial,Husband,Asian-Pac-Islander,Male,0,0,45,United-States,>50K.
38,Private,175232,HS-grad,9,Married-civ-spouse,Machine-op-inspct,Husband,White,Male,0,0,48,United-States,<=50K
31,Private,184306,Assoc-voc,11,Never-married,Transport-moving,Own-child,White,Male,0,1980,60,United-States,<=50K
38,Private,186934,Some-college,10,Married-civ-spouse,Craft-repair,Husband,White,Male,0,0,45,United-States,<=50K
38,Private,101833,10th,6,Married-civ-spouse,Transport-moving,Husband,White,Male,3103,0,40,United-States,>50K.
29,Private,87523,HS-grad,9,Never-married,Sales,Own-child,White,Female,0,0,40,United-States,<=50K
35,Self-emp-not-inc,454915,9th,5,Married-civ-spouse,Craft-repair,Husband,White,Male,0,0,40,United-States,<=50K
52,Private,288353,Bachelors,13,Married-civ-spouse,Sales,Husband,White,Male,99999,0,48,United-States,>50K.
29,Private,383402,Some-college,10,Divorced,Other-service,Not-in-family,White,Female,0,0,35,United-States,<=50K
34,Self-emp-not-inc,31740,HS-grad,9,Never-married,Farming-fishing,Not-in-family,White,Male,0,0,40,United-States,<=50K
53,Private,270655,12th,8,Married-civ-spouse,Tech-support,Husband,White,Male,0,0,45,United-States,>50K.
23,Private,39615,Some-college,10,Never-married,Handlers-cleaners,Own-child,White,Male,0,0,10,United-States,<=50K
40,Self-emp-not-inc,223881,Prof-school,15,Married-civ-spouse,Prof-specialty,Husband,White,Male,0,0,60,United-States,>50K.
23,Private,82889,Some-college,10,Never-married,Adm-clerical,Own-child,White,Female,0,0,16,United-States,<=50K
44,Private,32185,HS-grad,9,Never-married,Transport-moving,Unmarried,White,Male,0,0,70,United-States,<=50K
59,Federal-gov,115389,Some-college,10,Married-civ-spouse,Craft-repair,Husband,White,Male,0,0,36,United-States,<=50K
18,Private,54440,Some-college,10,Never-married,Other-service,Own-child,White,Male,0,0,30,United-States,<=50K
49,Private,353824,HS-grad,9,Married-civ-spouse,Craft-repair,Husband,White,Male,0,1887,40,United-States,>50K.
34,Private,196266,Assoc-acdm,12,Married-civ-spouse,Sales,Husband,White,Male,0,0,50,United-States,>50K.
33,Local-gov,254935,Some-college,10,Married-civ-spouse,Protective-serv,Husband,White,Male,0,0,45,United-States,<=50K
48,Private,166863,Masters,14,Married-civ-spouse,Exec-managerial,Husband,White,Male,0,0,40,United-States,>50K.
49,Private,239625,Masters,14,Married-civ-spouse,Exec-managerial,Husband,White,Male,0,0,40,United-States,>50K.
31,Private,265706,Bachelors,13,Never-married,Sales,Not-in-family,White,Male,0,0,40,United-States,<=50K
33,?,160776,Assoc-voc,11,Divorced,?,Not-in-family,White,Female,0,0,40,France,<=50K
29,Federal-gov,196912,Bachelors,13,Never-married,Prof-specialty,Not-in-family,Black,Male,0,0,40,United-States,<=50K
49,Federal-gov,118701,HS-grad,9,Divorced,Adm-clerical,Unmarried,Black,Female,0,0,40,United-States,<=50K
34,?,197688,HS-grad,9,Never-married,?,Not-in-family,Black,Female,0,0,40,United-States,<=50K
58,Local-gov,217802,Masters,14,Married-civ-spouse,Prof-specialty,Husband,Black,Male,7688,0,45,United-States,>50K.
65,,136431,HS-grad,9,Married-civ-spouse,,Husband,White,Male,9386,0,40,United-States,>50K.
38,Private,589809,Bachelors,13,Married-civ-spouse,Adm-clerical,Husband,White,Male,0,0,45,United-States,>50K.
43,Private,207392,Some-college,10,Married-civ-spouse,Transport-moving,Husband,White,Male,3103,0,70,United-States,>50K.
24,Local-gov,187397,Some-college,10,Never-married,Protective-serv,Unmarried,Other,Male,1151,0,40,United-States,<=50K
34,Federal-gov,408813,HS-grad,9,Married-civ-spouse,Craft-repair,Wife,White,Female,0,0,40,United-States,>50K.
45,Private,38950,Bachelors,13,Never-married,Craft-repair,Not-in-family,White,Male,0,0,40,United-States,<=50K
57,Private,181242,Bachelors,13,Married-civ-spouse,Exec-managerial,Husband,White,Male,0,0,40,United-States,>50K.
25,Private,297154,HS-grad,9,Married-civ-spouse,Handlers-cleaners,Husband,White,Male,2407,0,40,United-States,<=50K
38,Private,414991,HS-grad,9,Married-civ-spouse,Transport-moving,Husband,White,Male,0,0,40,United-States,>50K.
60,Private,140544,HS-grad,9,Never-married,Handlers-cleaners,Not-in-family,White,Male,0,0,40,United-States,<=50K
30,Private,201122,Bachelors,13,Married-civ-spouse,Prof-specialty,Husband,White,Male,0,0,40,United-States,>50K.
53,Private,175220,Bachelors,13,Married-civ-spouse,Sales,Husband,Asian-Pac-Islander,Male,7688,0,48,Taiwan,>50K.
36,Private,279721,HS-grad,9,Married-civ-spouse,Transport-moving,Husband,White,Male,0,0,40,United-States,<=50K
25,Private,195201,HS-grad,9,Married-civ-spouse,Sales,Husband,Other,Male,0,0,50,United-States,<=50K
26,Private,212793,HS-grad,9,Never-married,Machine-op-inspct,Not-in-family,White,Male,0,0,40,United-States,<=50K
25,Local-gov,77698,Some-college,10,Never-married,Adm-clerical,Unmarried,Black,Female,0,0,40,United-States,<=50K
36,Self-emp-not-inc,36425,Some-college,10,Divorced,Sales,Unmarried,White,Female,0,0,35,United-States,<=50K
40,Private,260696,HS-grad,9,Never-married,Adm-clerical,Not-in-family,White,Female,0,0,40,United-States,<=50K
41,Private,145441,HS-grad,9,Married-civ-spouse,Machine-op-inspct,Husband,White,Male,0,0,40,United-States,>50K.
48,Private,174533,HS-grad,9,Married-civ-spouse,Machine-op-inspct,Husband,White,Male,0,0,40,United-States,<=50K
32,Self-emp-inc,190290,HS-grad,9,Married-civ-spouse,Craft-repair,Husband,White,Male,0,0,40,United-States,>50K.
36,?,214896,9th,5,Divorced,?,Unmarried,White,Female,0,0,40,Mexico,<=50K
64,Private,207658,Assoc-acdm,12,Married-civ-spouse,Craft-repair,Husband,White,Male,0,0,40,United-States,>50K.
25,Private,374918,12th,8,Married-civ-spouse,Other-service,Wife,White,Female,0,0,40,United-States,<=50K
35,Private,143231,Assoc-voc,11,Married-civ-spouse,Adm-clerical,Husband,White,Male,0,0,44,United-States,>50K.
23,Private,319842,Some-college,10,Never-married,Handlers-cleaners,Own-child,White,Male,0,0,25,United-States,<=50K
41,Self-emp-inc,56019,Prof-school,15,Married-civ-spouse,Prof-specialty,Husband,Asian-Pac-Islander,Male,99999,0,50,India,>50K.
39,Private,192702,Masters,14,Never-married,Craft-repair,Not-in-family,White,Female,0,0,50,United-States,<=50K
53,Private,64322,HS-grad,9,Married-civ-spouse,Exec-managerial,Husband,White,Male,0,0,40,United-States,<=50K
36,Private,252327,5th-6th,3,Married-spouse-absent,Craft-repair,Other-relative,White,Male,0,0,40,Mexico,<=50K
21,State-gov,96483,Some-college,10,Never-married,Adm-clerical,Own-child,Asian-Pac-Islander,Female,0,0,12,United-States,<=50K
53,Local-gov,177063,Some-college,10,Married-civ-spouse,Adm-clerical,Husband,White,Male,0,0,40,United-States,>50K.
33,Private,392812,Masters,14,Married-civ-spouse,Exec-managerial,Husband,White,Male,0,1977,50,United-States,>50K.
45,State-gov,191001,Bachelors,13,Married-civ-spouse,Adm-clerical,Husband,White,Male,7688,0,40,United-States,>50K.
42,Private,211253,Bachelors,13,Divorced,Exec-managerial,Unmarried,White,Female,0,0,40,United-States,<=50K
48,Private,216414,Bachelors,13,Married-civ-spouse,Exec-managerial,Husband,White,Male,0,1977,70,United-States,>50K.
31,Private,179673,HS-grad,9,Married-civ-spouse,Machine-op-inspct,Husband,White,Male,0,0,40,United-States,>50K.
57,Private,138777,Bachelors,13,Married-civ-spouse,Protective-serv,Wife,White,Female,0,0,45,Germany,>50K.
52,Private,287454,Bachelors,13,Divorced,Prof-specialty,Unmarried,White,Female,0,0,40,United-States,>50K.
46,Private,142719,HS-grad,9,Married-spouse-absent,Farming-fishing,Not-in-family,White,Male,0,0,65,United-States,<=50K
45,Private,212120,Bachelors,13,Married-civ-spouse,Prof-specialty,Husband,White,Male,15024,0,40,United-States,>50K.
42,Private,198229,Prof-school,15,Married-civ-spouse,Tech-support,Husband,White,Male,0,0,65,United-States,>50K.
48,Private,348144,Some-college,10,Divorced,Transport-moving,Not-in-family,White,Male,3325,0,53,United-States,<=50K
42,Private,173981,Bachelors,13,Married-civ-spouse,Prof-specialty,Husband,White,Male,0,0,40,Italy,>50K.
32,Private,185433,Some-college,10,Married-civ-spouse,Adm-clerical,Wife,Black,Female,0,0,40,United-States,>50K.
28,State-gov,73928,Bachelors,13,Never-married,Adm-clerical,Own-child,Asian-Pac-Islander,Female,0,0,40,United-States,>50K.
61,Private,289950,Bachelors,13,Married-civ-spouse,Prof-specialty,Husband,White,Male,0,0,44,United-States,>50K.
63,Private,65740,Some-college,10,Married-civ-spouse,Handlers-cleaners,Husband,Asian-Pac-Islander,Male,0,0,40,Philippines,>50K.
54,Private,227832,Some-college,10,Married-civ-spouse,Adm-clerical,Husband,White,Male,0,0,40,United-States,<=50K
44,Private,335223,HS-grad,9,Married-civ-spouse,Handlers-cleaners,Husband,White,Male,0,0,40,United-States,>50K.
21,?,494638,Assoc-acdm,12,Never-married,?,Own-child,White,Male,0,0,15,United-States,<=50K
37,Private,130200,HS-grad,9,Married-civ-spouse,Exec-managerial,Husband,White,Male,0,0,70,United-States,>50K.
24,Private,39827,Some-college,10,Married-civ-spouse,Machine-op-inspct,Wife,Other,Female,0,0,40,Puerto-Rico,<=50K
21,Private,185948,Some-college,10,Never-married,Sales,Own-child,White,Male,0,0,35,United-States,<=50K
43,Private,346189,Masters,14,Married-civ-spouse,Exec-managerial,Husband,White,Male,0,0,50,United-States,>50K.
44,Private,238574,Prof-school,15,Married-civ-spouse,Prof-specialty,Husband,White,Male,0,0,50,United-States,>50K.
39,Private,82521,Bachelors,13,Married-civ-spouse,Sales,Husband,White,Male,0,0,45,United-States,>50K.
47,Private,177858,Bachelors,13,Married-spouse-absent,Exec-managerial,Not-in-family,White,Female,27828,0,60,United-States,>50K.
44,Local-gov,357814,12th,8,Married-civ-spouse,Other-service,Other-relative,White,Female,0,0,35,Mexico,<=50K
51,Private,312446,Bachelors,13,Married-civ-spouse,Exec-managerial,Husband,White,Male,0,0,37,United-States,>50K.
47,Self-emp-not-inc,52291,Masters,14,Married-civ-spouse,Sales,Husband,White,Male,7688,0,45,United-States,>50K.
56,Private,135458,HS-grad,9,Divorced,Tech-support,Not-in-family,Black,Female,0,0,40,United-States,<=50K
53,Self-emp-not-inc,174102,Prof-school,15,Divorced,Prof-specialty,Unmarried,White,Male,25236,0,60,United-States,>50K.
21,Private,440969,HS-grad,9,Never-married,Adm-clerical,Own-child,White,Female,0,0,40,United-States,<=50K
29,Private,183009,Bachelors,13,Never-married,Prof-specialty,Not-in-family,Other,Female,0,1590,40,United-States,<=50K
37,Private,166115,10th,6,Married-civ-spouse,Transport-moving,Husband,White,Male,0,0,50,United-States,>50K.
58,Local-gov,54947,Some-college,10,Never-married,Prof-specialty,Not-in-family,White,Female,0,0,55,United-States,<=50K
29,Private,131310,Assoc-acdm,12,Never-married,Sales,Own-child,White,Female,0,0,40,United-States,<=50K
33,Private,473133,Doctorate,16,Married-civ-spouse,Prof-specialty,Husband,White,Male,15024,0,50,United-States,>50K.
56,State-gov,54260,Doctorate,16,Married-civ-spouse,Prof-specialty,Not-in-family,Asian-Pac-Islander,Male,2885,0,40,China,<=50K
67,Self-emp-not-inc,195066,HS-grad,9,Married-civ-spouse,Farming-fishing,Husband,White,Male,0,0,50,United-States,<=50K
29,Federal-gov,119848,Bachelors,13,Never-married,Prof-specialty,Not-in-family,White,Female,0,0,40,United-States,<=50K
25,Private,324372,HS-grad,9,Never-married,Handlers-cleaners,Own-child,Black,Male,0,0,40,United-States,<=50K
58,Private,105060,Some-college,10,Never-married,Adm-clerical,Not-in-family,Black,Female,0,0,37,United-States,<=50K
29,Private,161444,HS-grad,9,Married-civ-spouse,Exec-managerial,Husband,White,Male,0,0,40,Columbia,<=50K
23,Self-emp-not-inc,174714,10th,6,Never-married,Craft-repair,Not-in-family,White,Male,0,0,60,United-States,<=50K
29,Private,26451,HS-grad,9,Married-civ-spouse,Handlers-cleaners,Husband,Amer-Indian-Eskimo,Male,0,0,40,United-States,<=50K
26,Private,191573,Assoc-acdm,12,Married-civ-spouse,Prof-specialty,Wife,White,Female,0,0,40,United-States,>50K.
34,Private,159929,HS-grad,9,Divorced,Handlers-cleaners,Own-child,White,Male,0,0,40,United-States,<=50K
58,Private,121111,HS-grad,9,Married-civ-spouse,Sales,Wife,White,Female,0,0,40,Greece,<=50K
32,State-gov,33945,Bachelors,13,Married-civ-spouse,Farming-fishing,Husband,White,Male,0,0,40,United-States,>50K.
54,Private,319697,Some-college,10,Married-civ-spouse,Prof-specialty,Wife,White,Female,0,0,40,United-States,<=50K
27,Private,278122,HS-grad,9,Never-married,Transport-moving,Own-child,White,Male,0,0,40,United-States,<=50K
38,Private,199816,HS-grad,9,Divorced,Machine-op-inspct,Own-child,White,Male,0,0,40,United-States,<=50K
51,Private,93193,HS-grad,9,Divorced,Prof-specialty,Not-in-family,White,Female,0,0,40,United-States,<=50K
35,Private,145704,HS-grad,9,Married-civ-spouse,Prof-specialty,Wife,White,Female,3942,0,35,United-States,<=50K
31,Private,128065,11th,7,Married-civ-spouse,Farming-fishing,Husband,White,Male,0,0,55,United-States,>50K.
35,Private,138441,Bachelors,13,Married-civ-spouse,Exec-managerial,Husband,White,Male,0,0,40,United-States,>50K.
30,Private,509364,Some-college,10,Married-civ-spouse,Adm-clerical,Own-child,White,Male,0,0,40,United-States,>50K.
47,Self-emp-inc,206947,Assoc-acdm,12,Widowed,Exec-managerial,Not-in-family,White,Female,0,0,67,United-States,<=50K
50,Local-gov,166423,HS-grad,9,Married-civ-spouse,Adm-clerical,Wife,White,Female,0,0,40,United-States,>50K.
28,Private,92262,HS-grad,9,Married-civ-spouse,Craft-repair,Husband,White,Male,0,0,40,United-States,<=50K
22,Private,51262,HS-grad,9,Never-married,Machine-op-inspct,Own-child,White,Male,0,0,40,United-States,<=50K
24,Private,205865,HS-grad,9,Never-married,Sales,Unmarried,White,Male,0,0,45,United-States,<=50K
35,Private,251396,Bachelors,13,Married-civ-spouse,Prof-specialty,Husband,White,Male,0,0,50,United-States,>50K.
42,Private,190767,Bachelors,13,Divorced,Adm-clerical,Not-in-family,White,Female,0,0,40,United-States,<=50K
35,Private,65876,Assoc-voc,11,Married-civ-spouse,Craft-repair,Husband,White,Male,0,0,42,United-States,>50K.
43,Private,315037,Bachelors,13,Married-civ-spouse,Craft-repair,Husband,White,Male,0,0,45,United-States,>50K.
52,Private,225317,5th-6th,3,Married-civ-spouse,Craft-repair,Husband,White,Male,0,0,40,Mexico,<=50K
39,Private,27408,HS-grad,9,Married-civ-spouse,Sales,Husband,White,Male,7298,0,50,United-States,>50K.
28,Private,138692,Some-college,10,Never-married,Craft-repair,Own-child,White,Male,0,0,50,United-States,<=50K
42,Private,171615,HS-grad,9,Married-civ-spouse,Exec-managerial,Husband,White,Male,0,0,55,United-States,>50K.
46,Private,273796,HS-grad,9,Married-civ-spouse,Transport-moving,Husband,White,Male,0,0,65,United-States,>50K.
47,Private,189498,HS-grad,9,Married-civ-spouse,Tech-support,Husband,White,Male,0,0,65,United-States,>50K.
29,Private,130010,Masters,14,Married-civ-spouse,Exec-managerial,Husband,White,Male,0,0,40,United-States,>50K.
45,Private,144086,HS-grad,9,Married-civ-spouse,Craft-repair,Husband,White,Male,0,0,40,United-States,>50K.
32,Private,195576,11th,7,Married-civ-spouse,Machine-op-inspct,Husband,White,Male,0,0,40,United-States,<=50K
24,Private,230248,7th-8th,4,Separated,Machine-op-inspct,Own-child,White,Male,0,0,40,United-States,<=50K
59,State-gov,115439,Bachelors,13,Married-civ-spouse,Exec-managerial,Husband,White,Male,0,1977,40,United-States,>50K.
45,Private,54038,Some-college,10,Married-civ-spouse,Adm-clerical,Wife,White,Female,0,1902,20,United-States,>50K.
41,Local-gov,242586,Some-college,10,Married-civ-spouse,Exec-managerial,Husband,White,Male,0,0,40,United-States,<=50K
37,Private,286730,Some-college,10,Divorced,Craft-repair,Unmarried,White,Female,0,0,40,United-States,<=50K
34,Private,82623,HS-grad,9,Married-civ-spouse,Other-service,Husband,White,Male,0,0,20,United-States,<=50K
29,Private,247867,Bachelors,13,Married-civ-spouse,Prof-specialty,Husband,White,Male,0,0,40,United-States,>50K.
41,Private,154714,Assoc-voc,11,Married-civ-spouse,Craft-repair,Husband,White,Male,0,0,40,United-States,>50K.
20,?,388811,Some-college,10,Never-married,?,Own-child,White,Female,0,0,40,United-States,<=50K
41,Private,421837,HS-grad,9,Married-civ-spouse,Transport-moving,Husband,White,Male,0,0,40,United-States,<=50K
17,Local-gov,182070,11th,7,Never-married,Other-service,Own-child,White,Female,0,0,16,United-States,<=50K
36,Local-gov,127424,Bachelors,13,Married-civ-spouse,Adm-clerical,Husband,Black,Male,0,0,50,,>50K.
41,Private,144778,HS-grad,9,Married-civ-spouse,Craft-repair,Husband,White,Male,0,0,40,United-States,<=50K
41,Private,287581,Bachelors,13,Married-civ-spouse,Exec-managerial,Husband,White,Male,7688,0,45,United-States,>50K.
40,Private,201908,Assoc-voc,11,Married-civ-spouse,Exec-managerial,Husband,White,Male,0,0,40,United-States,>50K.
58,Private,49159,HS-grad,9,Married-civ-spouse,Adm-clerical,Wife,White,Female,0,0,40,United-States,>50K.
49,Private,75673,HS-grad,9,Never-married,Adm-clerical,Own-child,Asian-Pac-Islander,Female,0,0,40,United-States,<=50K
25,Private,273876,Bachelors,13,Never-married,Sales,Not-in-family,White,Male,0,0,65,United-States,<=50K
37,Private,222450,11th,7,Married-spouse-absent,Other-service,Other-relative,White,Male,0,0,40,El-Salvador,<=50K
31,Private,336543,HS-grad,9,Married-civ-spouse,Exec-managerial,Husband,Asian-Pac-Islander,Male,0,0,45,United-States,>50K.
21,Private,83141,HS-grad,9,Never-married,Farming-fishing,Not-in-family,White,Male,0,0,53,United-States,<=50K
59,Self-emp-inc,255822,HS-grad,9,Divorced,Exec-managerial,Not-in-family,White,Male,0,0,60,United-States,<=50K
18,Private,84253,11th,7,Never-married,Other-service,Own-child,White,Female,0,0,24,United-States,<=50K
22,Self-emp-not-inc,108506,Assoc-voc,11,Never-married,Farming-fishing,Not-in-family,Amer-Indian-Eskimo,Male,0,0,75,United-States,<=50K
37,Self-emp-not-inc,150993,11th,7,Married-civ-spouse,Transport-moving,Husband,White,Male,0,0,45,United-States,<=50K
56,Federal-gov,61885,Bachelors,13,Never-married,Transport-moving,Not-in-family,Black,Male,0,2001,65,United-States,<=50K
33,Private,158438,HS-grad,9,Married-civ-spouse,Sales,Husband,White,Male,0,0,55,United-States,>50K.
37,Private,113120,Assoc-voc,11,Divorced,Prof-specialty,Not-in-family,White,Female,0,0,40,United-States,<=50K
38,Self-emp-inc,66687,HS-grad,9,Married-civ-spouse,Exec-managerial,Husband,White,Male,5178,0,50,Portugal,>50K.
34,Private,312055,Bachelors,13,Never-married,Exec-managerial,Not-in-family,White,Male,0,0,40,United-States,>50K.
28,Self-emp-not-inc,183151,HS-grad,9,Married-civ-spouse,Craft-repair,Husband,White,Male,0,0,40,United-States,>50K.
32,Private,94041,Bachelors,13,Never-married,Exec-managerial,Not-in-family,White,Male,0,0,40,United-States,>50K.
49,Private,115613,9th,5,Married-civ-spouse,Other-service,Husband,White,Male,0,0,40,United-States,<=50K
48,Private,56071,Bachelors,13,Married-civ-spouse,Craft-repair,Husband,White,Male,0,0,40,United-States,>50K.
44,State-gov,101603,Bachelors,13,Married-civ-spouse,Exec-managerial,Husband,White,Male,0,0,40,United-States,>50K.
30,Private,164802,Bachelors,13,Never-married,Exec-managerial,Not-in-family,Other,Female,8614,0,40,India,>50K.
35,Private,188972,HS-grad,9,Widowed,Exec-managerial,Unmarried,White,Female,0,0,30,United-States,<=50K
46,Local-gov,60751,Assoc-voc,11,Married-civ-spouse,Exec-managerial,Husband,White,Male,0,0,40,United-States,>50K.
42,Private,337276,Some-college,10,Married-civ-spouse,Transport-moving,Husband,White,Male,0,0,40,United-States,>50K.
42,Private,317078,HS-grad,9,Divorced,Machine-op-inspct,Not-in-family,Black,Male,0,0,40,United-States,<=50K
38,Private,185053,Masters,14,Married-civ-spouse,Prof-specialty,Wife,White,Female,0,0,20,United-States,>50K.
33,Private,178615,Assoc-acdm,12,Married-civ-spouse,Craft-repair,Husband,White,Male,0,0,40,United-States,<=50K
26,Private,164583,HS-grad,9,Divorced,Sales,Unmarried,White,Female,0,0,30,United-States,<=50K
32,Private,210926,HS-grad,9,Divorced,Adm-clerical,Not-in-family,White,Female,0,0,38,United-States,>50K.
60,Self-emp-inc,180512,9th,5,Married-civ-spouse,Craft-repair,Husband,White,Male,0,0,45,United-States,>50K.
47,Private,140219,HS-grad,9,Never-married,Adm-clerical,Other-relative,White,Female,0,0,40,United-States,<=50K
35,Private,97554,Assoc-acdm,12,Married-civ-spouse,Exec-managerial,Husband,White,Male,0,0,50,United-States,>50K.
66,Self-emp-not-inc,325537,Bachelors,13,Married-civ-spouse,Sales,Husband,White,Male,0,0,40,United-States,>50K.
28,Private,183639,Bachelors,13,Never-married,Adm-clerical,Not-in-family,White,Male,0,0,21,United-States,<=50K
33,Local-gov,352277,Some-college,10,Married-civ-spouse,Adm-clerical,Husband,White,Male,3103,0,45,United-States,>50K.
40,Self-emp-inc,301007,Bachelors,13,Married-civ-spouse,Prof-specialty,Husband,White,Male,0,0,60,United-States,<=50K
44,Private,346081,HS-grad,9,Divorced,Prof-specialty,Not-in-family,White,Male,0,0,40,United-States,>50K.
41,Private,117585,HS-grad,9,Married-civ-spouse,Transport-moving,Husband,White,Male,0,1977,50,United-States,>50K.
29,Private,108775,Bachelors,13,Married-civ-spouse,Exec-managerial,Husband,White,Male,0,0,50,United-States,>50K.
34,Private,118551,Bachelors,13,Never-married,Tech-support,Not-in-family,White,Female,0,0,40,United-States,<=50K
23,Private,169104,Some-college,10,Never-married,Sales,Own-child,Asian-Pac-Islander,Male,0,0,25,United-States,<=50K
44,Private,204314,HS-grad,9,Married-civ-spouse,Other-service,Wife,Black,Female,0,0,38,United-States,>50K.
42,Private,318255,HS-grad,9,Divorced,Adm-clerical,Unmarried,White,Female,0,0,40,United-States,<=50K
22,Private,109482,Some-college,10,Never-married,Prof-specialty,Own-child,White,Male,0,0,98,United-States,<=50K
33,Private,76493,Bachelors,13,Never-married,Prof-specialty,Not-in-family,White,Male,0,0,50,United-States,>50K.
28,Private,76313,Some-college,10,Married-civ-spouse,Craft-repair,Husband,Amer-Indian-Eskimo,Male,0,0,60,United-States,<=50K
38,Private,275338,Bachelors,13,Divorced,Sales,Unmarried,White,Female,1151,0,40,United-States,<=50K
38,Private,372525,Masters,14,Married-civ-spouse,Exec-managerial,Husband,White,Male,15024,0,45,United-States,>50K.
50,Self-emp-inc,209642,Some-college,10,Married-civ-spouse,Sales,Husband,White,Male,99999,0,55,United-States,>50K.
38,Federal-gov,91716,HS-grad,9,Married-civ-spouse,Adm-clerical,Husband,White,Male,0,0,40,United-States,<=50K
28,Local-gov,197932,Some-college,10,Never-married,Adm-clerical,Own-child,White,Female,0,0,16,United-States,<=50K
56,Private,177368,Some-college,10,Married-civ-spouse,Adm-clerical,Husband,White,Male,7298,0,45,United-States,>50K.
38,Private,216319,Doctorate,16,Married-civ-spouse,Prof-specialty,Husband,Asian-Pac-Islander,Male,0,0,40,China,>50K.
47,Self-emp-not-inc,181405,Prof-school,15,Married-civ-spouse,Prof-specialty,Husband,White,Male,15024,0,40,United-States,>50K.
68,Private,201732,Some-college,10,Divorced,Adm-clerical,Unmarried,White,Female,0,0,40,United-States,<=50K
65,Private,113293,HS-grad,9,Married-civ-spouse,Craft-repair,Husband,White,Male,0,0,50,United-States,>50K.
42,Federal-gov,230438,Some-college,10,Married-civ-spouse,Adm-clerical,Husband,White,Male,0,1887,40,United-States,>50K.
23,Private,176724,11th,7,Married-civ-spouse,Machine-op-inspct,Husband,White,Male,0,0,40,Puerto-Rico,<=50K
30,Private,114691,Bachelors,13,Never-married,Adm-clerical,Other-relative,White,Male,0,0,40,United-States,<=50K
45,Private,201080,Some-college,10,Married-civ-spouse,Sales,Husband,White,Male,0,0,60,United-States,>50K.
51,State-gov,200450,HS-grad,9,Married-civ-spouse,Other-service,Husband,White,Male,0,0,40,United-States,>50K.
22,Private,138513,Some-college,10,Never-married,Craft-repair,Own-child,White,Male,0,0,40,United-States,<=50K
40,Local-gov,34540,Masters,14,Divorced,Prof-specialty,Unmarried,White,Female,0,0,44,United-States,<=50K
49,Private,81535,Bachelors,13,Married-civ-spouse,Exec-managerial,Husband,White,Male,0,0,75,United-States,>50K.
25,Private,333677,9th,5,Married-civ-spouse,Machine-op-inspct,Husband,White,Male,0,0,45,United-States,<=50K
29,Private,48895,HS-grad,9,Never-married,Craft-repair,Not-in-family,White,Male,0,0,50,United-States,<=50K
51,Self-emp-not-inc,103257,Prof-school,15,Married-civ-spouse,Prof-specialty,Husband,White,Male,0,0,40,United-States,<=50K
21,Private,107882,Assoc-acdm,12,Never-married,Other-service,Own-child,White,Female,0,0,9,United-States,<=50K
25,Private,131976,Bachelors,13,Never-married,Exec-managerial,Own-child,White,Male,0,0,55,United-States,<=50K
20,Private,482732,HS-grad,9,Never-married,Adm-clerical,Other-relative,White,Male,0,0,24,United-States,<=50K
33,Private,154227,Some-college,10,Married-civ-spouse,Machine-op-inspct,Husband,White,Male,0,0,40,United-States,>50K.
26,Private,60722,Bachelors,13,Never-married,Prof-specialty,Own-child,Asian-Pac-Islander,Female,0,0,40,United-States,<=50K
23,Private,128604,HS-grad,9,Never-married,Sales,Own-child,Asian-Pac-Islander,Male,0,0,48,South,<=50K
50,Private,39590,HS-grad,9,Married-civ-spouse,Farming-fishing,Husband,White,Male,0,0,48,United-States,>50K.
28,Self-emp-inc,173944,Bachelors,13,Married-civ-spouse,Handlers-cleaners,Husband,White,Male,15024,0,65,United-States,>50K.
51,Private,326005,HS-grad,9,Married-civ-spouse,Exec-managerial,Husband,White,Male,0,0,40,England,>50K.
22,Private,106843,10th,6,Never-married,Craft-repair,Other-relative,White,Male,0,0,30,United-States,<=50K
40,Private,104196,Bachelors,13,Married-civ-spouse,Exec-managerial,Husband,White,Male,0,0,60,United-States,>50K.
45,Self-emp-inc,185497,Bachelors,13,Married-civ-spouse,Exec-managerial,Wife,Asian-Pac-Islander,Female,0,0,70,?,<=50K
28,Local-gov,100270,Bachelors,13,Divorced,Prof-specialty,Not-in-family,White,Male,0,0,40,United-States,<=50K
65,Federal-gov,44807,Some-college,10,Married-civ-spouse,Adm-clerical,Husband,White,Male,0,0,48,United-States,>50K.
45,Private,142909,HS-grad,9,Married-civ-spouse,Craft-repair,Husband,White,Male,0,0,40,United-States,>50K.
57,Private,80149,Bachelors,13,Married-civ-spouse,Exec-managerial,Husband,White,Male,0,1977,40,Germany,>50K.
34,Private,178449,Some-college,10,Married-civ-spouse,Exec-managerial,Husband,White,Male,3103,0,45,United-States,>50K.
19,Federal-gov,234151,HS-grad,9,Never-married,Adm-clerical,Unmarried,Black,Female,0,0,40,United-States,<=50K
35,Local-gov,160728,Masters,14,Married-civ-spouse,Prof-specialty,Husband,White,Male,0,0,45,United-States,>50K.
49,Federal-gov,207540,Bachelors,13,Married-civ-spouse,Adm-clerical,Husband,White,Male,0,0,40,United-States,>50K.
55,Self-emp-inc,114495,Bachelors,13,Married-civ-spouse,Exec-managerial,Husband,White,Male,0,2415,50,United-States,>50K.
30,Private,118551,Bachelors,13,Never-married,Sales,Not-in-family,White,Female,0,0,35,United-States,>50K.
42,Local-gov,720428,Some-college,10,Married-civ-spouse,Protective-serv,Husband,Black,Male,0,0,40,United-States,>50K.
64,Self-emp-not-inc,167877,HS-grad,9,Married-civ-spouse,Prof-specialty,Husband,White,Male,0,0,60,United-States,>50K.
37,Local-gov,347491,Assoc-acdm,12,Married-civ-spouse,Craft-repair,Husband,White,Male,0,0,40,United-States,>50K.
34,Private,235271,Some-college,10,Never-married,Machine-op-inspct,Own-child,White,Male,0,0,86,United-States,>50K.
20,Private,249956,Some-college,10,Never-married,Adm-clerical,Own-child,White,Female,0,0,10,United-States,<=50K
33,Private,31449,Assoc-acdm,12,Divorced,Machine-op-inspct,Unmarried,Amer-Indian-Eskimo,Female,0,0,40,United-States,<=50K
58,Private,159008,Bachelors,13,Married-civ-spouse,Prof-specialty,Husband,White,Male,0,1887,40,United-States,>50K.
60,Private,203985,Some-college,10,Married-civ-spouse,Other-service,Husband,White,Male,0,0,40,United-States,>50K.
51,Private,194097,Some-college,10,Married-civ-spouse,Exec-managerial,Wife,White,Female,0,0,30,United-States,>50K.
64,Self-emp-not-inc,170421,Some-college,10,Widowed,Craft-repair,Not-in-family,White,Female,0,0,8,United-States,<=50K
26,Private,375980,HS-grad,9,Separated,Sales,Unmarried,Black,Female,0,0,37,United-States,<=50K
30,Private,94235,Bachelors,13,Married-civ-spouse,Prof-specialty,Husband,White,Male,0,1977,50,United-States,>50K.
30,Self-emp-inc,185384,Some-college,10,Married-civ-spouse,Exec-managerial,Wife,White,Female,0,0,25,United-States,<=50K
55,Private,178353,9th,5,Divorced,Machine-op-inspct,Not-in-family,White,Male,10520,0,60,United-States,>50K.
38,Private,176335,Some-college,10,Married-civ-spouse,Prof-specialty,Husband,White,Male,0,0,40,United-States,>50K.
42,Local-gov,137232,HS-grad,9,Divorced,Protective-serv,Unmarried,White,Female,0,0,50,United-States,<=50K
39,Private,238008,HS-grad,9,Widowed,Adm-clerical,Own-child,White,Female,0,0,40,United-States,<=50K
46,Private,261059,Some-college,10,Married-civ-spouse,Prof-specialty,Husband,White,Male,0,0,40,United-States,>50K.
38,Private,233571,Some-college,10,Married-civ-spouse,Tech-support,Wife,White,Female,0,1902,40,United-States,>50K.
45,Self-emp-not-inc,432824,HS-grad,9,Married-civ-spouse,Craft-repair,Husband,White,Male,7298,0,90,United-States,>50K.
34,Private,301251,Bachelors,13,Married-civ-spouse,Sales,Husband,White,Male,0,0,50,United-States,>50K.
42,Private,188331,Some-college,10,Married-civ-spouse,Adm-clerical,Wife,White,Female,15024,0,40,United-States,>50K.
69,Self-emp-not-inc,170877,HS-grad,9,Married-civ-spouse,Sales,Husband,White,Male,0,0,48,United-States,<=50K
65,Self-emp-not-inc,172906,Assoc-acdm,12,Widowed,Prof-specialty,Not-in-family,White,Female,0,0,50,United-States,>50K.
41,Private,304605,HS-grad,9,Married-civ-spouse,Craft-repair,Husband,White,Male,0,0,40,Canada,>50K.
63,Private,286990,Some-college,10,Married-civ-spouse,Sales,Husband,White,Male,0,0,50,United-States,>50K.
58,Self-emp-inc,120384,HS-grad,9,Married-civ-spouse,Exec-managerial,Husband,White,Male,0,0,40,United-States,>50K.
27,Private,253814,HS-grad,9,Married-spouse-absent,Sales,Unmarried,White,Female,0,0,25,United-States,<=50K
50,Self-emp-inc,152810,Some-college,10,Married-civ-spouse,Machine-op-inspct,Husband,White,Male,0,0,70,Germany,<=50K
21,Private,190968,HS-grad,9,Never-married,Machine-op-inspct,Own-child,White,Male,0,0,40,United-States,<=50K
26,Local-gov,208122,Bachelors,13,Never-married,Prof-specialty,Own-child,White,Male,1055,0,40,United-States,<=50K
21,State-gov,299153,Some-college,10,Never-married,Adm-clerical,Own-child,White,Female,0,0,15,United-States,<=50K
46,Private,219967,Assoc-acdm,12,Married-civ-spouse,Sales,Husband,White,Male,15024,0,45,United-States,>50K.
44,Private,275094,1st-4th,2,Never-married,Other-service,Own-child,White,Male,0,0,10,United-States,<=50K
26,Private,78258,Assoc-voc,11,Divorced,Prof-specialty,Unmarried,White,Female,0,0,36,United-States,<=50K
35,Private,38245,Some-college,10,Married-civ-spouse,Craft-repair,Husband,White,Male,0,0,60,United-States,<=50K
48,Private,193188,Assoc-voc,11,Married-civ-spouse,Craft-repair,Husband,White,Male,0,0,40,United-States,>50K.
43,Federal-gov,190020,Bachelors,13,Married-civ-spouse,Prof-specialty,Husband,White,Male,0,0,40,United-States,>50K.
43,Private,223881,Bachelors,13,Married-civ-spouse,Tech-support,Husband,White,Male,7298,0,40,United-States,>50K.
35,Private,169672,11th,7,Married-civ-spouse,Sales,Husband,White,Male,0,0,65,United-States,<=50K
51,Private,169785,Bachelors,13,Married-spouse-absent,Exec-managerial,Not-in-family,White,Female,0,0,60,United-States,>50K.
39,Private,109351,Bachelors,13,Married-civ-spouse,Prof-specialty,Wife,White,Female,0,0,30,United-States,>50K.
36,Self-emp-not-inc,257250,7th-8th,4,Never-married,Farming-fishing,Own-child,White,Male,0,0,75,United-States,<=50K
25,Private,160300,Bachelors,13,Never-married,Exec-managerial,Not-in-family,White,Male,0,0,35,United-States,<=50K
58,Local-gov,185072,Bachelors,13,Separated,Prof-specialty,Unmarried,Black,Female,0,0,40,Jamaica,>50K.
43,Private,174748,Bachelors,13,Divorced,Exec-managerial,Unmarried,Black,Female,7430,0,45,United-States,>50K.
44,Private,160323,Some-college,10,Married-civ-spouse,Machine-op-inspct,Husband,Black,Male,7688,0,40,United-States,>50K.
28,Private,195000,Bachelors,13,Never-married,Sales,Other-relative,White,Female,0,0,45,United-States,<=50K
39,Private,107164,HS-grad,9,Married-civ-spouse,Tech-support,Husband,White,Male,0,0,40,United-States,>50K.
64,Private,130525,HS-grad,9,Married-civ-spouse,Sales,Husband,White,Male,0,0,40,United-States,>50K.
65,,91262,HS-grad,9,Married-civ-spouse,,Husband,Asian-Pac-Islander,Male,0,0,48,United-States,>50K.
55,Private,196126,Bachelors,13,Separated,Craft-repair,Not-in-family,White,Male,0,0,40,?,<=50K
38,Private,127961,Bachelors,13,Married-civ-spouse,Prof-specialty,Husband,White,Male,7688,0,40,United-States,>50K.
35,Private,416745,Bachelors,13,Married-civ-spouse,Prof-specialty,Husband,White,Male,0,0,40,,>50K.
67,?,209137,Bachelors,13,Married-civ-spouse,?,Husband,White,Male,0,0,40,United-States,<=50K
20,State-gov,39478,Some-college,10,Never-married,Exec-managerial,Own-child,White,Male,0,0,54,United-States,<=50K
50,,28765,Masters,14,Married-civ-spouse,,Husband,White,Male,0,0,40,United-States,>50K.
21,Private,119156,Some-college,10,Never-married,Machine-op-inspct,Own-child,White,Male,0,0,20,United-States,<=50K
54,Private,145419,Bachelors,13,Married-civ-spouse,Sales,Husband,White,Male,0,0,60,United-States,>50K.
34,Private,405577,Some-college,10,Never-married,Adm-clerical,Not-in-family,White,Male,0,0,40,United-States,<=50K
39,Private,342642,HS-grad,9,Divorced,Sales,Not-in-family,White,Male,0,0,60,United-States,<=50K
29,Private,217424,Masters,14,Never-married,Exec-managerial,Not-in-family,White,Female,0,0,50,United-States,>50K.
34,Private,117963,Masters,14,Married-civ-spouse,Prof-specialty,Husband,White,Male,0,0,43,United-States,>50K.
41,Private,106698,HS-grad,9,Widowed,Transport-moving,Not-in-family,White,Female,13550,0,60,United-States,>50K.
29,Local-gov,194869,Bachelors,13,Married-civ-spouse,Prof-specialty,Husband,White,Male,0,0,55,United-States,>50K.
29,Private,363963,HS-grad,9,Divorced,Other-service,Not-in-family,White,Female,0,0,40,United-States,<=50K
46,Private,163352,HS-grad,9,Married-civ-spouse,Sales,Husband,White,Male,0,0,36,United-States,<=50K
36,Private,312206,HS-grad,9,Married-civ-spouse,Prof-specialty,Husband,White,Male,0,0,60,United-States,>50K.
25,Private,410240,HS-grad,9,Never-married,Craft-repair,Own-child,White,Male,0,0,40,United-States,<=50K
23,Private,139187,11th,7,Never-married,Handlers-cleaners,Own-child,White,Male,0,0,50,United-States,<=50K
20,Private,117222,Some-college,10,Never-married,Tech-support,Own-child,White,Male,0,0,15,United-States,<=50K
28,?,198393,HS-grad,9,Never-married,?,Not-in-family,Black,Female,0,0,40,United-States,<=50K
61,Self-emp-inc,227232,Bachelors,13,Separated,Sales,Not-in-family,White,Female,0,0,30,United-States,<=50K
33,Private,80145,HS-grad,9,Married-civ-spouse,Transport-moving,Husband,White,Male,0,0,60,United-States,<=50K
48,State-gov,176917,Some-college,10,Married-civ-spouse,Protective-serv,Husband,White,Male,0,0,40,United-States,>50K.
39,Private,270557,Masters,14,Divorced,Other-service,Not-in-family,White,Female,0,0,50,United-States,>50K.
41,Self-emp-inc,445382,Assoc-acdm,12,Married-civ-spouse,Craft-repair,Husband,White,Male,15024,0,60,United-States,>50K.
37,Local-gov,34173,HS-grad,9,Married-civ-spouse,Other-service,Wife,White,Female,0,0,25,United-States,<=50K
28,Private,103802,Bachelors,13,Never-married,Exec-managerial,Own-child,White,Female,0,1408,40,?,<=50K
56,Private,225267,Some-college,10,Divorced,Sales,Not-in-family,White,Male,14084,0,60,United-States,>50K.
40,Private,170730,HS-grad,9,Married-civ-spouse,Craft-repair,Husband,White,Male,0,0,50,United-States,<=50K
29,Private,119793,7th-8th,4,Married-civ-spouse,Craft-repair,Husband,White,Male,0,0,40,Portugal,>50K.
51,Local-gov,252029,Doctorate,16,Divorced,Prof-specialty,Not-in-family,White,Female,0,0,45,United-States,>50K.
69,Private,185691,11th,7,Married-civ-spouse,Adm-clerical,Husband,White,Male,0,0,20,United-States,<=50K
28,?,203260,Bachelors,13,Never-married,?,Not-in-family,White,Male,0,0,8,United-States,<=50K
24,?,152140,HS-grad,9,Married-civ-spouse,?,Wife,White,Female,0,0,40,United-States,<=50K
65,Private,83800,Some-college,10,Married-civ-spouse,Handlers-cleaners,Husband,White,Male,0,0,27,United-States,<=50K
34,Local-gov,43959,HS-grad,9,Married-civ-spouse,Other-service,Husband,White,Male,0,0,50,United-States,<=50K
46,Private,185041,Some-college,10,Married-civ-spouse,Exec-managerial,Husband,White,Male,0,1902,50,United-States,>50K.
59,Private,165695,Assoc-acdm,12,Married-civ-spouse,Transport-moving,Husband,White,Male,0,0,32,United-States,>50K.
23,Private,220993,HS-grad,9,Never-married,Sales,Not-in-family,White,Male,0,1590,48,United-States,<=50K
24,Private,220426,HS-grad,9,Never-married,Handlers-cleaners,Not-in-family,White,Male,0,0,40,United-States,<=50K
39,Private,33886,HS-grad,9,Married-civ-spouse,Transport-moving,Husband,White,Male,0,0,60,United-States,<=50K
19,Private,27433,11th,7,Never-married,Handlers-cleaners,Not-in-family,White,Male,0,0,40,United-States,<=50K
32,Private,251701,Assoc-acdm,12,Never-married,Prof-specialty,Not-in-family,White,Male,0,0,40,?,<=50K
52,State-gov,108836,Bachelors,13,Married-civ-spouse,Protective-serv,Husband,White,Male,0,0,48,United-States,>50K.
44,Self-emp-not-inc,57233,HS-grad,9,Married-civ-spouse,Farming-fishing,Husband,White,Male,0,0,50,United-States,<=50K
54,Private,217850,HS-grad,9,Married-civ-spouse,Transport-moving,Husband,Black,Male,0,0,40,United-States,>50K.
68,Private,223851,HS-grad,9,Married-civ-spouse,Adm-clerical,Husband,White,Male,0,0,24,United-States,<=50K
41,Federal-gov,29606,Some-college,10,Married-civ-spouse,Adm-clerical,Wife,Amer-Indian-Eskimo,Female,0,0,40,United-States,>50K.
30,Private,185336,Some-college,10,Divorced,Adm-clerical,Unmarried,Black,Female,0,0,37,United-States,<=50K
48,Private,168262,Bachelors,13,Married-civ-spouse,Sales,Husband,White,Male,0,0,25,United-States,>50K.
18,?,195981,HS-grad,9,Widowed,?,Own-child,White,Male,0,0,40,United-States,<=50K
49,Self-emp-inc,218835,Prof-school,15,Married-civ-spouse,Prof-specialty,Husband,White,Male,0,0,60,United-States,>50K.
65,?,327154,HS-grad,9,Widowed,?,Unmarried,White,Female,0,0,40,United-States,<=50K
51,State-gov,290688,Masters,14,Married-civ-spouse,Exec-managerial,Husband,White,Male,0,0,50,United-States,>50K.
37,Self-emp-inc,152414,Prof-school,15,Married-civ-spouse,Prof-specialty,Husband,White,Male,0,0,60,United-States,>50K.
64,Private,258006,Some-college,10,Widowed,Adm-clerical,Not-in-family,White,Female,0,0,40,Cuba,<=50K
34,Self-emp-inc,177828,HS-grad,9,Divorced,Sales,Unmarried,White,Male,0,0,50,United-States,>50K.
46,Private,172695,11th,7,Widowed,Other-service,Not-in-family,White,Female,0,0,27,El-Salvador,<=50K
30,Private,174215,Doctorate,16,Never-married,Prof-specialty,Not-in-family,White,Female,0,0,15,United-States,<=50K
32,Private,83253,Some-college,10,Married-civ-spouse,Transport-moving,Husband,White,Male,0,0,60,United-States,<=50K
76,Self-emp-not-inc,174309,Masters,14,Married-civ-spouse,Craft-repair,Husband,White,Male,0,0,10,United-States,<=50K
66,Self-emp-not-inc,28061,7th-8th,4,Widowed,Farming-fishing,Unmarried,White,Male,0,0,50,United-States,<=50K
38,Private,187264,HS-grad,9,Married-civ-spouse,Exec-managerial,Wife,White,Female,0,0,55,United-States,<=50K
52,Private,203635,Bachelors,13,Married-civ-spouse,Exec-managerial,Husband,White,Male,0,1902,65,United-States,>50K.
57,Private,104455,Some-college,10,Married-spouse-absent,Sales,Own-child,Asian-Pac-Islander,Female,0,0,90,United-States,>50K.
44,Private,227466,Some-college,10,Married-civ-spouse,Transport-moving,Husband,Black,Male,0,0,40,United-States,>50K.
27,Private,114967,Bachelors,13,Never-married,Sales,Own-child,White,Male,0,0,40,United-States,<=50K
41,Private,113823,Masters,14,Married-civ-spouse,Prof-specialty,Husband,White,Male,0,0,40,England,<=50K
35,Private,132879,Some-college,10,Married-civ-spouse,Tech-support,Husband,White,Male,0,0,40,United-States,>50K.
27,Private,604045,Bachelors,13,Never-married,Sales,Not-in-family,White,Male,27828,0,40,United-States,>50K.
40,Private,220609,Some-college,10,Divorced,Exec-managerial,Not-in-family,White,Female,0,0,40,United-States,<=50K
28,Private,37805,Bachelors,13,Married-civ-spouse,Sales,Husband,White,Male,0,0,40,United-States,>50K.
36,Private,48976,Bachelors,13,Married-civ-spouse,Sales,Wife,White,Female,0,0,40,United-States,>50K.
38,Private,312766,Bachelors,13,Married-civ-spouse,Exec-managerial,Wife,White,Female,0,0,40,United-States,>50K.
42,Federal-gov,31621,Assoc-acdm,12,Divorced,Adm-clerical,Not-in-family,White,Female,0,0,40,United-States,<=50K
54,Private,312631,Prof-school,15,Married-civ-spouse,Prof-specialty,Wife,White,Female,0,1887,50,United-States,>50K.
18,Private,57108,11th,7,Never-married,Sales,Own-child,White,Male,0,0,16,United-States,<=50K
35,Private,101073,Some-college,10,Married-civ-spouse,Transport-moving,Husband,White,Male,0,0,45,United-States,>50K.
31,Private,36302,Bachelors,13,Married-civ-spouse,Machine-op-inspct,Husband,White,Male,0,0,50,United-States,<=50K
19,Private,283033,11th,7,Never-married,Other-service,Not-in-family,White,Male,0,0,40,United-States,<=50K
57,Local-gov,268252,HS-grad,9,Divorced,Adm-clerical,Unmarried,White,Female,0,0,62,United-States,<=50K
55,Private,199212,Some-college,10,Married-civ-spouse,Adm-clerical,Wife,White,Female,5178,0,40,United-States,>50K.
31,Private,181388,Masters,14,Married-civ-spouse,Prof-specialty,Wife,White,Female,0,1902,45,United-States,>50K.
45,Private,88061,11th,7,Married-spouse-absent,Machine-op-inspct,Unmarried,Asian-Pac-Islander,Female,0,0,40,South,<=50K
48,Private,120902,Bachelors,13,Married-civ-spouse,Tech-support,Husband,White,Male,0,0,40,United-States,>50K.
43,Private,172577,Some-college,10,Divorced,Adm-clerical,Not-in-family,White,Female,0,0,44,United-States,<=50K
32,Self-emp-not-inc,241885,10th,6,Divorced,Craft-repair,Not-in-family,White,Male,0,0,40,United-States,<=50K
52,Private,62834,HS-grad,9,Married-civ-spouse,Machine-op-inspct,Husband,White,Male,0,0,20,United-States,>50K.
38,Private,185556,Some-college,10,Married-civ-spouse,Craft-repair,Husband,White,Male,0,0,40,Italy,<=50K
38,Private,108140,HS-grad,9,Married-civ-spouse,Craft-repair,Husband,White,Male,0,0,50,United-States,>50K.
25,Local-gov,225193,Bachelors,13,Never-married,Prof-specialty,Not-in-family,Black,Female,0,0,40,United-States,<=50K
28,Private,142712,Assoc-acdm,12,Married-civ-spouse,Sales,Husband,White,Male,0,0,37,United-States,>50K.
31,Private,111567,HS-grad,9,Married-civ-spouse,Transport-moving,Husband,White,Male,0,1848,50,United-States,>50K.
36,Private,112271,Bachelors,13,Married-civ-spouse,Tech-support,Husband,White,Male,0,1902,40,United-States,>50K.
47,Private,82797,Bachelors,13,Married-civ-spouse,Prof-specialty,Husband,White,Male,0,0,50,United-States,<=50K
20,Private,325033,12th,8,Never-married,Other-service,Own-child,Black,Male,0,0,35,United-States,>50K.
37,Private,122889,Doctorate,16,Married-civ-spouse,Prof-specialty,Husband,Asian-Pac-Islander,Male,7298,0,40,Taiwan,>50K.
55,Local-gov,190091,Masters,14,Married-civ-spouse,Prof-specialty,Husband,White,Male,0,0,50,United-States,>50K.
28,Private,192591,Bachelors,13,Never-married,Adm-clerical,Not-in-family,White,Female,0,0,45,United-States,<=50K
49,Private,132576,Bachelors,13,Married-civ-spouse,Exec-managerial,Husband,White,Male,0,0,50,United-States,>50K.
43,Private,435266,Doctorate,16,Separated,Exec-managerial,Not-in-family,White,Female,14084,0,60,United-States,>50K.
46,Private,225065,Preschool,1,Married-civ-spouse,Machine-op-inspct,Wife,White,Female,0,0,40,Mexico,<=50K
37,Private,225821,Assoc-acdm,12,Married-civ-spouse,Prof-specialty,Husband,White,Male,0,1485,40,United-States,>50K.
66,Private,127139,Some-college,10,Married-civ-spouse,Exec-managerial,Husband,White,Male,0,0,40,United-States,>50K.
41,Private,244522,HS-grad,9,Married-civ-spouse,Craft-repair,Husband,White,Male,7688,0,42,United-States,>50K.
33,Self-emp-inc,206609,HS-grad,9,Married-civ-spouse,Exec-managerial,Husband,White,Male,0,0,50,United-States,<=50K
37,Private,116409,Prof-school,15,Married-civ-spouse,Exec-managerial,Husband,White,Male,0,0,40,United-States,>50K.
41,Private,123490,Assoc-voc,11,Married-civ-spouse,Tech-support,Husband,White,Male,0,0,40,United-States,>50K.
52,Private,98588,HS-grad,9,Married-civ-spouse,Craft-repair,Husband,White,Male,0,0,40,United-States,<=50K
71,Private,193530,11th,7,Never-married,Priv-house-serv,Not-in-family,White,Female,0,0,75,United-States,<=50K
44,Private,106698,HS-grad,9,Divorced,Other-service,Unmarried,White,Female,0,0,40,United-States,<=50K
34,Private,97306,Bachelors,13,Divorced,Craft-repair,Unmarried,White,Female,0,0,25,United-States,<=50K
33,Private,184016,HS-grad,9,Never-married,Transport-moving,Not-in-family,White,Male,0,0,40,United-States,<=50K
36,Private,219546,Some-college,10,Married-civ-spouse,Exec-managerial,Husband,White,Male,0,0,60,United-States,>50K.
44,Private,765214,Masters,14,Separated,Exec-managerial,Not-in-family,White,Male,0,2559,40,United-States,>50K.
28,Federal-gov,329426,Bachelors,13,Never-married,Exec-managerial,Not-in-family,White,Male,0,0,50,United-States,>50K.
65,Self-emp-not-inc,78875,Some-college,10,Married-civ-spouse,Exec-managerial,Husband,White,Male,2290,0,40,United-States,<=50K
39,Private,365430,HS-grad,9,Married-civ-spouse,Handlers-cleaners,Husband,White,Male,0,0,40,United-States,>50K.
60,Private,74243,Assoc-voc,11,Widowed,Craft-repair,Not-in-family,White,Female,0,0,30,United-States,<=50K
58,Self-emp-not-inc,321171,HS-grad,9,Married-civ-spouse,Handlers-cleaners,Husband,White,Male,0,0,40,United-States,<=50K
41,Private,289551,HS-grad,9,Married-civ-spouse,Handlers-cleaners,Husband,White,Male,7688,0,40,United-States,>50K.
32,Private,240888,Assoc-acdm,12,Divorced,Adm-clerical,Unmarried,White,Female,0,0,40,United-States,<=50K
27,Private,37599,Some-college,10,Never-married,Other-service,Not-in-family,White,Male,0,0,24,United-States,<=50K
53,Private,144361,HS-grad,9,Married-civ-spouse,Machine-op-inspct,Husband,White,Male,0,0,38,United-States,<=50K
43,Self-emp-not-inc,388725,Some-college,10,Married-civ-spouse,Farming-fishing,Husband,White,Male,0,0,60,United-States,>50K.
45,State-gov,72896,Assoc-voc,11,Married-civ-spouse,Prof-specialty,Husband,White,Male,0,0,40,United-States,>50K.
51,Private,355551,HS-grad,9,Never-married,Craft-repair,Unmarried,White,Female,0,0,45,Mexico,<=50K
54,Self-emp-not-inc,260833,Some-college,10,Married-civ-spouse,Farming-fishing,Husband,White,Male,0,0,45,United-States,>50K.
24,Private,353010,Bachelors,13,Never-married,Machine-op-inspct,Not-in-family,White,Male,0,0,65,United-States,<=50K
43,Private,153132,Some-college,10,Married-civ-spouse,Craft-repair,Husband,White,Male,0,0,40,United-States,>50K.
44,Self-emp-not-inc,360879,Some-college,10,Married-civ-spouse,Farming-fishing,Husband,White,Male,0,1902,80,United-States,>50K.
43,Private,203554,Bachelors,13,Married-civ-spouse,Exec-managerial,Husband,White,Male,0,1902,50,United-States,>50K.
33,Private,31481,Bachelors,13,Married-spouse-absent,Other-service,Unmarried,White,Female,0,0,24,United-States,<=50K
18,State-gov,30687,Some-college,10,Never-married,Adm-clerical,Own-child,White,Male,0,0,10,United-States,<=50K
27,Private,173944,HS-grad,9,Married-civ-spouse,Craft-repair,Husband,White,Male,0,0,40,United-States,>50K.
34,Private,159442,HS-grad,9,Never-married,Prof-specialty,Not-in-family,White,Female,0,0,37,Ireland,>50K.
32,Self-emp-inc,233727,Bachelors,13,Married-civ-spouse,Sales,Husband,White,Male,7688,0,60,United-States,>50K.
46,Self-emp-inc,278322,Bachelors,13,Married-civ-spouse,Sales,Husband,White,Male,0,0,45,United-States,<=50K
48,Private,117251,HS-grad,9,Widowed,Adm-clerical,Not-in-family,White,Female,0,0,32,United-States,<=50K
34,Private,114691,Doctorate,16,Married-civ-spouse,Prof-specialty,Husband,White,Male,0,0,50,United-States,>50K.
25,Private,117589,Assoc-acdm,12,Never-married,Adm-clerical,Not-in-family,White,Female,0,0,40,United-States,<=50K
37,Private,224947,Assoc-voc,11,Never-married,Other-service,Not-in-family,White,Male,0,0,40,United-States,<=50K
21,?,357029,Some-college,10,Married-civ-spouse,?,Wife,Black,Female,2105,0,20,United-States,<=50K
44,Self-emp-inc,223881,HS-grad,9,Married-civ-spouse,Sales,Husband,White,Male,0,0,50,,>50K.
40,Federal-gov,107584,Bachelors,13,Married-civ-spouse,Craft-repair,Husband,White,Male,0,0,40,United-States,>50K.
26,Local-gov,271836,HS-grad,9,Married-civ-spouse,Protective-serv,Husband,Black,Male,0,0,50,United-States,>50K.
28,Private,107411,HS-grad,9,Never-married,Exec-managerial,Not-in-family,White,Female,0,0,45,United-States,<=50K
35,Private,107164,Bachelors,13,Married-civ-spouse,Exec-managerial,Husband,White,Male,0,0,50,United-States,>50K.
48,Private,273828,5th-6th,3,Never-married,Handlers-cleaners,Not-in-family,White,Male,0,0,40,Mexico,<=50K
37,Private,406328,Bachelors,13,Married-civ-spouse,Adm-clerical,Husband,Black,Male,0,0,50,United-States,>50K.
28,Private,202182,Some-college,10,Married-civ-spouse,Machine-op-inspct,Husband,White,Male,0,0,40,United-States,>50K.
34,Private,443546,HS-grad,9,Married-civ-spouse,Craft-repair,Husband,White,Male,0,0,40,United-States,>50K.
20,Private,203240,9th,5,Never-married,Sales,Own-child,White,Female,0,0,32,United-States,<=50K
39,Local-gov,123983,Bachelors,13,Married-civ-spouse,Exec-managerial,Husband,Asian-Pac-Islander,Male,0,0,40,India,>50K.
46,Private,45288,Bachelors,13,Never-married,Other-service,Not-in-family,White,Male,0,0,40,United-States,<=50K
57,State-gov,247624,Masters,14,Married-civ-spouse,Exec-managerial,Husband,White,Male,0,0,40,United-States,>50K.
18,Private,118938,11th,7,Never-married,Sales,Own-child,White,Male,0,0,18,United-States,<=50K
36,Private,225516,Bachelors,13,Married-civ-spouse,Exec-managerial,Husband,Black,Male,0,0,40,United-States,>50K.
45,Private,110243,Masters,14,Married-civ-spouse,Exec-managerial,Husband,White,Male,0,0,50,United-States,>50K.
47,Federal-gov,746660,Bachelors,13,Married-civ-spouse,Exec-managerial,Husband,Black,Male,0,1887,40,United-States,>50K.
17,Private,177629,11th,7,Never-married,Sales,Own-child,White,Female,0,0,20,United-States,<=50K
37,Private,342480,Bachelors,13,Married-civ-spouse,Exec-managerial,Husband,Black,Male,0,0,40,United-States,>50K.
35,Private,268661,Some-college,10,Married-civ-spouse,Sales,Husband,White,Male,0,0,50,United-States,<=50K
37,Private,112158,HS-grad,9,Married-civ-spouse,Craft-repair,Husband,White,Male,7688,0,99,United-States,>50K.
36,Private,152307,HS-grad,9,Married-civ-spouse,Adm-clerical,Husband,White,Male,7298,0,55,United-States,>50K.
29,Private,162298,Bachelors,13,Married-civ-spouse,Sales,Husband,White,Male,0,0,55,United-States,>50K.
39,Self-emp-not-inc,306678,HS-grad,9,Married-civ-spouse,Exec-managerial,Husband,White,Male,0,0,40,United-States,>50K.
35,Private,282753,Assoc-voc,11,Married-civ-spouse,Craft-repair,Husband,White,Male,0,0,40,United-States,>50K.
25,Private,182227,Some-college,10,Never-married,Adm-clerical,Not-in-family,White,Male,0,0,30,United-States,<=50K
43,Local-gov,201764,Prof-school,15,Never-married,Prof-specialty,Not-in-family,White,Male,0,0,40,United-States,>50K.
29,Private,288229,HS-grad,9,Married-civ-spouse,Tech-support,Wife,Asian-Pac-Islander,Female,4386,0,45,United-States,>50K.
19,Private,418324,Some-college,10,Never-married,Sales,Own-child,White,Male,0,0,36,United-States,<=50K
46,Private,145290,Assoc-voc,11,Married-civ-spouse,Sales,Husband,White,Male,0,0,40,United-States,>50K.
52,Private,270221,Bachelors,13,Married-civ-spouse,Prof-specialty,Husband,White,Male,15024,0,44,United-States,>50K.
27,Private,191230,Some-college,10,Never-married,Handlers-cleaners,Not-in-family,Black,Male,0,0,25,United-States,<=50K
31,Private,78602,Assoc-acdm,12,Divorced,Other-service,Unmarried,Amer-Indian-Eskimo,Female,0,0,40,United-States,<=50K
24,Private,117167,Some-college,10,Never-married,Other-service,Not-in-family,White,Female,0,0,53,United-States,<=50K
18,Private,161063,HS-grad,9,Never-married,Adm-clerical,Own-child,White,Male,0,0,40,United-States,<=50K
21,Private,164019,Some-college,10,Never-married,Farming-fishing,Own-child,Black,Male,0,0,10,United-States,<=50K
31,Private,193650,11th,7,Divorced,Other-service,Not-in-family,White,Female,0,0,40,United-States,<=50K
23,Private,211160,12th,8,Married-civ-spouse,Handlers-cleaners,Own-child,White,Male,0,0,40,United-States,<=50K
44,Local-gov,236321,HS-grad,9,Divorced,Transport-moving,Own-child,White,Male,0,0,25,United-States,<=50K
42,Private,128354,Bachelors,13,Married-civ-spouse,Adm-clerical,Wife,White,Female,0,0,40,United-States,>50K.
40,Local-gov,33155,HS-grad,9,Never-married,Other-service,Own-child,White,Male,0,0,40,United-States,<=50K
44,Local-gov,34935,Some-college,10,Never-married,Other-service,Own-child,Black,Male,0,0,40,United-States,<=50K
70,,116080,Doctorate,16,Married-civ-spouse,,Husband,White,Male,0,0,2,United-States,>50K.
38,Private,152307,Bachelors,13,Never-married,Prof-specialty,Not-in-family,White,Male,0,0,41,United-States,>50K.
42,Self-emp-not-inc,99185,Bachelors,13,Married-civ-spouse,Craft-repair,Husband,White,Male,0,0,50,United-States,>50K.
37,Self-emp-inc,126569,Bachelors,13,Married-civ-spouse,Craft-repair,Husband,White,Male,0,0,60,United-States,<=50K
32,Private,35595,Bachelors,13,Never-married,Adm-clerical,Not-in-family,White,Male,0,0,40,United-States,<=50K
20,Private,206681,12th,8,Never-married,Sales,Not-in-family,White,Female,0,0,55,United-States,<=50K
28,Private,113870,HS-grad,9,Never-married,Adm-clerical,Not-in-family,White,Male,0,0,40,United-States,<=50K
31,Local-gov,357954,Assoc-acdm,12,Never-married,Tech-support,Not-in-family,White,Male,0,0,20,United-States,<=50K
37,Self-emp-not-inc,175120,Some-college,10,Married-civ-spouse,Craft-repair,Husband,White,Male,0,0,40,United-States,>50K.
22,Private,237498,HS-grad,9,Never-married,Other-service,Own-child,White,Male,0,0,40,United-States,<=50K
47,Self-emp-not-inc,102583,Bachelors,13,Never-married,Sales,Not-in-family,White,Male,0,0,35,United-States,<=50K
27,Private,221912,HS-grad,9,Never-married,Handlers-cleaners,Own-child,White,Male,0,0,40,United-States,<=50K
44,Federal-gov,109414,Bachelors,13,Married-civ-spouse,Adm-clerical,Husband,Asian-Pac-Islander,Male,0,1977,40,Philippines,>50K.
54,Private,186224,Masters,14,Never-married,Prof-specialty,Not-in-family,White,Male,0,0,40,United-States,>50K.
20,Private,250165,HS-grad,9,Married-civ-spouse,Sales,Husband,White,Male,0,0,40,United-States,<=50K
41,State-gov,180272,Masters,14,Never-married,Prof-specialty,Own-child,White,Female,0,0,35,United-States,<=50K
47,Private,199277,HS-grad,9,Married-civ-spouse,Machine-op-inspct,Husband,White,Male,0,0,50,Portugal,>50K.
53,Local-gov,135102,HS-grad,9,Married-civ-spouse,Other-service,Husband,White,Male,0,2002,45,United-States,<=50K
29,Private,326330,Some-college,10,Divorced,Exec-managerial,Own-child,White,Female,1831,0,40,United-States,<=50K
35,?,451940,HS-grad,9,Never-married,?,Unmarried,Black,Female,0,0,40,United-States,<=50K
41,Private,192602,Some-college,10,Married-civ-spouse,Craft-repair,Husband,White,Male,0,0,40,United-States,>50K.
19,Private,47577,Some-college,10,Never-married,Transport-moving,Not-in-family,White,Male,0,0,50,United-States,<=50K
36,Private,171393,Bachelors,13,Married-civ-spouse,Exec-managerial,Husband,White,Male,0,1887,40,United-States,>50K.
46,Private,139946,HS-grad,9,Divorced,Exec-managerial,Unmarried,White,Female,0,0,38,United-States,>50K.
36,Private,112264,HS-grad,9,Married-civ-spouse,Transport-moving,Husband,White,Male,0,0,50,United-States,<=50K
44,Private,191256,HS-grad,9,Married-civ-spouse,Machine-op-inspct,Husband,White,Male,0,0,40,United-States,<=50K
29,Private,327779,Some-college,10,Married-civ-spouse,Handlers-cleaners,Husband,White,Male,0,0,20,United-States,<=50K
37,Private,474568,Some-college,10,Married-civ-spouse,Transport-moving,Husband,White,Male,0,0,45,,>50K.
50,Private,57852,Doctorate,16,Married-civ-spouse,Prof-specialty,Husband,White,Male,0,0,55,United-States,>50K.
55,Federal-gov,154274,Masters,14,Never-married,Exec-managerial,Not-in-family,White,Female,8614,0,40,United-States,>50K.
18,Private,25837,11th,7,Never-married,Prof-specialty,Own-child,White,Male,0,0,15,United-States,<=50K
29,Private,189702,Bachelors,13,Never-married,Prof-specialty,Not-in-family,White,Male,10520,0,50,United-States,>50K.
61,Private,85194,Some-college,10,Married-civ-spouse,Tech-support,Husband,White,Male,0,0,25,United-States,<=50K
40,Local-gov,112362,Masters,14,Married-civ-spouse,Prof-specialty,Husband,White,Male,0,0,40,United-States,<=50K
42,Private,308770,Some-college,10,Married-civ-spouse,Adm-clerical,Husband,Black,Male,0,0,40,United-States,>50K.
65,,486436,Some-college,10,Married-civ-spouse,,Husband,White,Male,0,0,45,United-States,>50K.
32,Local-gov,349148,Assoc-acdm,12,Married-civ-spouse,Craft-repair,Husband,White,Male,0,0,40,United-States,>50K.
47,Private,112791,HS-grad,9,Married-civ-spouse,Protective-serv,Husband,White,Male,0,0,40,United-States,<=50K
53,Private,92565,Masters,14,Married-civ-spouse,Prof-specialty,Husband,Asian-Pac-Islander,Male,0,0,40,United-States,>50K.
32,Self-emp-inc,225053,Bachelors,13,Married-civ-spouse,Exec-managerial,Husband,White,Male,99999,0,60,United-States,>50K.
29,Self-emp-inc,263786,Bachelors,13,Never-married,Sales,Not-in-family,White,Male,0,0,40,United-States,>50K.
21,?,380219,Some-college,10,Never-married,?,Own-child,Black,Female,0,0,40,United-States,<=50K
46,Private,173938,Masters,14,Married-civ-spouse,Prof-specialty,Husband,White,Male,15024,0,50,United-States,>50K.
45,Self-emp-inc,328610,Some-college,10,Married-civ-spouse,Exec-managerial,Husband,White,Male,0,0,55,United-States,>50K.
64,State-gov,184271,Doctorate,16,Married-civ-spouse,Prof-specialty,Husband,White,Male,0,0,50,United-States,>50K.
25,Private,629900,Bachelors,13,Married-civ-spouse,Prof-specialty,Wife,Black,Female,0,0,40,United-States,>50K.
42,Private,183319,5th-6th,3,Married-civ-spouse,Craft-repair,Husband,White,Male,0,0,60,United-States,<=50K
21,Private,184543,Assoc-voc,11,Never-married,Adm-clerical,Not-in-family,White,Female,0,0,40,United-States,<=50K
37,Private,328301,Some-college,10,Never-married,Tech-support,Unmarried,White,Female,4934,0,60,United-States,>50K.
32,Private,296282,Bachelors,13,Married-civ-spouse,Sales,Husband,White,Male,0,0,40,United-States,<=50K
23,Private,263899,Some-college,10,Never-married,Adm-clerical,Own-child,Black,Male,0,0,20,Haiti,<=50K
41,Self-emp-inc,423217,Bachelors,13,Divorced,Exec-managerial,Not-in-family,White,Male,0,0,50,United-States,<=50K
60,Self-emp-not-inc,231770,HS-grad,9,Married-civ-spouse,Farming-fishing,Husband,White,Male,0,0,65,United-States,>50K.
27,Private,107458,Bachelors,13,Never-married,Prof-specialty,Not-in-family,White,Male,0,0,40,United-States,<=50K
21,Private,256356,11th,7,Never-married,Priv-house-serv,Other-relative,White,Female,0,0,40,Mexico,<=50K
50,Local-gov,218382,Some-college,10,Divorced,Other-service,Unmarried,Black,Female,0,0,40,United-States,<=50K
40,Private,144778,HS-grad,9,Married-civ-spouse,Exec-managerial,Husband,White,Male,0,0,50,United-States,>50K.
56,State-gov,165867,Doctorate,16,Married-civ-spouse,Prof-specialty,Husband,White,Male,0,0,40,United-States,>50K.
48,Local-gov,93449,Prof-school,15,Married-civ-spouse,Prof-specialty,Husband,Asian-Pac-Islander,Male,99999,0,40,Philippines,>50K.
35,Private,41777,12th,8,Never-married,Farming-fishing,Not-in-family,White,Male,0,0,20,United-States,<=50K
57,State-gov,388225,Some-college,10,Married-civ-spouse,Prof-specialty,Husband,White,Male,0,0,40,United-States,>50K.
39,Private,300760,HS-grad,9,Divorced,Tech-support,Unmarried,White,Female,0,0,50,United-States,<=50K
29,?,499935,Assoc-voc,11,Never-married,?,Unmarried,White,Female,0,0,40,United-States,<=50K
33,Private,108438,Some-college,10,Married-civ-spouse,Exec-managerial,Husband,White,Male,0,0,60,United-States,>50K.
46,State-gov,165852,Some-college,10,Married-civ-spouse,Exec-managerial,Husband,White,Male,0,0,40,United-States,>50K.
43,Private,334946,HS-grad,9,Married-civ-spouse,Handlers-cleaners,Husband,Black,Male,0,0,40,United-States,<=50K
24,Private,196675,HS-grad,9,Married-civ-spouse,Handlers-cleaners,Husband,Black,Male,0,0,70,United-States,<=50K
61,Federal-gov,178312,Some-college,10,Married-civ-spouse,Prof-specialty,Husband,White,Male,0,0,40,United-States,<=50K
20,Private,33551,HS-grad,9,Never-married,Transport-moving,Own-child,White,Male,0,0,40,United-States,<=50K
29,Federal-gov,114072,Some-college,10,Married-civ-spouse,Protective-serv,Husband,White,Male,0,0,46,United-States,>50K.
47,Private,285335,Some-college,10,Married-civ-spouse,Craft-repair,Husband,White,Male,0,0,50,United-States,>50K.
33,Self-emp-not-inc,303867,HS-grad,9,Married-civ-spouse,Sales,Husband,White,Male,0,0,70,United-States,>50K.
35,Private,187625,Some-college,10,Never-married,Other-service,Not-in-family,White,Female,0,0,65,United-States,<=50K
29,Private,188564,Bachelors,13,Married-civ-spouse,Prof-specialty,Husband,White,Male,0,1977,45,United-States,>50K.
58,Private,82050,Some-college,10,Married-civ-spouse,Transport-moving,Husband,White,Male,0,0,60,United-States,>50K.
45,Private,32356,Bachelors,13,Married-civ-spouse,Sales,Husband,White,Male,0,0,55,United-States,>50K.
58,Private,34169,Some-college,10,Married-civ-spouse,Sales,Husband,White,Male,3103,0,25,United-States,>50K.
42,Private,85995,HS-grad,9,Married-civ-spouse,Transport-moving,Husband,White,Male,0,0,50,United-States,<=50K
51,Private,41474,10th,6,Married-civ-spouse,Other-service,Husband,White,Male,0,0,40,Mexico,<=50K
43,Private,71738,Some-college,10,Married-civ-spouse,Craft-repair,Husband,White,Male,0,0,40,United-States,>50K.
50,Private,134247,Some-college,10,Married-civ-spouse,Craft-repair,Husband,White,Male,0,0,50,United-States,>50K.
29,Private,238680,Some-college,10,Never-married,Sales,Not-in-family,Black,Male,0,0,55,Outlying-US(Guam-USVI-etc),<=50K
31,Private,290964,Assoc-voc,11,Married-civ-spouse,Tech-support,Wife,White,Female,0,0,38,United-States,>50K.
37,Private,265144,Bachelors,13,Married-civ-spouse,Exec-managerial,Husband,White,Male,0,0,50,United-States,>50K.
73,Private,349347,7th-8th,4,Married-civ-spouse,Handlers-cleaners,Husband,White,Male,0,0,25,United-States,<=50K
42,Private,186916,Masters,14,Married-civ-spouse,Exec-managerial,Husband,White,Male,0,2415,55,United-States,>50K.
37,Self-emp-inc,347491,Some-college,10,Married-civ-spouse,Exec-managerial,Husband,White,Male,0,0,50,United-States,>50K.
62,Self-emp-not-inc,113440,Bachelors,13,Married-civ-spouse,Prof-specialty,Husband,White,Male,15024,0,40,United-States,>50K.
35,Private,341102,9th,5,Never-married,Handlers-cleaners,Not-in-family,Black,Male,0,0,40,United-States,<=50K
24,Private,214542,Some-college,10,Never-married,Craft-repair,Own-child,White,Male,0,0,60,Canada,<=50K
53,Private,172962,Prof-school,15,Married-civ-spouse,Prof-specialty,Husband,White,Male,0,0,40,United-States,>50K.
19,Private,159796,Some-college,10,Never-married,Other-service,Own-child,White,Female,0,0,12,United-States,<=50K
22,Private,369549,Some-college,10,Never-married,Other-service,Not-in-family,Black,Female,0,0,30,United-States,<=50K
20,Private,122166,Some-college,10,Never-married,Adm-clerical,Not-in-family,White,Female,0,0,40,United-States,<=50K
48,Private,103406,Bachelors,13,Married-civ-spouse,Tech-support,Husband,White,Male,0,0,35,United-States,>50K.
50,Self-emp-inc,207841,Some-college,10,Married-civ-spouse,Exec-managerial,Husband,White,Male,7298,0,45,United-States,>50K.
44,Federal-gov,257395,Some-college,10,Married-civ-spouse,Prof-specialty,Husband,White,Male,0,0,40,United-States,>50K.
31,Private,187901,Some-college,10,Never-married,Sales,Not-in-family,White,Female,0,1504,40,United-States,<=50K
44,Local-gov,196797,Bachelors,13,Married-civ-spouse,Prof-specialty,Wife,Black,Female,0,0,36,United-States,>50K.
45,Self-emp-not-inc,87490,Prof-school,15,Married-civ-spouse,Prof-specialty,Husband,White,Male,0,1977,50,United-States,>50K.
51,Self-emp-not-inc,43878,Doctorate,16,Divorced,Sales,Not-in-family,White,Male,0,0,50,United-States,>50K.
32,Private,191777,Assoc-voc,11,Never-married,Exec-managerial,Not-in-family,Black,Female,0,0,35,England,<=50K
26,Private,333541,HS-grad,9,Never-married,Other-service,Not-in-family,White,Male,0,0,24,United-States,<=50K
31,Private,150309,Doctorate,16,Married-civ-spouse,Prof-specialty,Wife,White,Female,0,0,90,United-States,<=50K
49,Local-gov,95256,Bachelors,13,Married-civ-spouse,Protective-serv,Husband,White,Male,0,0,42,United-States,>50K.
35,Private,26987,HS-grad,9,Separated,Adm-clerical,Not-in-family,White,Female,0,0,40,United-States,<=50K
23,Private,113309,Some-college,10,Never-married,Transport-moving,Not-in-family,White,Male,0,0,40,United-States,<=50K
62,Federal-gov,164021,Masters,14,Married-civ-spouse,Exec-managerial,Husband,White,Male,0,0,40,United-States,>50K.
58,Private,51662,10th,6,Married-civ-spouse,Other-service,Wife,White,Female,0,0,8,United-States,<=50K
25,Local-gov,190107,HS-grad,9,Never-married,Farming-fishing,Own-child,White,Male,0,1719,16,United-States,<=50K
23,Private,23037,12th,8,Never-married,Handlers-cleaners,Own-child,Amer-Indian-Eskimo,Male,0,0,40,United-States,<=50K
44,Private,127482,Some-college,10,Married-civ-spouse,Tech-support,Husband,White,Male,7688,0,40,United-States,>50K.
25,Private,332409,Assoc-voc,11,Married-civ-spouse,Craft-repair,Husband,White,Male,0,0,40,United-States,>50K.
50,Local-gov,117791,HS-grad,9,Divorced,Adm-clerical,Not-in-family,White,Female,0,0,40,United-States,<=50K
59,Self-emp-inc,188877,HS-grad,9,Married-civ-spouse,Sales,Husband,White,Male,0,0,50,United-States,>50K.
37,Private,127961,HS-grad,9,Never-married,Machine-op-inspct,Not-in-family,White,Male,0,0,40,United-States,<=50K
65,Local-gov,205024,HS-grad,9,Married-civ-spouse,Other-service,Husband,White,Male,0,0,8,United-States,<=50K
42,Private,244910,Bachelors,13,Married-civ-spouse,Adm-clerical,Husband,White,Male,0,0,40,United-States,>50K.
41,Local-gov,207685,Masters,14,Married-civ-spouse,Prof-specialty,Husband,White,Male,0,0,61,United-States,>50K.
64,Self-emp-not-inc,163510,Masters,14,Married-civ-spouse,Prof-specialty,Husband,White,Male,0,2415,50,United-States,>50K.
47,Private,209460,Some-college,10,Married-civ-spouse,Craft-repair,Husband,White,Male,0,1485,47,United-States,<=50K
46,Self-emp-not-inc,45564,Prof-school,15,Married-civ-spouse,Prof-specialty,Husband,White,Male,0,0,40,United-States,>50K.
46,Private,135339,Assoc-voc,11,Married-civ-spouse,Craft-repair,Husband,Black,Male,0,0,40,United-States,>50K.
44,Private,103759,Bachelors,13,Married-civ-spouse,Tech-support,Husband,White,Male,0,0,40,United-States,>50K.
80,Private,249983,7th-8th,4,Widowed,Other-service,Not-in-family,White,Female,0,0,24,United-States,<=50K
46,Local-gov,326292,Masters,14,Married-civ-spouse,Exec-managerial,Husband,White,Male,0,0,40,United-States,>50K.
44,Self-emp-not-inc,104196,HS-grad,9,Married-civ-spouse,Exec-managerial,Husband,White,Male,0,0,84,United-States,<=50K
49,Private,176814,Some-college,10,Married-civ-spouse,Craft-repair,Husband,White,Male,0,0,50,Canada,<=50K
61,Private,179743,HS-grad,9,Married-civ-spouse,Craft-repair,Husband,White,Male,0,2051,20,United-States,<=50K
33,Private,279231,Bachelors,13,Married-civ-spouse,Sales,Husband,White,Male,0,1977,40,United-States,>50K.
37,Self-emp-not-inc,31095,Assoc-voc,11,Married-civ-spouse,Farming-fishing,Husband,White,Male,0,0,60,United-States,>50K.
28,Private,115677,Some-college,10,Married-civ-spouse,Machine-op-inspct,Husband,White,Male,0,1902,40,United-States,>50K.
25,Private,276310,9th,5,Married-civ-spouse,Machine-op-inspct,Husband,White,Male,0,0,40,Mexico,<=50K
34,Private,49325,Masters,14,Married-civ-spouse,Exec-managerial,Husband,White,Male,0,0,40,United-States,>50K.
35,Private,399601,HS-grad,9,Married-civ-spouse,Prof-specialty,Husband,White,Male,0,0,50,United-States,>50K.
24,?,265434,Bachelors,13,Never-married,?,Not-in-family,White,Female,0,0,40,United-States,<=50K
37,Local-gov,130805,Assoc-acdm,12,Married-civ-spouse,Protective-serv,Husband,White,Male,0,0,99,United-States,>50K.
57,,153788,Bachelors,13,Married-civ-spouse,,Wife,White,Female,99999,0,45,United-States,>50K.
18,Private,130849,11th,7,Never-married,Other-service,Own-child,White,Female,0,0,8,United-States,<=50K
45,Federal-gov,78022,Bachelors,13,Married-civ-spouse,Prof-specialty,Husband,White,Male,0,0,40,United-States,>50K.
55,Local-gov,88856,7th-8th,4,Never-married,Other-service,Unmarried,Black,Female,0,0,40,United-States,<=50K
66,Private,78855,HS-grad,9,Never-married,Adm-clerical,Not-in-family,Asian-Pac-Islander,Female,0,0,40,United-States,<=50K
24,?,174182,11th,7,Married-civ-spouse,?,Wife,Other,Female,0,0,24,United-States,<=50K
52,Private,113522,HS-grad,9,Never-married,Machine-op-inspct,Not-in-family,White,Male,0,0,45,United-States,>50K.
26,Self-emp-inc,384276,Some-college,10,Married-civ-spouse,Exec-managerial,Husband,White,Male,0,0,60,United-States,>50K.
51,Private,277471,HS-grad,9,Married-civ-spouse,Craft-repair,Husband,White,Male,0,0,40,United-States,>50K.
21,Private,196508,Some-college,10,Never-married,Sales,Own-child,Black,Female,0,0,40,United-States,<=50K
59,Private,202682,HS-grad,9,Married-civ-spouse,Craft-repair,Husband,White,Male,0,0,40,United-States,<=50K
43,Self-emp-inc,84924,Some-college,10,Married-civ-spouse,Sales,Husband,White,Male,0,0,44,United-States,>50K.
48,Private,102938,Bachelors,13,Never-married,Other-service,Unmarried,Asian-Pac-Islander,Female,0,0,40,Vietnam,<=50K
53,State-gov,153486,Bachelors,13,Married-civ-spouse,Tech-support,Husband,White,Male,0,0,40,United-States,>50K.
23,Private,32950,Bachelors,13,Never-married,Sales,Not-in-family,White,Male,0,0,40,United-States,<=50K
43,Private,84673,Masters,14,Divorced,Exec-managerial,Not-in-family,White,Female,0,0,38,United-States,>50K.
64,Private,169604,11th,7,Married-civ-spouse,Transport-moving,Husband,White,Male,0,0,40,United-States,<=50K
28,?,174666,10th,6,Separated,?,Not-in-family,White,Male,0,0,80,United-States,<=50K
41,Private,184105,HS-grad,9,Married-civ-spouse,Exec-managerial,Husband,White,Male,0,0,55,United-States,>50K.
33,Private,229051,Bachelors,13,Married-civ-spouse,Exec-managerial,Husband,White,Male,0,1902,45,United-States,>50K.
35,Private,219546,Some-college,10,Never-married,Craft-repair,Not-in-family,White,Male,0,0,45,Germany,<=50K
31,Private,143851,Assoc-acdm,12,Married-civ-spouse,Prof-specialty,Wife,White,Female,0,0,40,United-States,>50K.
44,Self-emp-inc,144778,Some-college,10,Married-civ-spouse,Exec-managerial,Husband,White,Male,0,0,50,United-States,>50K.
46,Self-emp-inc,192128,Prof-school,15,Married-civ-spouse,Prof-specialty,Husband,White,Male,0,0,45,United-States,>50K.
43,Local-gov,598995,Bachelors,13,Divorced,Prof-specialty,Unmarried,Black,Female,0,0,42,United-States,<=50K
53,Private,361405,HS-grad,9,Married-civ-spouse,Prof-specialty,Husband,White,Male,0,0,40,United-States,>50K.
43,Self-emp-not-inc,241895,Bachelors,13,Never-married,Sales,Not-in-family,White,Male,0,0,42,United-States,<=50K
31,Private,174201,Bachelors,13,Married-civ-spouse,Exec-managerial,Husband,White,Male,0,0,40,United-States,>50K.
47,Private,189680,HS-grad,9,Separated,Craft-repair,Unmarried,White,Male,0,0,40,United-States,>50K.
28,Private,354095,Some-college,10,Never-married,Sales,Not-in-family,White,Female,0,0,40,United-States,<=50K
30,Self-emp-not-inc,196342,Some-college,10,Never-married,Sales,Own-child,White,Male,0,0,25,United-States,<=50K
35,Local-gov,110075,Masters,14,Married-civ-spouse,Prof-specialty,Wife,White,Female,15024,0,50,United-States,>50K.
37,Self-emp-inc,593246,Bachelors,13,Never-married,Other-service,Not-in-family,White,Female,0,0,50,United-States,>50K.
61,Private,48549,Some-college,10,Never-married,Exec-managerial,Not-in-family,White,Male,0,0,38,United-States,>50K.
53,Private,816750,Bachelors,13,Married-civ-spouse,Prof-specialty,Husband,White,Male,0,0,72,United-States,>50K.
57,Private,110820,HS-grad,9,Married-civ-spouse,Craft-repair,Husband,White,Male,0,0,40,United-States,>50K.
22,Private,148187,11th,7,Never-married,Other-service,Other-relative,White,Male,0,0,40,United-States,<=50K
28,Private,106935,Bachelors,13,Married-civ-spouse,Sales,Husband,White,Male,0,0,50,United-States,>50K.
63,Self-emp-not-inc,187919,Bachelors,13,Married-civ-spouse,Sales,Husband,White,Male,0,0,40,United-States,>50K.
49,Private,132476,Doctorate,16,Divorced,Tech-support,Unmarried,White,Male,7430,0,40,United-States,>50K.
53,Private,239990,HS-grad,9,Married-civ-spouse,Craft-repair,Husband,White,Male,0,0,40,United-States,>50K.
28,Private,224629,Masters,14,Never-married,Exec-managerial,Not-in-family,Other,Male,0,0,30,Cuba,<=50K
31,Private,198452,Bachelors,13,Never-married,Adm-clerical,Own-child,White,Female,0,0,40,United-States,<=50K
25,Private,306352,Assoc-voc,11,Married-civ-spouse,Tech-support,Husband,White,Male,0,0,40,Mexico,<=50K
36,Private,49657,Bachelors,13,Married-civ-spouse,Prof-specialty,Husband,White,Male,0,0,50,United-States,>50K.
39,Self-emp-not-inc,87076,HS-grad,9,Married-civ-spouse,Farming-fishing,Husband,White,Male,0,0,45,United-States,>50K.
41,Private,49797,HS-grad,9,Married-civ-spouse,Craft-repair,Husband,White,Male,0,0,40,United-States,<=50K
43,Private,233130,HS-grad,9,Divorced,Sales,Not-in-family,White,Male,0,0,20,United-States,<=50K
58,Self-emp-not-inc,159021,Doctorate,16,Married-civ-spouse,Prof-specialty,Husband,White,Male,0,0,16,United-States,>50K.
26,Private,274724,Some-college,10,Never-married,Other-service,Other-relative,White,Male,0,0,40,Nicaragua,<=50K
38,Private,202937,Masters,14,Never-married,Exec-managerial,Not-in-family,White,Female,0,0,40,United-States,>50K.
32,Private,136331,Bachelors,13,Married-civ-spouse,Sales,Husband,White,Male,0,1887,40,United-States,>50K.
28,Private,218039,HS-grad,9,Married-civ-spouse,Craft-repair,Husband,White,Male,0,0,40,United-States,<=50K
33,Private,155475,HS-grad,9,Married-civ-spouse,Sales,Husband,White,Male,0,0,40,United-States,<=50K
72,Self-emp-not-inc,298945,Bachelors,13,Widowed,Farming-fishing,Not-in-family,White,Male,0,0,40,United-States,>50K.
49,Local-gov,371886,Assoc-voc,11,Married-civ-spouse,Protective-serv,Husband,White,Male,0,0,56,United-States,>50K.
50,Without-pay,123004,HS-grad,9,Married-civ-spouse,Machine-op-inspct,Own-child,White,Female,0,1887,40,United-States,>50K.
41,State-gov,253250,Bachelors,13,Married-civ-spouse,Exec-managerial,Husband,White,Male,7298,0,40,United-States,>50K.
37,Self-emp-inc,154410,HS-grad,9,Married-civ-spouse,Craft-repair,Husband,White,Male,0,0,60,United-States,>50K.
24,Private,500509,HS-grad,9,Never-married,Other-service,Own-child,Black,Male,0,0,40,United-States,<=50K
33,Private,179509,Bachelors,13,Married-civ-spouse,Handlers-cleaners,Husband,White,Male,0,0,40,United-States,<=50K
33,Private,142675,Bachelors,13,Never-married,Handlers-cleaners,Not-in-family,White,Male,0,0,30,United-States,<=50K
50,Private,237868,HS-grad,9,Married-civ-spouse,Sales,Husband,White,Male,0,1887,55,United-States,>50K.
65,Self-emp-inc,103824,Masters,14,Married-civ-spouse,Exec-managerial,Husband,White,Male,0,0,40,United-States,>50K.
29,Private,236436,HS-grad,9,Never-married,Adm-clerical,Not-in-family,White,Female,0,0,40,United-States,<=50K
17,Private,151141,12th,8,Never-married,Sales,Own-child,White,Male,0,0,20,United-States,<=50K
44,Self-emp-not-inc,75065,12th,8,Married-civ-spouse,Exec-managerial,Husband,Asian-Pac-Islander,Male,0,0,60,Vietnam,<=50K
53,Self-emp-inc,162381,Prof-school,15,Married-civ-spouse,Prof-specialty,Husband,White,Male,15024,0,45,United-States,>50K.
20,Private,184045,Some-college,10,Never-married,Sales,Unmarried,Black,Female,0,0,30,United-States,<=50K
43,Local-gov,180572,Bachelors,13,Never-married,Prof-specialty,Not-in-family,White,Female,0,0,40,United-States,>50K.
37,Private,262278,Assoc-voc,11,Married-civ-spouse,Exec-managerial,Husband,Black,Male,15024,0,45,United-States,>50K.
20,Private,234663,HS-grad,9,Never-married,Handlers-cleaners,Own-child,White,Male,0,0,30,United-States,<=50K
19,Private,40425,Some-college,10,Never-married,Sales,Not-in-family,White,Female,0,0,28,United-States,<=50K
28,Private,193260,Bachelors,13,Never-married,Prof-specialty,Not-in-family,Asian-Pac-Islander,Male,0,0,50,South,>50K.
28,Self-emp-not-inc,278073,HS-grad,9,Never-married,Machine-op-inspct,Other-relative,Black,Male,0,0,30,United-States,<=50K
28,Private,122913,HS-grad,9,Married-civ-spouse,Sales,Husband,White,Male,0,0,40,United-States,>50K.
53,Private,239155,Some-college,10,Married-civ-spouse,Exec-managerial,Husband,White,Male,0,0,50,United-States,>50K.
44,Private,172837,HS-grad,9,Married-civ-spouse,Adm-clerical,Husband,Black,Male,0,0,52,United-States,>50K.
31,Self-emp-inc,183125,Prof-school,15,Married-civ-spouse,Prof-specialty,Wife,White,Female,0,0,99,United-States,>50K.
42,Local-gov,104334,HS-grad,9,Married-civ-spouse,Farming-fishing,Husband,White,Male,0,0,40,El-Salvador,<=50K
35,Private,224566,Some-college,10,Never-married,Exec-managerial,Not-in-family,White,Male,0,0,60,United-States,<=50K
39,Private,107991,Some-college,10,Married-civ-spouse,Exec-managerial,Husband,White,Male,0,0,45,United-States,>50K.
53,Private,87158,HS-grad,9,Married-civ-spouse,Craft-repair,Husband,Black,Male,0,0,40,United-States,<=50K
26,Private,68991,HS-grad,9,Never-married,Other-service,Unmarried,Black,Male,0,0,40,United-States,<=50K
21,Private,244312,9th,5,Never-married,Craft-repair,Own-child,White,Male,0,0,30,El-Salvador,<=50K
35,Private,417136,HS-grad,9,Divorced,Craft-repair,Unmarried,Black,Male,0,0,40,United-States,<=50K
39,Self-emp-not-inc,139770,Masters,14,Married-civ-spouse,Exec-managerial,Wife,White,Female,0,0,30,United-States,>50K.
29,Private,211208,11th,7,Married-civ-spouse,Transport-moving,Husband,White,Male,0,0,99,United-States,>50K.
41,Private,104196,Some-college,10,Divorced,Transport-moving,Not-in-family,White,Male,0,0,60,United-States,<=50K
25,Private,333677,HS-grad,9,Never-married,Machine-op-inspct,Own-child,White,Male,0,0,36,United-States,<=50K
27,Private,335421,Bachelors,13,Never-married,Prof-specialty,Not-in-family,White,Female,0,0,20,United-States,<=50K
40,Private,174090,Assoc-voc,11,Never-married,Sales,Unmarried,White,Female,4687,0,50,United-States,>50K.
27,Self-emp-not-inc,300777,HS-grad,9,Divorced,Transport-moving,Not-in-family,White,Male,0,0,70,United-States,<=50K
33,Private,54318,HS-grad,9,Married-civ-spouse,Craft-repair,Husband,White,Male,0,0,40,United-States,>50K.
59,Federal-gov,195467,Masters,14,Never-married,Exec-managerial,Not-in-family,White,Male,0,0,40,United-States,<=50K
60,Private,81578,9th,5,Married-civ-spouse,Sales,Husband,White,Male,0,0,40,United-States,<=50K
47,Private,145636,Assoc-voc,11,Married-civ-spouse,Handlers-cleaners,Husband,White,Male,0,0,48,United-States,>50K.
18,Private,132986,12th,8,Never-married,Other-service,Own-child,White,Male,0,0,10,United-States,<=50K
53,Private,161482,Bachelors,13,Divorced,Prof-specialty,Not-in-family,White,Female,0,0,50,United-States,>50K.
45,Private,78507,Assoc-voc,11,Married-civ-spouse,Craft-repair,Husband,White,Male,0,0,40,United-States,>50K.
47,Private,183186,Bachelors,13,Married-civ-spouse,Exec-managerial,Husband,White,Male,0,0,60,United-States,>50K.
36,Private,49626,HS-grad,9,Married-civ-spouse,Exec-managerial,Husband,White,Male,0,0,40,United-States,<=50K
34,Self-emp-not-inc,195891,Bachelors,13,Married-civ-spouse,Sales,Husband,White,Male,0,0,50,,>50K.
27,?,330132,HS-grad,9,Never-married,?,Not-in-family,White,Female,0,0,25,United-States,<=50K
55,Local-gov,227386,Bachelors,13,Married-civ-spouse,Prof-specialty,Husband,White,Male,0,0,40,United-States,>50K.
52,State-gov,349795,Bachelors,13,Married-civ-spouse,Protective-serv,Husband,White,Male,0,0,40,United-States,<=50K
28,Private,106951,HS-grad,9,Never-married,Handlers-cleaners,Not-in-family,White,Male,0,0,42,United-States,<=50K
17,Private,186677,11th,7,Never-married,Handlers-cleaners,Own-child,White,Male,0,0,12,United-States,<=50K
38,Private,127865,Masters,14,Never-married,Adm-clerical,Unmarried,White,Female,0,0,40,United-States,<=50K
36,Private,256636,HS-grad,9,Divorced,Exec-managerial,Not-in-family,White,Male,0,0,40,United-States,<=50K
54,Private,175262,7th-8th,4,Married-civ-spouse,Machine-op-inspct,Husband,White,Male,0,0,40,United-States,<=50K
29,Private,358124,HS-grad,9,Never-married,Other-service,Other-relative,Black,Female,0,0,52,United-States,<=50K
31,Private,33731,HS-grad,9,Married-civ-spouse,Exec-managerial,Husband,White,Male,7688,0,40,United-States,>50K.
62,Federal-gov,223163,Some-college,10,Never-married,Prof-specialty,Not-in-family,White,Male,0,0,40,United-States,>50K.
27,Self-emp-not-inc,70657,Some-college,10,Never-married,Craft-repair,Not-in-family,White,Male,0,0,35,United-States,<=50K
56,Private,442116,Some-college,10,Married-civ-spouse,Exec-managerial,Husband,White,Male,0,0,54,United-States,>50K.
28,Private,190836,HS-grad,9,Married-civ-spouse,Craft-repair,Husband,White,Male,3411,0,40,United-States,<=50K
28,,168524,HS-grad,9,Married-civ-spouse,,Own-child,White,Female,0,0,38,United-States,>50K.
41,Private,200652,9th,5,Divorced,Other-service,Other-relative,White,Female,0,0,35,United-States,<=50K
35,Private,215323,Assoc-voc,11,Divorced,Other-service,Unmarried,White,Female,0,0,35,United-States,<=50K
29,Private,110226,Masters,14,Never-married,Sales,Not-in-family,White,Male,0,0,65,?,<=50K
52,Self-emp-not-inc,284648,HS-grad,9,Divorced,Exec-managerial,Unmarried,White,Female,0,0,99,United-States,>50K.
33,Private,110978,Some-college,10,Divorced,Craft-repair,Other-relative,Other,Female,0,0,40,United-States,<=50K
17,Private,566049,10th,6,Never-married,Other-service,Own-child,White,Male,0,0,8,United-States,<=50K
52,Self-emp-not-inc,27539,Some-college,10,Married-civ-spouse,Farming-fishing,Husband,White,Male,7688,0,72,United-States,>50K.
28,Private,142712,Some-college,10,Married-civ-spouse,Craft-repair,Husband,White,Male,0,0,40,United-States,<=50K
23,Private,53513,Bachelors,13,Never-married,Exec-managerial,Own-child,White,Female,0,0,45,United-States,<=50K
51,Private,114758,11th,7,Married-civ-spouse,Machine-op-inspct,Husband,White,Male,0,0,48,United-States,>50K.
42,Private,187294,Some-college,10,Divorced,Craft-repair,Unmarried,White,Male,0,0,40,United-States,<=50K
17,Private,142964,11th,7,Never-married,Other-service,Own-child,White,Male,0,0,20,United-States,<=50K
35,Private,112158,10th,6,Married-civ-spouse,Craft-repair,Husband,White,Male,0,0,40,United-States,<=50K
58,Private,41374,HS-grad,9,Widowed,Adm-clerical,Unmarried,Amer-Indian-Eskimo,Male,0,0,40,United-States,<=50K
44,Private,112482,Masters,14,Married-civ-spouse,Exec-managerial,Husband,White,Male,0,0,55,United-States,>50K.
26,Private,167106,HS-grad,9,Never-married,Craft-repair,Other-relative,Asian-Pac-Islander,Male,0,0,40,Hong,<=50K
58,Private,223400,Assoc-acdm,12,Married-civ-spouse,Priv-house-serv,Other-relative,White,Female,0,0,35,Poland,<=50K
33,Private,40681,Some-college,10,Never-married,Prof-specialty,Not-in-family,White,Female,3674,0,16,United-States,<=50K
69,Private,71489,Masters,14,Married-civ-spouse,Prof-specialty,Husband,White,Male,0,0,25,United-States,<=50K
62,Private,214288,HS-grad,9,Married-civ-spouse,Machine-op-inspct,Husband,White,Male,0,0,40,United-States,<=50K
41,Federal-gov,58447,Doctorate,16,Married-civ-spouse,Prof-specialty,Husband,White,Male,7688,0,50,United-States,>50K.
28,Private,208725,Prof-school,15,Married-civ-spouse,Prof-specialty,Husband,White,Male,0,0,50,United-States,>50K.
41,Self-emp-not-inc,54611,HS-grad,9,Married-civ-spouse,Transport-moving,Husband,White,Male,7298,0,50,United-States,>50K.
43,Private,222971,5th-6th,3,Never-married,Machine-op-inspct,Unmarried,White,Female,0,0,40,Mexico,<=50K
34,Private,379798,Bachelors,13,Married-civ-spouse,Sales,Husband,White,Male,0,0,60,United-States,>50K.
35,Private,93034,HS-grad,9,Never-married,Machine-op-inspct,Not-in-family,Asian-Pac-Islander,Male,0,0,40,Cambodia,<=50K
48,State-gov,104353,HS-grad,9,Married-civ-spouse,Craft-repair,Wife,Black,Female,0,0,40,United-States,>50K.
45,Private,37718,Bachelors,13,Married-civ-spouse,Prof-specialty,Husband,White,Male,0,0,40,United-States,>50K.
53,Private,249347,Assoc-voc,11,Divorced,Craft-repair,Not-in-family,White,Male,0,0,40,Cuba,>50K.
36,Private,325374,Some-college,10,Married-civ-spouse,Craft-repair,Husband,White,Male,0,0,40,United-States,<=50K
30,Private,298871,Masters,14,Married-civ-spouse,Prof-specialty,Husband,Asian-Pac-Islander,Male,0,1887,45,Iran,>50K.
39,Private,122493,HS-grad,9,Married-civ-spouse,Craft-repair,Husband,White,Male,7298,0,40,United-States,>50K.
24,Private,236427,Some-college,10,Married-civ-spouse,Adm-clerical,Husband,White,Male,0,0,40,United-States,>50K.
53,Private,150980,Some-college,10,Married-civ-spouse,Machine-op-inspct,Husband,White,Male,3137,0,40,United-States,<=50K
42,State-gov,138162,Some-college,10,Divorced,Adm-clerical,Own-child,White,Male,0,0,40,United-States,<=50K
41,Private,341204,Bachelors,13,Married-civ-spouse,Adm-clerical,Wife,White,Female,0,0,40,United-States,>50K.
25,Private,209227,Bachelors,13,Never-married,Prof-specialty,Own-child,White,Female,0,0,21,United-States,<=50K
30,Private,130021,7th-8th,4,Married-civ-spouse,Craft-repair,Husband,White,Male,2829,0,40,United-States,<=50K
36,Private,128876,10th,6,Married-civ-spouse,Craft-repair,Husband,White,Male,0,0,40,United-States,<=50K
23,Private,195411,HS-grad,9,Never-married,Adm-clerical,Unmarried,Black,Female,0,0,40,United-States,<=50K
23,Private,203003,7th-8th,4,Never-married,Craft-repair,Not-in-family,White,Male,0,0,25,Germany,<=50K
41,Self-emp-not-inc,138077,Masters,14,Married-civ-spouse,Exec-managerial,Wife,White,Female,0,0,10,United-States,>50K.
53,Self-emp-inc,197189,HS-grad,9,Married-civ-spouse,Sales,Husband,White,Male,0,0,72,United-States,>50K.
34,Private,27565,Assoc-voc,11,Married-civ-spouse,Craft-repair,Wife,Amer-Indian-Eskimo,Female,0,0,27,United-States,>50K.
23,State-gov,89285,Some-college,10,Never-married,Protective-serv,Not-in-family,Other,Female,99999,0,40,United-States,>50K.
20,Private,323009,HS-grad,9,Never-married,Adm-clerical,Unmarried,White,Female,0,0,40,Germany,<=50K
37,Private,342642,Some-college,10,Married-civ-spouse,Craft-repair,Husband,White,Male,0,0,40,United-States,>50K.
31,Local-gov,201697,Bachelors,13,Married-civ-spouse,Prof-specialty,Wife,White,Female,0,0,40,United-States,>50K.
62,Private,138253,Masters,14,Never-married,Handlers-cleaners,Not-in-family,White,Male,4650,0,40,United-States,<=50K
58,?,150031,Some-college,10,Never-married,?,Not-in-family,White,Female,0,0,40,United-States,<=50K
39,Self-emp-inc,31709,Some-college,10,Married-civ-spouse,Adm-clerical,Wife,White,Female,0,0,20,United-States,>50K.
51,Private,63081,Assoc-acdm,12,Married-civ-spouse,Prof-specialty,Wife,White,Female,0,0,40,United-States,>50K.
35,Private,354520,Bachelors,13,Never-married,Exec-managerial,Not-in-family,White,Female,0,0,50,United-States,>50K.
51,Private,99064,Assoc-voc,11,Married-civ-spouse,Craft-repair,Husband,White,Male,5013,0,40,United-States,<=50K
36,Private,224531,HS-grad,9,Married-civ-spouse,Craft-repair,Husband,White,Male,0,0,40,Poland,>50K.
29,Private,142712,Bachelors,13,Married-civ-spouse,Exec-managerial,Husband,White,Male,0,0,40,United-States,>50K.
